[
  {
    "Index": "1038112",
    "RawText": "올해는 유난히도 장마가 기네요. 해를 볼 수가 없어서인지 마음이 지치고 마음이 지치니 몸도 따라 지치고...거기에다 이곳저곳 과하게 습함은 인내심을 시험하기도 합니다. 오늘은 여름철의 필수품 제습제...포스팅해볼께요.  더 저렴한 제품도 많지만 OOO 제품이 좋아서 종종 구매하곤 합니다. 디자인도 깔끔해서 어디 두어도 거슬리지 않고 습기제거에도 제 기능은 하구요. 습해진 여름철엔 필수 상품이죠. 저렴하면서도 24개나 되니 그냥 여기 저기 놔두어도 개수가 남네요. 좋은 가격에 잘 구매한듯합니다.   무더운 여름 지치지 말고... 모두들 건강한 여름 보내세요~",
    "Source": "SNS",
    "Domain": "생활",
    "MainCategory": "세제/세정/탈취제",
    "ProductName": "OO 제습제 520ml 24개",
    "Syllable": "314",
    "Word": "70",
    "GeneralPolarity": "1",
    "Aspects": [
      {
        "Aspect": "디자인",
        "SentimentText": "디자인도 깔끔해서 어디 두어도 거슬리지 않고",
        "SentimentWord": "6",
        "SentimentPolarity": "1"
      },
      {
        "Aspect": "탈취/제습력",
        "SentimentText": "습기제거에도 제 기능은 하구요",
        "SentimentWord": "4",
        "SentimentPolarity": "1"
      },
      {
        "Aspect": "가격",
        "SentimentText": "저렴하면서도",
        "SentimentWord": "1",
        "SentimentPolarity": "1"
      },
      {
        "Aspect": "제품구성",
        "SentimentText": "24개나 되니",
        "SentimentWord": "2",
        "SentimentPolarity": "1"
      },
      {
        "Aspect": "용량/사이즈",
        "SentimentText": "그냥 여기 저기 놔두어도 개수가 남네요",
        "SentimentWord": "6",
        "SentimentPolarity": "1"
      },
      {
        "Aspect": "가격",
        "SentimentText": "좋은 가격에 잘 구매한듯합니다",
        "SentimentWord": "4",
        "SentimentPolarity": "1"
      },
      {
        "Aspect": "편의성/사용성/활용도",
        "SentimentText": "습해진 여름철엔 필수 상품이죠",
        "SentimentWord": "4",
        "SentimentPolarity": "1"
      }
    ]
  },
  {
    "Index": "1038113",
    "RawText": "안녕하세요~ 이웃님들..오늘은 제가 요즈음 애용하고 있는 캡슐형 세탁세제 소개드립니다.  역시 OOO군요. 세제를 테스트했는데 이 제품이 1등으로 나왔다고해서 계속 사용하고 있습니다. 중간에 시트 세제는 어떨까 싶어서 바꿔서 사용하다가 후회했지요. 세정력도 떨어지고 가득 채우면 서너장은 넣어야 하고 거품도 안나고...그래서 다시 되돌아왔어요. 이 제품은 세탁기 가득 채워도 캡슐 2개만 넣으면 됩니다. 세척력도 아주 좋습니다. 양도 많고 향기도 진해서 따로 섬유유연제를 사용하지 않아도 향기가 오래 남을 것 같습니다.   이웃님들도 가루세제, 액체세제 사용에 지치셨다면 한번쯤 바꿔보세요. 기분전환이 되어 세탁하는 즐거움이 생길지도~~~  ",
    "Source": "SNS",
    "Domain": "생활",
    "MainCategory": "세제/세정/탈취제",
    "ProductName": "OO 코** 세탁세제 152개입 3.6kg 1개",
    "Syllable": "359",
    "Word": "76",
    "GeneralPolarity": "1",
    "Aspects": [
      {
        "Aspect": "농축도/수용성",
        "SentimentText": "세탁기 가득 채워도 캡슐 2개만 넣으면 됩니다",
        "SentimentWord": "7",
        "SentimentPolarity": "1"
      },
      {
        "Aspect": "세척/세정력",
        "SentimentText": "세척력도 아주 좋습니다",
        "SentimentWord": "3",
        "SentimentPolarity": "1"
      },
      {
        "Aspect": "용량/사이즈",
        "SentimentText": "양도 많고",
        "SentimentWord": "2",
        "SentimentPolarity": "1"
      },
      {
        "Aspect": "향/냄새",
        "SentimentText": "향기도 진해서",
        "SentimentWord": "2",
        "SentimentPolarity": "1"
      },
      {
        "Aspect": "효과/성능/기능",
        "SentimentText": "따로 섬유유연제를 사용하지 않아도",
        "SentimentWord": "4",
        "SentimentPolarity": "1"
      },
      {
        "Aspect": "지속력",
        "SentimentText": "향기가 오래 남을 것 같습니다",
        "SentimentWord": "5",
        "SentimentPolarity": "1"
      }
    ]
  },
  {
    "Index": "1038114",
    "RawText": "세탁세제 중에 세정력이 강력하다는 기사를 읽고 마침 쓰고 있던 액체세제도 떨어져가길래 바꿔보았어요. 오늘의 포스팅은 캡슐형 세탁세제 후기입니다.  캡슐세제는 처음 써봅니다만, 정말 액체형처럼 일일이 따라서 넣을 필요가 없어서 편리하더라구요. 양이 많아서 통을 들고 캡슐 꺼내기가 무겁고 버거워서 다른 용기에 덜어서 사용하고 있습니다. 캡슐이라 보관하기 좋고 사용하기도 엄청 편합니다. 향기는 진하다 싶지만 진한 향을 좋아해서 전 괜찮네요. 그리고 젖은 손으로 캡슐을 만지면 터지니 조심해야 합니다.   어떠신가요? 캡슐형 세탁세제 살짝 매력적이지 않나요? 제 포스팅이 도움이 되었길 바래요.",
    "Source": "SNS",
    "Domain": "생활",
    "MainCategory": "세제/세정/탈취제",
    "ProductName": "OO 코** 세탁세제 152개입 3.6kg 1개",
    "Syllable": "330",
    "Word": "74",
    "GeneralPolarity": "1",
    "Aspects": [
      {
        "Aspect": "편의성/사용성/활용도",
        "SentimentText": "정말 액체형처럼 일일이 따라서 넣을 필요가 없어서 편리하더라구요",
        "SentimentWord": "8",
        "SentimentPolarity": "1"
      },
      {
        "Aspect": "용량/사이즈",
        "SentimentText": "양이 많아서 ",
        "SentimentWord": "2",
        "SentimentPolarity": "1"
      },
      {
        "Aspect": "무게",
        "SentimentText": "통을 들고 캡슐 꺼내기가 무겁고 버거워서",
        "SentimentWord": "6",
        "SentimentPolarity": "-1"
      },
      {
        "Aspect": "편의성/사용성/활용도",
        "SentimentText": "다른 용기에 덜어서 사용하고 있습니다",
        "SentimentWord": "5",
        "SentimentPolarity": "1"
      },
      {
        "Aspect": "제형",
        "SentimentText": "캡슐이라 보관하기 좋고",
        "SentimentWord": "3",
        "SentimentPolarity": "1"
      },
      {
        "Aspect": "편의성/사용성/활용도",
        "SentimentText": "사용하기도 엄청 편합니다",
        "SentimentWord": "3",
        "SentimentPolarity": "1"
      },
      {
        "Aspect": "향/냄새",
        "SentimentText": "향기는 진하다 싶지만 진한 향을 좋아해서 전 괜찮네요",
        "SentimentWord": "8",
        "SentimentPolarity": "1"
      },
      {
        "Aspect": "편의성/사용성/활용도",
        "SentimentText": "젖은 손으로 캡슐을 만지면 터지니 조심해야 합니다",
        "SentimentWord": "7",
        "SentimentPolarity": "-1"
      }
    ]
  },
  {
    "Index": "1038115",
    "RawText": "해마다 습기제거제를 사서 다 사용한 후 통을 버리니까 아깝기도 하고 돈도 제법 들어가서 이번에는 인터넷으로 염화칼슘을 구입해봤어요.  통을 계속 재활용 할 수 있고 돈도 절약하니 좋습니다. 6kg으로 25개를 만들수있는 양인데 옷장, 신발장, 화장실에 두면 좋은데 장마철 습기 걱정을 덜었네요. 제습기를 돌려도 염화칼슘 통에 물이 차오르는데 염화칼슘 리필용을 저렴하게 구매해서 여러곳에 놓아두니 집안이 쾌적해진 기분도 드네요. 특히 옷장엔 넉넉하게 넣어두면 제습이 잘돼 항상 뽀송뽀송한 옷을 입게 되어 기분이 좋아져요. 염화칼슘 만드는게 조금 번거롭긴하지만 경제적이고 실용적이기도해서 좋습니다.   직접 제습제 만들어 쓰는거 생각보다 괜찮을수도 있어요. 제 리뷰가 도움이 되었으면 합니다.",
    "Source": "SNS",
    "Domain": "생활",
    "MainCategory": "세제/세정/탈취제",
    "ProductName": "OO 엘** 제습제용 염화칼슘 3kg x 2개 + 부직포 8장 1세트",
    "Syllable": "385",
    "Word": "87",
    "GeneralPolarity": "1",
    "Aspects": [
      {
        "Aspect": "용량/사이즈",
        "SentimentText": " 6kg으로 25개를 만들수있는 양인데",
        "SentimentWord": "4",
        "SentimentPolarity": "1"
      },
      {
        "Aspect": "편의성/사용성/활용도",
        "SentimentText": "옷장, 신발장, 화장실에 두면 좋은데",
        "SentimentWord": "5",
        "SentimentPolarity": "1"
      },
      {
        "Aspect": "탈취/제습력",
        "SentimentText": "장마철 습기 걱정을 덜었네요",
        "SentimentWord": "4",
        "SentimentPolarity": "1"
      },
      {
        "Aspect": "가격",
        "SentimentText": "염화칼슘 리필용을 저렴하게 구매해서 ",
        "SentimentWord": "4",
        "SentimentPolarity": "1"
      },
      {
        "Aspect": "편의성/사용성/활용도",
        "SentimentText": "여러곳에 놓아두니 집안이 쾌적해진 기분도 드네요",
        "SentimentWord": "6",
        "SentimentPolarity": "1"
      },
      {
        "Aspect": "탈취/제습력",
        "SentimentText": "제습이 잘돼 항상 뽀송뽀송한 옷을 입게 되어 기분이 좋아져요",
        "SentimentWord": "9",
        "SentimentPolarity": "1"
      },
      {
        "Aspect": "편의성/사용성/활용도",
        "SentimentText": "염화칼슘 만드는게 조금 번거롭긴하지만 ",
        "SentimentWord": "4",
        "SentimentPolarity": "-1"
      },
      {
        "Aspect": "편의성/사용성/활용도",
        "SentimentText": "실용적이기도해서 좋습니다",
        "SentimentWord": "2",
        "SentimentPolarity": "1"
      }
    ]
  },
  {
    "Index": "1038116",
    "RawText": "무언가를 직접 만들어 쓴다는 건 경제적 이익을 떠나 무언가 나름대로의 소소한 기쁨을 느끼기 때문일 수도 있지요. 그 사소한 일을 제가 하고 있습니다. 바로 제습제를 만들어 사용하고 있어요.  집이 눅눅하고 습기가 차는게 싫어서 제습기를 자주 틀어놓고 생활하는 편인데 그래도 벽지사이 습기와 곰팡이는 어쩔수가 없더라구요. 그러다 몇 년 전부터는 리필용 염화칼슘인 이 제품을 사용하고 있어요. 조금 번거롭기는 하지만 열심히 만들어 활용하고 있어요. 제습력도 좋고 실용적이어서 더욱 좋습니다. 올 여름 제습도 저렴하고 친환경적으로 해결할 수 있겠네요.  이웃님들도 할 수 있어요. 약간의 시간과 번거로움을 투자하여 올해 여름 제습은 친환경적으로~~~",
    "Source": "SNS",
    "Domain": "생활",
    "MainCategory": "세제/세정/탈취제",
    "ProductName": "OO 엘** 제습제용 염화칼슘 3kg x 2개 + 부직포 8장 1세트",
    "Syllable": "360",
    "Word": "85",
    "GeneralPolarity": "1",
    "Aspects": [
      {
        "Aspect": "편의성/사용성/활용도",
        "SentimentText": "조금 번거롭기는 하지만 열심히 만들어 활용하고 있어요",
        "SentimentWord": "7",
        "SentimentPolarity": "1"
      },
      {
        "Aspect": "탈취/제습력",
        "SentimentText": "제습력도 좋고",
        "SentimentWord": "2",
        "SentimentPolarity": "1"
      },
      {
        "Aspect": "편의성/사용성/활용도",
        "SentimentText": "실용적이어서 더욱 좋습니다",
        "SentimentWord": "3",
        "SentimentPolarity": "1"
      },
      {
        "Aspect": "가격",
        "SentimentText": "올 여름 제습도 저렴하고",
        "SentimentWord": "4",
        "SentimentPolarity": "1"
      }
    ]
  },
  {
    "Index": "1038117",
    "RawText": "여름 장마철만 되면 제습 때문에 고민이 많은건 누구나 겪는 일이지요. 올해에도 변함없이 OOO를 들였습니다.  제습제로 OOO는 굳이 그 효과를 이야기 할 필요는 없겠지요. 매년 장마철에만 필요한지라 가격은 저렴한데 개수가 저에겐 필요 이상으로 많은거 같아요. 올해엔 딱 필요한 만큼만 구매하려 했는데 뭐 할수 없죠. 자주 자주 갈아 주면 되겠네요. 이 제품은 정말 습기를 잘 먹는거 같아요. 옷장에 넣어두고 잘 사용하고 있습니다. 뽀송한 여름을 보낼수 있기를 기대해봅니다.  오늘 포스팅은 여기까지입니다. 여러분 모두 좋은 주말 보내세요~",
    "Source": "SNS",
    "Domain": "생활",
    "MainCategory": "세제/세정/탈취제",
    "ProductName": "OO 옥** 옷장용 제습제300g 16개 ",
    "Syllable": "302",
    "Word": "73",
    "GeneralPolarity": "1",
    "Aspects": [
      {
        "Aspect": "가격",
        "SentimentText": "가격은 저렴한데",
        "SentimentWord": "2",
        "SentimentPolarity": "1"
      },
      {
        "Aspect": "제품구성",
        "SentimentText": "개수가 저에겐 필요 이상으로 많은거 같아요",
        "SentimentWord": "6",
        "SentimentPolarity": "-1"
      },
      {
        "Aspect": "탈취/제습력",
        "SentimentText": "이 제품은 정말 습기를 잘 먹는거 같아요",
        "SentimentWord": "7",
        "SentimentPolarity": "1"
      },
      {
        "Aspect": "편의성/사용성/활용도",
        "SentimentText": "옷장에 넣어두고 잘 사용하고 있습니다",
        "SentimentWord": "5",
        "SentimentPolarity": "1"
      }
    ]
  },
  {
    "Index": "1038118",
    "RawText": "오늘의 포스팅은 이웃님들도 잘 알고 있는 OOO입니다.  제습제의 종류가 많지만, 뭐니 뭐니 해도 OOO가 최고죠. 다른 저렴하고 양 많은 제습제 중에 불량이나 제습이 안되는 것들도 많아서 고민하다 안전성있게 이 제품으로 구매했습니다. 워낙 유명한 제품이기도하지만 불량없는 상품이기도 해서요. 역시 제습력은 말할 필요도 없이 좋구요. 넉넉해서 오래 사용할 수 있을 것 같습니다. 옷장 뿐만아니라 장롱안, 신발장 등에 놓아두면 좋고 습기제거엔 역시 최고 좋을듯해요.  익히 잘 알고 있는 제품의 리뷰라 조금 민망한 감도 있지만 그래도 혹시 모르시는 분들에겐 도움이 되면 좋겠습니다.",
    "Source": "SNS",
    "Domain": "생활",
    "MainCategory": "세제/세정/탈취제",
    "ProductName": "OO 옥** 옷장용 제습제300g 16개 ",
    "Syllable": "324",
    "Word": "78",
    "GeneralPolarity": "1",
    "Aspects": [
      {
        "Aspect": "품질",
        "SentimentText": "  워낙 유명한 제품이기도하지만 불량없는 상품이기도 해서요",
        "SentimentWord": "6",
        "SentimentPolarity": "1"
      },
      {
        "Aspect": "탈취/제습력",
        "SentimentText": "제습력은 말할 필요도 없이 좋구요",
        "SentimentWord": "5",
        "SentimentPolarity": "1"
      },
      {
        "Aspect": "용량/사이즈",
        "SentimentText": "넉넉해서 오래 사용할 수 있을 것 같습니다",
        "SentimentWord": "7",
        "SentimentPolarity": "1"
      },
      {
        "Aspect": "편의성/사용성/활용도",
        "SentimentText": "옷장 뿐만아니라 장롱안, 신발장 등에 놓아두면 좋고",
        "SentimentWord": "7",
        "SentimentPolarity": "1"
      },
      {
        "Aspect": "탈취/제습력",
        "SentimentText": " 습기제거엔 역시 최고 좋을듯해요.",
        "SentimentWord": "4",
        "SentimentPolarity": "1"
      }
    ]
  },
  {
    "Index": "1038119",
    "RawText": "언젠가부터 파란색 물이 나오지 않는 변기는 뭔가 뒤처리가 말끔하지 않은 듯 아쉬운 느낌이 있곤 하는데 이웃님들은 어떠신가요? 오늘 포스팅은 OOO 변기전용 클리너입니다.  상품의 모양이 귀여워요. 처음에는 상품의 머리쪽으로 뽀글뽀글 공기가 엄청 올라오더라구요. 설명서대로 공기가 모두 빠지길 기다려 편하게 바닥에 잘 안착 시켰어요. 향은 느끼지 못하겠고 확실히 물때가 덜 끼는 것 같긴해요. 어찌하여간 OOO 하나로 변기청소 걱정은 안하려고 합니다. 변기 세정액보다 사용하기 편리하고 넉넉한 12개라 꽤 오랜 기간 사용할 수 있을듯합니다.   구매를 고려하실 때 참고하시면 좋을듯합니다.",
    "Source": "SNS",
    "Domain": "생활",
    "MainCategory": "세제/세정/탈취제",
    "ProductName": "OO 자** 변기전용 클리너 120g 12개",
    "Syllable": "328",
    "Word": "75",
    "GeneralPolarity": "1",
    "Aspects": [
      {
        "Aspect": "디자인",
        "SentimentText": "상품의 모양이 귀여워요",
        "SentimentWord": "3",
        "SentimentPolarity": "1"
      },
      {
        "Aspect": "편의성/사용성/활용도",
        "SentimentText": "설명서대로 공기가 모두 빠지길 기다려 편하게 바닥에 잘 안착 시켰어요",
        "SentimentWord": "10",
        "SentimentPolarity": "1"
      },
      {
        "Aspect": "향/냄새",
        "SentimentText": "향은 느끼지 못하겠고 ",
        "SentimentWord": "3",
        "SentimentPolarity": "-1"
      },
      {
        "Aspect": "세척/세정력",
        "SentimentText": "확실히 물때가 덜 끼는 것 같긴해요",
        "SentimentWord": "6",
        "SentimentPolarity": "1"
      },
      {
        "Aspect": "편의성/사용성/활용도",
        "SentimentText": "변기 세정액보다 사용하기 편리하고 ",
        "SentimentWord": "4",
        "SentimentPolarity": "1"
      },
      {
        "Aspect": "용량/사이즈",
        "SentimentText": "넉넉한 12개라 꽤 오랜 기간 사용할 수 있을듯합니다",
        "SentimentWord": "8",
        "SentimentPolarity": "1"
      }
    ]
  },
  {
    "Index": "1038120",
    "RawText": "기존에 사용하던 제품이 있음에도 호기심에 구매한 변기전용 클리너 사용 후기입니다.   지인이 추천하길래 구매해봤습니다. 처음엔 좀 진하다 싶었는데 변기 물 양 조절 후엔 적절하게 색상이 나오더라구요. 아직 사용 초기라 눈에 띄는 효과는 모르겠으나 세정력이 좋았으면 합니다. 안할 땐 몰랐는데 사용해보니 앞으로도 계속 변기 세정제 쓸 거 같네요. 물론 사용 횟수에 따라 다르겠지만 1개가 한달 정도의 용량이라고 하니 1년정도는 변기 청소 잊고 지내도 되지 않을까 싶네요.^^  오늘 포스팅은 여기까지 하겠습니다. 좋은 주말 보내세요~~~  ",
    "Source": "SNS",
    "Domain": "생활",
    "MainCategory": "세제/세정/탈취제",
    "ProductName": "OO 자** 변기전용 클리너 120g 12개",
    "Syllable": "301",
    "Word": "71",
    "GeneralPolarity": "1",
    "Aspects": [
      {
        "Aspect": "색상",
        "SentimentText": "처음엔 좀 진하다 싶었는데 변기 물 양 조절 후엔 적절하게 색상이 나오더라구요",
        "SentimentWord": "12",
        "SentimentPolarity": "1"
      },
      {
        "Aspect": "세척/세정력",
        "SentimentText": "아직 사용 초기라 눈에 띄는 효과는 모르겠으나 세정력이 좋았으면 합니다",
        "SentimentWord": "10",
        "SentimentPolarity": "0"
      },
      {
        "Aspect": "용량/사이즈",
        "SentimentText": "1개가 한달 정도의 용량이라고 하니 1년정도는 변기 청소 잊고 지내도 되지 않을까 싶네요.^^",
        "SentimentWord": "13",
        "SentimentPolarity": "1"
      }
    ]
  },
  {
    "Index": "1038121",
    "RawText": "안녕하세요? 빨래가 많은 계절 여름입니다. 빨래의 완성은 뭐니뭐니해도 마지막에 넣는 섬유유연제의 향이죠. 오늘은 향이 좋은 섬유유연제를 소개해볼께요.  스모키향은 은은한 우아한 향과 약간 섹시한 향이 잔향으로 남는 것 같아 좋아요. 잔향이 오래가고 향이 은은해서 좋아요. 넘 진하지도 연하지도 않은 향...좋네요. 그런데 받고 보니 용량이 정말 크긴 큽니다. 너무 무거워서 혼자서는 들지도 못하겠고...작은통에 덜어두고 사용하고 있어요. 한동안 유연제 걱정은 없을 듯 합니다.   이웃님들에게 좋은 정보되었으면 싶네요.",
    "Source": "SNS",
    "Domain": "생활",
    "MainCategory": "세제/세정/탈취제",
    "ProductName": "OO 초고농축 스** 섬유유연제 8L 1개",
    "Syllable": "290",
    "Word": "64",
    "GeneralPolarity": "1",
    "Aspects": [
      {
        "Aspect": "향/냄새",
        "SentimentText": " 향이 좋은 섬유유연제를 소개해볼께요",
        "SentimentWord": "4",
        "SentimentPolarity": "1"
      },
      {
        "Aspect": "향/냄새",
        "SentimentText": "스모키향은 은은한 우아한 향과 약간 섹시한 향이 잔향으로 남는 것 같아 좋아요",
        "SentimentWord": "12",
        "SentimentPolarity": "1"
      },
      {
        "Aspect": "지속력",
        "SentimentText": "잔향이 오래가고",
        "SentimentWord": "2",
        "SentimentPolarity": "1"
      },
      {
        "Aspect": "향/냄새",
        "SentimentText": "향이 은은해서 좋아요",
        "SentimentWord": "3",
        "SentimentPolarity": "1"
      },
      {
        "Aspect": "향/냄새",
        "SentimentText": "넘 진하지도 연하지도 않은 향...좋네요",
        "SentimentWord": "5",
        "SentimentPolarity": "1"
      },
      {
        "Aspect": "용량/사이즈",
        "SentimentText": "용량이 정말 크긴 큽니다",
        "SentimentWord": "4",
        "SentimentPolarity": "1"
      },
      {
        "Aspect": "무게",
        "SentimentText": "너무 무거워서 혼자서는 들지도 못하겠고...",
        "SentimentWord": "5",
        "SentimentPolarity": "-1"
      },
      {
        "Aspect": "편의성/사용성/활용도",
        "SentimentText": "작은통에 덜어두고 사용하고 있어요",
        "SentimentWord": "4",
        "SentimentPolarity": "1"
      },
      {
        "Aspect": "용량/사이즈",
        "SentimentText": "한동안 유연제 걱정은 없을 듯 합니다",
        "SentimentWord": "6",
        "SentimentPolarity": "1"
      }
    ]
  },
  {
    "Index": "1038122",
    "RawText": "주방세제는 딱히 정해놓은 브랜드없이 사용하고 있는터라 이번에 욕심내봤습니다.   항상 묽기가 진해서 좋고 또 뽀드득 잘 닦여 칭찬하고 픈 세제입니다. 용기도 손잡이가 있어 쉽게 옮겨 잡도록 되어 있어서 좋습니다. 기름 때도 잘 지워져서 좋아요. 사실 이렇게 큰 대용량은 처음인데 가격도 저렴해서 만족합니다. 거품도 잘 나고 세척도 잘 됩니다. 기름 묻은 옷 세탁할 때도 사용하고 있습니다.   이웃님들도 너무 어려워말고 대용량에 한번 도전해보세요~",
    "Source": "SNS",
    "Domain": "생활",
    "MainCategory": "세제/세정/탈취제",
    "ProductName": "OO 트** 주방세제 13.6L 1개",
    "Syllable": "250",
    "Word": "60",
    "GeneralPolarity": "1",
    "Aspects": [
      {
        "Aspect": "농축도/수용성",
        "SentimentText": "항상 묽기가 진해서 좋고",
        "SentimentWord": "4",
        "SentimentPolarity": "1"
      },
      {
        "Aspect": "세척/세정력",
        "SentimentText": "뽀드득 잘 닦여 칭찬하고 픈 세제입니다",
        "SentimentWord": "6",
        "SentimentPolarity": "1"
      },
      {
        "Aspect": "용기",
        "SentimentText": "용기도 손잡이가 있어 쉽게 옮겨 잡도록 되어 있어서 좋습니다",
        "SentimentWord": "9",
        "SentimentPolarity": "1"
      },
      {
        "Aspect": "세척/세정력",
        "SentimentText": "기름 때도 잘 지워져서 좋아요",
        "SentimentWord": "5",
        "SentimentPolarity": "1"
      },
      {
        "Aspect": "용량/사이즈",
        "SentimentText": "이렇게 큰 대용량은 처음인데",
        "SentimentWord": "4",
        "SentimentPolarity": "1"
      },
      {
        "Aspect": "가격",
        "SentimentText": "가격도 저렴해서 만족합니다",
        "SentimentWord": "3",
        "SentimentPolarity": "1"
      },
      {
        "Aspect": "세척/세정력",
        "SentimentText": "거품도 잘 나고 세척도 잘 됩니다",
        "SentimentWord": "6",
        "SentimentPolarity": "1"
      },
      {
        "Aspect": "편의성/사용성/활용도",
        "SentimentText": "기름 묻은 옷 세탁할 때도 사용하고 있습니다",
        "SentimentWord": "7",
        "SentimentPolarity": "1"
      }
    ]
  },
  {
    "Index": "1038123",
    "RawText": "안녕하세요~ 오늘 포스팅은 오래전부터 알고 있던 그 이름 OOO 입니다.   13리터라 너무 대용량을 주문한 게 아닌가 싶지만 용량 대비 저렴하고 품질도 좋아서 무거워 힘들어도 이렇게 사용해오고 있습니다. 대용량을 덜어서 사용하는게 시간 소비가 있긴 하지만 양많아 전체적으로 오래 쓸 수 있고 좋습니다. 기름때도 잘 지워지고 세정력도 좋아요. 양이 많아 한동안은 주방 세제 걱정은 덜 수 있을꺼 같아요.  혹시 구매를 고려하고 계시다면 참고가 되었으면 좋겠습니다.",
    "Source": "SNS",
    "Domain": "생활",
    "MainCategory": "세제/세정/탈취제",
    "ProductName": "OO 트** 주방세제 13.6L 1개",
    "Syllable": "259",
    "Word": "63",
    "GeneralPolarity": "1",
    "Aspects": [
      {
        "Aspect": "가격",
        "SentimentText": "용량 대비 저렴하고 ",
        "SentimentWord": "3",
        "SentimentPolarity": "1"
      },
      {
        "Aspect": "품질",
        "SentimentText": "품질도 좋아서",
        "SentimentWord": "2",
        "SentimentPolarity": "1"
      },
      {
        "Aspect": "무게",
        "SentimentText": "무거워 힘들어도 이렇게 사용해오고 있습니다",
        "SentimentWord": "5",
        "SentimentPolarity": "-1"
      },
      {
        "Aspect": "용량/사이즈",
        "SentimentText": "대용량을 ",
        "SentimentWord": "1",
        "SentimentPolarity": "1"
      },
      {
        "Aspect": "용량/사이즈",
        "SentimentText": " 양많아 전체적으로 오래 쓸 수 있고 좋습니다",
        "SentimentWord": "7",
        "SentimentPolarity": "1"
      },
      {
        "Aspect": "세척/세정력",
        "SentimentText": "기름때도 잘 지워지고 세정력도 좋아요",
        "SentimentWord": "5",
        "SentimentPolarity": "1"
      },
      {
        "Aspect": "용량/사이즈",
        "SentimentText": "양이 많아 한동안은 주방 세제 걱정은 덜 수 있을꺼 같아요",
        "SentimentWord": "10",
        "SentimentPolarity": "1"
      },
      {
        "Aspect": "용량/사이즈",
        "SentimentText": "13리터라 너무 대용량을 주문한 게 아닌가 싶지만",
        "SentimentWord": "7",
        "SentimentPolarity": "1"
      },
      {
        "Aspect": "편의성/사용성/활용도",
        "SentimentText": "덜어서 사용하는게 시간 소비가 있긴 하지만",
        "SentimentWord": "6",
        "SentimentPolarity": "-1"
      }
    ]
  },
  {
    "Index": "1038124",
    "RawText": "안녕하세요~  조금만 청소를 게을리한다 싶으면 어김없이 생겨나는 곰팡이... 신경쓰이지죠? 오늘은 곰팡이 제거제 사용 후기 올려볼께요.  액체가 나오는 입구가 좁아서 타일 틈이 넓은 부분은 발랐던 부분만 깨끗해졌네요. 효과가 정말 좋아요. 엄청 심하게 곰팡이 핀 부분이 있었는데 발라두고 헹굴 때 솔로 같이 문지르니까 정말 깨끗해지더라구요. 아쉬운건 용량이 조금 많았으면 좋겠다 싶어요. 용량대비 가격이 비싼편이라...냄새가 아예 나지 않는건 아니에요. 냄새가 나는건 어쩔수 없는거니까 사용하고 환기를 잘 시키면 될 듯 합니다.  이웃님들도 참고하시어 지긋지긋한 곰팡이를 한방에 훅~ 제거해 보셨으면 해요",
    "Source": "SNS",
    "Domain": "생활",
    "MainCategory": "세제/세정/탈취제",
    "ProductName": "OO 바** 곰팡이 제거제 120ml 1개",
    "Syllable": "338",
    "Word": "76",
    "GeneralPolarity": "0",
    "Aspects": [
      {
        "Aspect": "용량/사이즈",
        "SentimentText": "액체가 나오는 입구가 좁아서 ",
        "SentimentWord": "4",
        "SentimentPolarity": "-1"
      },
      {
        "Aspect": "세척/세정력",
        "SentimentText": "타일 틈이 넓은 부분은 발랐던 부분만 깨끗해졌네요",
        "SentimentWord": "7",
        "SentimentPolarity": "1"
      },
      {
        "Aspect": "효과/성능/기능",
        "SentimentText": "효과가 정말 좋아요",
        "SentimentWord": "3",
        "SentimentPolarity": "1"
      },
      {
        "Aspect": "세척/세정력",
        "SentimentText": "엄청 심하게 곰팡이 핀 부분이 있었는데 발라두고 헹굴 때 솔로 같이 문지르니까 정말 깨끗해지더라구요",
        "SentimentWord": "14",
        "SentimentPolarity": "1"
      },
      {
        "Aspect": "용량/사이즈",
        "SentimentText": "용량이 조금 많았으면 좋겠다 싶어요",
        "SentimentWord": "5",
        "SentimentPolarity": "-1"
      },
      {
        "Aspect": "가격",
        "SentimentText": "용량대비 가격이 비싼편이라..",
        "SentimentWord": "3",
        "SentimentPolarity": "-1"
      },
      {
        "Aspect": "향/냄새",
        "SentimentText": "냄새가 아예 나지 않는건 아니에요",
        "SentimentWord": "5",
        "SentimentPolarity": "-1"
      },
      {
        "Aspect": "향/냄새",
        "SentimentText": "냄새가 나는건 어쩔수 없는거니까 사용하고 환기를 잘 시키면 될 듯 합니다",
        "SentimentWord": "11",
        "SentimentPolarity": "0"
      }
    ]
  },
  {
    "Index": "1038125",
    "RawText": "집안 곳곳에 숨어 있는 곰팡이..오늘은 그 곰팡이 제거와 관련된 포스팅입니다.  볼 때마다 심란하게 하던 욕실 얼룩얼룩 곰팡이 핀 실리콘들... 물기 제거하고 이 제품 듬뿍 발라둔 뒤 한나절 있다 샤워기로 씻어내렸는데 곰팡이가 다 없어졌어요, 발라 놓은 부분은 거품이 나는것도 아니고 짜둔 상태 그래로인데 감쪽같이 깨끗해졌네요. 효과가 정말 좋아요. 확연히 없어진 곰팡이를 보니까 속이 다 시원합니다. 가격은 좀 비싸지만 비싼만큼 효과도 좋으니까 퉁~~~쳐도 될듯요^^  이 제품으로 곰팡이와의 신경전을 끝낼수도 있을듯해서... 도움되는 정보였으면 좋겠네요.",
    "Source": "SNS",
    "Domain": "생활",
    "MainCategory": "세제/세정/탈취제",
    "ProductName": "OO 바** 곰팡이 제거제 120ml 1개",
    "Syllable": "312",
    "Word": "71",
    "GeneralPolarity": "1",
    "Aspects": [
      {
        "Aspect": "세척/세정력",
        "SentimentText": "물기 제거하고 이 제품 듬뿍 발라둔 뒤 한나절 있다 샤워기로 씻어내렸는데 곰팡이가 다 없어졌어요",
        "SentimentWord": "14",
        "SentimentPolarity": "1"
      },
      {
        "Aspect": "세척/세정력",
        "SentimentText": "발라 놓은 부분은 거품이 나는것도 아니고 짜둔 상태 그래로인데 감쪽같이 깨끗해졌네요",
        "SentimentWord": "11",
        "SentimentPolarity": "1"
      },
      {
        "Aspect": "효과/성능/기능",
        "SentimentText": "효과가 정말 좋아요",
        "SentimentWord": "3",
        "SentimentPolarity": "1"
      },
      {
        "Aspect": "세척/세정력",
        "SentimentText": "확연히 없어진 곰팡이를 보니까 속이 다 시원합니다",
        "SentimentWord": "7",
        "SentimentPolarity": "1"
      },
      {
        "Aspect": "가격",
        "SentimentText": "가격은 좀 비싸지만",
        "SentimentWord": "3",
        "SentimentPolarity": "-1"
      },
      {
        "Aspect": "효과/성능/기능",
        "SentimentText": "비싼만큼 효과도 좋으니까",
        "SentimentWord": "3",
        "SentimentPolarity": "1"
      }
    ]
  },
  {
    "Index": "1038126",
    "RawText": "안녕하세요~ 쌀쌀해진 요즈음 날씨.. 무탈하게 잘 지내고 계시는거죠? 오늘은 건조기용 섬유유연제 얘기해볼께요.  섬유유연제를 쓰다보면 가끔은 다른 향기가 궁금해서 이것저것 써보는 타입입니다. 프레지아와 장미향이 섞여있어서인지 향이 좋네요. 빨래도 하루에 2번 이상하고 한번 쓸 때 2-3장씩 쓰니까 소비량도 많아요. 근데 좀 비싸서 빨래 횟수를 줄여야하나 고민되네요. 한번에 여러장을 써서 그런지 향도 오래가는거 같아요. 옷장에도 한장씩 넣어두는데 옷에도 향이 잘 스며들고 진해서 좋아요.   여러분의 구매에 참고가 되길 바라면서 오늘 포스팅은 여기까지 할께요.",
    "Source": "SNS",
    "Domain": "생활",
    "MainCategory": "세제/세정/탈취제",
    "ProductName": "OO 드라이 섬유유연시트 120매 1개",
    "Syllable": "314",
    "Word": "69",
    "GeneralPolarity": "1",
    "Aspects": [
      {
        "Aspect": "향/냄새",
        "SentimentText": "프레지아와 장미향이 섞여있어서인지 향이 좋네요",
        "SentimentWord": "5",
        "SentimentPolarity": "1"
      },
      {
        "Aspect": "가격",
        "SentimentText": "좀 비싸서",
        "SentimentWord": "2",
        "SentimentPolarity": "-1"
      },
      {
        "Aspect": "농축도/수용성",
        "SentimentText": "한번에 여러장을 써서 그런지",
        "SentimentWord": "4",
        "SentimentPolarity": "0"
      },
      {
        "Aspect": "지속력",
        "SentimentText": "향도 오래가는거 같아요",
        "SentimentWord": "3",
        "SentimentPolarity": "1"
      },
      {
        "Aspect": "편의성/사용성/활용도",
        "SentimentText": "옷장에도 한장씩 넣어두는데",
        "SentimentWord": "3",
        "SentimentPolarity": "1"
      },
      {
        "Aspect": "향/냄새",
        "SentimentText": "향이 잘 스며들고 진해서 좋아요",
        "SentimentWord": "5",
        "SentimentPolarity": "1"
      }
    ]
  },
  {
    "Index": "1038127",
    "RawText": "늘 사용해오던 어떤 제품을 바꾸기는 쉽지는 않아요. 그렇지만 요즈음은 워낙에 새로운 기능의 좋은 제품들이 많이 나오고 있는지라 꼼꼼히 비교해보고 더 나은 제품을 선택하는것도 현명한거 같아요.  시트형이라 좀 헤프지 않을까 걱정했지만 향이 강해 적게 사용해도 괜찮을 것 같습니다. 일단은 액체형보다 무게도 가볍고 계량하느라 애쓰지 않아도 되니 편하고 좋습니다. 향 지속력도 좋고 고급스런 장미향과 은은한 프레지아향이 좋으네요. 한장씩 펴져 나오니 따로 펼칠 필요없이 사용하면 되어서 사용하기도 편합니다. 용량이 많아 한동안 두고 쓸 것 같아요.  제 포스팅이 도움이 되었나요? 오늘 하루도 잘 마무리하시고 편안한 시간 되세요.",
    "Source": "SNS",
    "Domain": "생활",
    "MainCategory": "세제/세정/탈취제",
    "ProductName": "OO 드라이 섬유유연시트 120매 1개",
    "Syllable": "349",
    "Word": "83",
    "GeneralPolarity": "1",
    "Aspects": [
      {
        "Aspect": "향/냄새",
        "SentimentText": "향이 강해",
        "SentimentWord": "2",
        "SentimentPolarity": "1"
      },
      {
        "Aspect": "농축도/수용성",
        "SentimentText": "적게 사용해도 괜찮을 것 같습니다",
        "SentimentWord": "5",
        "SentimentPolarity": "1"
      },
      {
        "Aspect": "무게",
        "SentimentText": "액체형보다 무게도 가볍고",
        "SentimentWord": "3",
        "SentimentPolarity": "1"
      },
      {
        "Aspect": "편의성/사용성/활용도",
        "SentimentText": "계량하느라 애쓰지 않아도 되니 편하고 좋습니다",
        "SentimentWord": "6",
        "SentimentPolarity": "1"
      },
      {
        "Aspect": "지속력",
        "SentimentText": " 향 지속력도 좋고",
        "SentimentWord": "3",
        "SentimentPolarity": "1"
      },
      {
        "Aspect": "향/냄새",
        "SentimentText": "고급스런 장미향과 은은한 프레지아향이 좋으네요",
        "SentimentWord": "5",
        "SentimentPolarity": "1"
      },
      {
        "Aspect": "편의성/사용성/활용도",
        "SentimentText": "한장씩 펴져 나오니 따로 펼칠 필요없이 사용하면 되어서 사용하기도 편합니다",
        "SentimentWord": "10",
        "SentimentPolarity": "1"
      },
      {
        "Aspect": "용량/사이즈",
        "SentimentText": "용량이 많아 한동안 두고 쓸 것 같아요",
        "SentimentWord": "7",
        "SentimentPolarity": "1"
      }
    ]
  },
  {
    "Index": "1038128",
    "RawText": "조금만 환기를 게을리해도 묘한 냄새가 나는 어떤이의 방... 사춘기 아들방 냄새 잡아보려 구입한 남성용 OOO 후기입니다.  남자들 냄새 없애기 가장 좋은 제품이고 향인거 같습니다. 일전에 한번 써보자 해서 구입해서 써봤는데, 생각보다 냄새가 금방 없어지더라구요. 냄새로 심각한 아들방...매일 뿌려주고 있어요. 신발장 화장실 등에도 자주 뿌려주면 잡냄새 잡아주는 효과가 좋습니다. 생각보다 향 지속력도 나쁘지 않고 암튼 가격은 좀 비싸지만 3통이라 넉넉하게 오래 사용할 수 있을듯합니다.  여러분의 구매 결정에 참고가 될 수 있으면 좋겠네요.",
    "Source": "SNS",
    "Domain": "생활",
    "MainCategory": "세제/세정/탈취제",
    "ProductName": "OO 맨** 섬유탈취제 370ml 3개 ",
    "Syllable": "304",
    "Word": "71",
    "GeneralPolarity": "1",
    "Aspects": [
      {
        "Aspect": "탈취/제습력",
        "SentimentText": "남자들 냄새 없애기 가장 좋은 제품이고 향인거 같습니다",
        "SentimentWord": "8",
        "SentimentPolarity": "1"
      },
      {
        "Aspect": "탈취/제습력",
        "SentimentText": "생각보다 냄새가 금방 없어지더라구요",
        "SentimentWord": "4",
        "SentimentPolarity": "1"
      },
      {
        "Aspect": "탈취/제습력",
        "SentimentText": "신발장 화장실 등에도 자주 뿌려주면 잡냄새 잡아주는 효과가 좋습니다",
        "SentimentWord": "9",
        "SentimentPolarity": "1"
      },
      {
        "Aspect": "지속력",
        "SentimentText": "생각보다 향 지속력도 나쁘지 않고",
        "SentimentWord": "5",
        "SentimentPolarity": "0"
      },
      {
        "Aspect": "가격",
        "SentimentText": "가격은 좀 비싸지만",
        "SentimentWord": "3",
        "SentimentPolarity": "-1"
      },
      {
        "Aspect": "용량/사이즈",
        "SentimentText": "3통이라 넉넉하게 오래 사용할 수 있을듯합니다.",
        "SentimentWord": "6",
        "SentimentPolarity": "1"
      }
    ]
  },
  {
    "Index": "1038135",
    "RawText": "요즘에는 세제들 정말 잘 만드는 것 같더라구요. 웬만한 제품은 다 좋아요. 세제는 좋은데 설거지하기는 왜 그리도 싫은지... 오신 김에 세제 하나 같이 들여다 봐요. 우리 ㅋ  거품 잘 나고 세척력도 우수합니다. 할인할 때 구매하면 진짜 가성비 좋은 제품이죠. 특히 기름기 많은 설거지 할 때 베이킹소다 안 들어간 제품하고 확실히 차이가 나요. 설거지도  더 빨라지는 것 같아요. 향은 그냥 무향으로 깔끔합니다.  항상 쓰는 거지만 늘 무난하게 사용합니다. 다 쓰면 또 주문할게요.  바닥이 드러난 세제통에 남아 있는 세제 쓰기 대개 번거로운 것 같아요. 안 남게 하는 방법 없나요?",
    "Source": "SNS",
    "Domain": "생활",
    "MainCategory": "세제/세정/탈취제",
    "ProductName": "OO 베** 주방세제 1.2L x4개 ",
    "Syllable": "326",
    "Word": "86",
    "GeneralPolarity": "1",
    "Aspects": [
      {
        "Aspect": "세척/세정력",
        "SentimentText": "거품 잘 나고 세척력도 우수합니다.",
        "SentimentWord": "5",
        "SentimentPolarity": "1"
      },
      {
        "Aspect": "가격",
        "SentimentText": "할인할 때 구매하면 진짜 가성비 좋은 제품이죠",
        "SentimentWord": "7",
        "SentimentPolarity": "1"
      },
      {
        "Aspect": "성분",
        "SentimentText": "기름기 많은 설거지 할 때 베이킹소다 안 들어간 제품하고 확실히 차이가 나요.",
        "SentimentWord": "12",
        "SentimentPolarity": "1"
      },
      {
        "Aspect": "향/냄새",
        "SentimentText": "향은 그냥 무향으로 깔끔합니다.",
        "SentimentWord": "4",
        "SentimentPolarity": "1"
      },
      {
        "Aspect": "편의성/사용성/활용도",
        "SentimentText": "무난하게 사용합니다.",
        "SentimentWord": "2",
        "SentimentPolarity": "0"
      }
    ]
  },
  {
    "Index": "1038142",
    "RawText": "빨래! 더 이상 힘쓰지 마세요. 우리 가족을 위해 더 까다롭고 꼼꼼하게 준비했습니다.   이제 무거운 액체세제는 못 쓰겠어요. 한 장 툭 던져주면 되니 간편해서 너무 좋습니다.  세탁하기에 편리하고 깔끔하게 세탁이 되어서 계속 사용할 겁니다. 가루가 아닌 점도 좋습니 다. 가루 날리면 그게 내 코로 들어가는 것 같아 왠지 찝찝했거든요. 무엇보다 세정력도 나쁘 지 않구요. 사용하기에도 무난합니다. 이번에는 아예 300장 대용량 사놓았더니 든든합니다. 그래도  자리 차지 많이 안 하고 정말 좋습니다.   빨래양에 따라 조절도 할 수 있는 시트형 세제!! 이제 편하게 세탁하세요. 적극 추천해요~~",
    "Source": "SNS",
    "Domain": "생활",
    "MainCategory": "세제/세정/탈취제",
    "ProductName": "OO 고농축 더** 시트세제",
    "Syllable": "334",
    "Word": "82",
    "GeneralPolarity": "1",
    "Aspects": [
      {
        "Aspect": "편의성/사용성/활용도",
        "SentimentText": "한 장 툭 던져주면 되니 간편해서 너무 좋습니다. ",
        "SentimentWord": "8",
        "SentimentPolarity": "1"
      },
      {
        "Aspect": "편의성/사용성/활용도",
        "SentimentText": "세탁하기에 편리하고",
        "SentimentWord": "2",
        "SentimentPolarity": "1"
      },
      {
        "Aspect": "세척/세정력",
        "SentimentText": "깔끔하게 세탁이 되어서",
        "SentimentWord": "3",
        "SentimentPolarity": "1"
      },
      {
        "Aspect": "제형",
        "SentimentText": "가루가 아닌 점도 좋습니 다",
        "SentimentWord": "5",
        "SentimentPolarity": "1"
      },
      {
        "Aspect": "제형",
        "SentimentText": "가루 날리면 그게 내 코로 들어가는 것 같아 왠지 찝찝했거든요",
        "SentimentWord": "10",
        "SentimentPolarity": "1"
      },
      {
        "Aspect": "세척/세정력",
        "SentimentText": "무엇보다 세정력도 나쁘 지 않구요",
        "SentimentWord": "5",
        "SentimentPolarity": "0"
      },
      {
        "Aspect": "편의성/사용성/활용도",
        "SentimentText": "사용하기에도 무난합니다",
        "SentimentWord": "2",
        "SentimentPolarity": "0"
      },
      {
        "Aspect": "용량/사이즈",
        "SentimentText": "아예 300장 대용량 사놓았더니 든든합니다.",
        "SentimentWord": "5",
        "SentimentPolarity": "1"
      },
      {
        "Aspect": "용량/사이즈",
        "SentimentText": " 자리 차지 많이 안 하고 정말 좋습니다. ",
        "SentimentWord": "7",
        "SentimentPolarity": "1"
      },
      {
        "Aspect": "제형",
        "SentimentText": "빨래양에 따라 조절도 할 수 있는 시트형 세제!! 이제 편하게 세탁하세요",
        "SentimentWord": "11",
        "SentimentPolarity": "1"
      }
    ]
  },
  {
    "Index": "1038145",
    "RawText": "나이가 들수록 무언가를 한번 더 해야하는게 영 성가시고 귀찮아질때가 있지요. 그러다 그 게으름의 끝에 구입한 섬유유연제 사용 후기입니다.   8L 대용량이라 한번 구매하면 한참 쓸 수 있어서 구매했어요. 향도 은은하니 좋은데 지속력은 좀 약한듯합니다. 그러다보니 양을 좀 많이 넣게 되더라구요. 어차피 섬유유연제는 향 때문에 쓰는 거니까 소비량이 많더라도 향이 좋아 만족합니다. 대용량이란게 제일 맘에 들고 빨래 널어 놓으면 집안이 온통 향긋해져서 넘 좋습니다.   오늘의 포스팅은 여기까지입니다. 편안한 시간 되세요~",
    "Source": "SNS",
    "Domain": "생활",
    "MainCategory": "세제/세정/탈취제",
    "ProductName": "OO 초고농축 스** 섬유유연제 8L 1개",
    "Syllable": "290",
    "Word": "68",
    "GeneralPolarity": "0",
    "Aspects": [
      {
        "Aspect": "용량/사이즈",
        "SentimentText": "8L 대용량이라",
        "SentimentWord": "2",
        "SentimentPolarity": "1"
      },
      {
        "Aspect": "향/냄새",
        "SentimentText": "향도 은은하니 좋은데",
        "SentimentWord": "3",
        "SentimentPolarity": "1"
      },
      {
        "Aspect": "지속력",
        "SentimentText": "지속력은 좀 약한듯합니다",
        "SentimentWord": "3",
        "SentimentPolarity": "-1"
      },
      {
        "Aspect": "농축도/수용성",
        "SentimentText": "그러다보니 양을 좀 많이 넣게 되더라구요",
        "SentimentWord": "6",
        "SentimentPolarity": "-1"
      },
      {
        "Aspect": "농축도/수용성",
        "SentimentText": "섬유유연제는 향 때문에 쓰는 거니까 소비량이 많더라도",
        "SentimentWord": "7",
        "SentimentPolarity": "-1"
      },
      {
        "Aspect": "향/냄새",
        "SentimentText": "향이 좋아 만족합니다",
        "SentimentWord": "3",
        "SentimentPolarity": "1"
      },
      {
        "Aspect": "용량/사이즈",
        "SentimentText": " 대용량이란게 제일 맘에 들고",
        "SentimentWord": "4",
        "SentimentPolarity": "1"
      },
      {
        "Aspect": "향/냄새",
        "SentimentText": "빨래 널어 놓으면 집안이 온통 향긋해져서 넘 좋습니다",
        "SentimentWord": "8",
        "SentimentPolarity": "1"
      }
    ]
  },
  {
    "Index": "1038223",
    "RawText": "안녕하세요. 매일 식구들이 들락날락하는 욕실! 그래서 더욱 위생에 신경이 쓰이는데요. 매일 청소하기 힘든 변기청소를 편하게 할수 있는 제품을 소개해볼께요.  OOO 변기클리너는 미국 식약청 FDA 인증 받은 제품으로 믿을 수 있고 주요 기능으로 세정, 오염방지, 살균, 향기케어가 가능한 제품이에요.  매일 해야만했던 변기청소가 조금은 간편해졌어요. 전에 쓰던 제품들은 걸이형이나 도기 안쪽에 붙이는 젤타입 이었는데 확실히 향이 좀 강하긴 했으나 변기 내부 전체를 세정하거나 변기수조 및 배수관 관리는 어려웠다면 OOO 변기클리너는 수조에 넣는 방식이라 간편하고, 변기수조부터 배관은 물론 물이 흐르는 변기 내부 전체를 관리할 수 있어서 좋아요.  저처럼 편하게 변기청소하고 싶은 분들께 강추하고 싶은 제품이에요. 꼭 한번 써보세요^^",
    "Source": "SNS",
    "Domain": "생활",
    "MainCategory": "세제/세정/탈취제",
    "ProductName": "OO 청** 변기클리너",
    "Syllable": "411",
    "Word": "95",
    "GeneralPolarity": "1",
    "Aspects": [
      {
        "Aspect": "세척/세정력",
        "SentimentText": "세정, 오염방지, 살균, 향기케어가 가능한 제품이에요.  ",
        "SentimentWord": "6",
        "SentimentPolarity": "1"
      },
      {
        "Aspect": "살균/소독",
        "SentimentText": "살균, 향기케어가 가능한 제품이에요.  ",
        "SentimentWord": "4",
        "SentimentPolarity": "1"
      },
      {
        "Aspect": "향/냄새",
        "SentimentText": "향기케어가 가능한 제품이에요.  ",
        "SentimentWord": "3",
        "SentimentPolarity": "1"
      },
      {
        "Aspect": "세척/세정력",
        "SentimentText": "매일 해야만했던 변기청소가 조금은 간편해졌어요.",
        "SentimentWord": "5",
        "SentimentPolarity": "1"
      },
      {
        "Aspect": "편의성/사용성/활용도",
        "SentimentText": "OOO 변기클리너는 수조에 넣는 방식이라 간편하고,",
        "SentimentWord": "6",
        "SentimentPolarity": "1"
      },
      {
        "Aspect": "세척/세정력",
        "SentimentText": "변기수조부터 배관은 물론 물이 흐르는 변기 내부 전체를 관리할 수 있어서 좋아요.",
        "SentimentWord": "12",
        "SentimentPolarity": "1"
      },
      {
        "Aspect": "세척/세정력",
        "SentimentText": "저처럼 편하게 변기청소하고 싶은 분들께 강추하고 싶은 제품이에요.",
        "SentimentWord": "8",
        "SentimentPolarity": "1"
      },
      {
        "Aspect": "세척/세정력",
        "SentimentText": "매일 청소하기 힘든 변기청소를 편하게 할수 있는 제품을 소개해볼께요",
        "SentimentWord": "9",
        "SentimentPolarity": "1"
      }
    ]
  },
  {
    "Index": "1038224",
    "RawText": "안녕하세요 :)  건조기 사용하다보면 냄새 때문에 고민이신분 계시죠? 냄새뿐 아니라 구김도 덜하게 해줘서 사용한다는 건조기 필수템인 \u0027드라이시트\u0027 사용 하고 계신가요?  드라이시트는 향기도 좋고 구김도 덜 해서 참 좋은데 아이옷 건조할때 사용해도 되는지 걱정되서 사용안하셨던 분들도 많으신 것 같아요. 아이들 피부는 아무래도 성인 피부와 달라서  꺼려졌던게 사실이예요. OOO는 독일과 국내에서 피부테스트를 완료한 피부 저자극 처방으로 순하고 편안함은 물론 포근한 향기까지 더해진 온가족이 모두 사용할 수 있도록 피부까지 생각한 건조기 시트랍니다.  고온의 건조기에서 옷감 손상을 줄여주고, 옷을 오래 입을 수 있도로 보호해 주는 옷감손상보호기능까지도 해 주어서 단순히 향기만 전달해 주는게 아니랍니다.  ​ 건조기 사용중이시라면 OOO 꼭 사용해보시길 추천해드려요. ",
    "Source": "SNS",
    "Domain": "생활",
    "MainCategory": "세제/세정/탈취제",
    "ProductName": "OO 아** 드라이시트 120매 ",
    "Syllable": "430",
    "Word": "96",
    "GeneralPolarity": "1",
    "Aspects": [
      {
        "Aspect": "피부(손)보호",
        "SentimentText": " OOO는 독일과 국내에서 피부테스트를 완료한 피부 저자극 처방으로",
        "SentimentWord": "8",
        "SentimentPolarity": "1"
      },
      {
        "Aspect": "향/냄새",
        "SentimentText": "순하고 편안함은 물론 포근한 향기까지 더해진 ",
        "SentimentWord": "6",
        "SentimentPolarity": "1"
      },
      {
        "Aspect": "피부(손)보호",
        "SentimentText": "온가족이 모두 사용할 수 있도록 피부까지 생각한 건조기 시트랍니다. ",
        "SentimentWord": "9",
        "SentimentPolarity": "1"
      },
      {
        "Aspect": "효과/성능/기능",
        "SentimentText": "고온의 건조기에서 옷감 손상을 줄여주고, ",
        "SentimentWord": "5",
        "SentimentPolarity": "1"
      },
      {
        "Aspect": "효과/성능/기능",
        "SentimentText": "옷을 오래 입을 수 있도로 보호해 주는 옷감손상보호기능까지도 해 주어서",
        "SentimentWord": "10",
        "SentimentPolarity": "1"
      },
      {
        "Aspect": "향/냄새",
        "SentimentText": " 단순히 향기만 전달해 주는게 아니랍니다.  ​",
        "SentimentWord": "6",
        "SentimentPolarity": "1"
      }
    ]
  },
  {
    "Index": "1038225",
    "RawText": "안녕하세용. 전에 사은품으로 받았던 섬유유연제 제품을 사용했다가 낭패보고 이번에 제대로 만족하는 향을 찾아서 리뷰를 남겨보려고 해요.  OOO는 총 4가지의 라인업으로 구성이 되어 있는데요. 모두 향기가 다른 구성이라서 시향 후에 선택하시는 걸 추천해요! 4가지중에서 제가 선택한 향은 OOO 매그놀리아향이에요. 패키지도 제가 좋아하는 딥그린색이라서 손이 갔는데 은은한 플로럴향과 과하지 않은 우디한 향이 조화로운 향이에요. 3배 초고농축 섬유유연제로 1/3만 되는 적은 양으로도 지속적인 향을 낼 수 있고 향기 지속 폴리머로 오래 남는 잔향의 향 좋은 섬유유연제랍니다.  빨래가 끝난 후 방에서 실내건조를 해도 쉰내나 쿰쿰함 걱정없는 향 좋은 섬유유연제!! 이제 주문할때 OOO로 골라서 주문해야겠습니다. : )",
    "Source": "SNS",
    "Domain": "생활",
    "MainCategory": "세제/세정/탈취제",
    "ProductName": "OO 아** 초고농축 섬유유연제",
    "Syllable": "399",
    "Word": "92",
    "GeneralPolarity": "1",
    "Aspects": [
      {
        "Aspect": "향/냄새",
        "SentimentText": "이번에 제대로 만족하는 향을 찾아서 리뷰를 남겨보려고 해요.",
        "SentimentWord": "8",
        "SentimentPolarity": "1"
      },
      {
        "Aspect": "색상",
        "SentimentText": "패키지도 제가 좋아하는 딥그린색이라서 손이 갔는데 ",
        "SentimentWord": "6",
        "SentimentPolarity": "1"
      },
      {
        "Aspect": "향/냄새",
        "SentimentText": "은은한 플로럴향과 과하지 않은 우디한 향이 조화로운 향이에요.",
        "SentimentWord": "8",
        "SentimentPolarity": "1"
      },
      {
        "Aspect": "농축도/수용성",
        "SentimentText": "3배 초고농축 섬유유연제로 1/3만 되는 적은 양으로도",
        "SentimentWord": "7",
        "SentimentPolarity": "1"
      },
      {
        "Aspect": "지속력",
        "SentimentText": "지속적인 향을 낼 수 있고",
        "SentimentWord": "5",
        "SentimentPolarity": "1"
      },
      {
        "Aspect": "성분",
        "SentimentText": "향기 지속 폴리머로",
        "SentimentWord": "3",
        "SentimentPolarity": "1"
      },
      {
        "Aspect": "지속력",
        "SentimentText": "오래 남는 잔향의 향 좋은 섬유유연제랍니다.",
        "SentimentWord": "6",
        "SentimentPolarity": "1"
      },
      {
        "Aspect": "향/냄새",
        "SentimentText": "빨래가 끝난 후 방에서 실내건조를 해도 쉰내나 쿰쿰함 걱정없는 향 좋은 섬유유연제!!",
        "SentimentWord": "12",
        "SentimentPolarity": "1"
      }
    ]
  },
  {
    "Index": "1038226",
    "RawText": "저는 보통 일주일마다 한번씩 화장실 대청소를 하고 있는데 가장 고민인 부분이 욕실 내  물때 자국이었어요. 이런 제 고민을 한번에 해결해 준 제품이 있는데요. 바로 OOO 베스룸 버블클리너에요. 깨끗한 욕실을 만들기 위해 간편하게 사용해 청소할 수 있는 놀라운 클리너 리뷰를 시작해볼께요.  OOO 베스룸 클리너의 장점은 타일용 세제나 변기용 세제를 따로 쓸 필요 없이 베스룸 클리너 하나로 모든 욕실 관리가 다 된다는 점이에요. 특히, 반짝반짝 빛났으면 하는 수전 청소의 끝판왕이에요 ^^ 뿌리고 문지를 필요가 없이 끝나버리는 청소거든요. 또 천연 과일 산성 세정 성분이라서 염산성분도 없고 찌든때와 물때 제거도 쉬우며 독한 향이 없어서 청소가 너무 좋아요.  욕실 공간도 그리 많이 차지하지 않아서, 두고두고 사용하기 좋습니다. 자주 청소하다보면 금방 없어질텐데... 아껴서 오래오래 잘 쓰고 싶어요. 여러분도 꼭 한번 사용해보세요^^",
    "Source": "SNS",
    "Domain": "생활",
    "MainCategory": "세제/세정/탈취제",
    "ProductName": "OO 베** 버블클리너 욕실세정제 ",
    "Syllable": "469",
    "Word": "115",
    "GeneralPolarity": "1",
    "Aspects": [
      {
        "Aspect": "세척/세정력",
        "SentimentText": "깨끗한 욕실을 만들기 위해 간편하게 사용해 청소할 수 있는 놀라운 클리너 리뷰를 시작해볼께요.",
        "SentimentWord": "13",
        "SentimentPolarity": "1"
      },
      {
        "Aspect": "세척/세정력",
        "SentimentText": "타일용 세제나 변기용 세제를 따로 쓸 필요 없이 베스룸 클리너 하나로 모든 욕실 관리가 다 된다는 점이에요.",
        "SentimentWord": "17",
        "SentimentPolarity": "1"
      },
      {
        "Aspect": "세척/세정력",
        "SentimentText": "반짝반짝 빛났으면 하는 수전 청소의 끝판왕이에요 ^^",
        "SentimentWord": "7",
        "SentimentPolarity": "1"
      },
      {
        "Aspect": "세척/세정력",
        "SentimentText": "뿌리고 문지를 필요가 없이 끝나버리는 청소거든요.",
        "SentimentWord": "6",
        "SentimentPolarity": "1"
      },
      {
        "Aspect": "성분",
        "SentimentText": "천연 과일 산성 세정 성분이라서 염산성분도 없고",
        "SentimentWord": "7",
        "SentimentPolarity": "1"
      },
      {
        "Aspect": "세척/세정력",
        "SentimentText": "찌든때와 물때 제거도 쉬우며",
        "SentimentWord": "4",
        "SentimentPolarity": "1"
      },
      {
        "Aspect": "향/냄새",
        "SentimentText": "독한 향이 없어서 청소가 너무 좋아요.",
        "SentimentWord": "6",
        "SentimentPolarity": "1"
      },
      {
        "Aspect": "용량/사이즈",
        "SentimentText": "욕실 공간도 그리 많이 차지하지 않아서, ",
        "SentimentWord": "6",
        "SentimentPolarity": "1"
      }
    ]
  },
  {
    "Index": "1038227",
    "RawText": "안녕하세요. 저는 평소에 OOO 제품을 자주 사용하고 있는데요. 오늘은 여러분께  OOO 베스룸 클리너를 소개해볼까해요.  OOO 베스룸 클리너는 영국 친환경 세제로 유명한 제품이기도 하고 염산 성분도 없어서 표면 부식 예방과 천연 과일 산성 성분으로 찌든때, 물때, 곰팡이까지 오염을 강력히 제거해줘서 안심하고 선택했는데요. 곰팡이가 끼어 있는 타일 사이사이, 수전, 세면대 등에 클리너를 뿌린 후 몇분 뒤 솔로 문지르지 않고 물만 뿌려줘도 간편하고 깔끔하게 청소할 수 있어요. 욕실 리모델링 한 것 처럼 깨끗해져서 정말 신기했어요^^  OOO 베스룸 클리너로 깨끗해진 욕실 덕분에 기분까지 개운한 하루. 이제 위생적으로 관리해야 하는 공간을 OOO 베스룸 클리너로 깨끗하게 관리해보세요.",
    "Source": "SNS",
    "Domain": "생활",
    "MainCategory": "세제/세정/탈취제",
    "ProductName": "OO 베** 욕실세정제 750ml ",
    "Syllable": "386",
    "Word": "91",
    "GeneralPolarity": "1",
    "Aspects": [
      {
        "Aspect": "성분",
        "SentimentText": "염산 성분도 없어서 표면 부식 예방과",
        "SentimentWord": "6",
        "SentimentPolarity": "1"
      },
      {
        "Aspect": "성분",
        "SentimentText": "천연 과일 산성 성분으로",
        "SentimentWord": "4",
        "SentimentPolarity": "1"
      },
      {
        "Aspect": "세척/세정력",
        "SentimentText": " 찌든때, 물때, 곰팡이까지 오염을 강력히 제거해줘서 ",
        "SentimentWord": "6",
        "SentimentPolarity": "1"
      },
      {
        "Aspect": "세척/세정력",
        "SentimentText": "곰팡이가 끼어 있는 타일 사이사이, 수전, 세면대 등에 클리너를 뿌린 후 몇분 뒤 솔로 문지르지 않고 물만 뿌려줘도 간편하고 깔끔하게 청소할 수 있어요.",
        "SentimentWord": "23",
        "SentimentPolarity": "1"
      },
      {
        "Aspect": "세척/세정력",
        "SentimentText": "욕실 리모델링 한 것 처럼 깨끗해져서 정말 신기했어요^^",
        "SentimentWord": "8",
        "SentimentPolarity": "1"
      },
      {
        "Aspect": "세척/세정력",
        "SentimentText": "OOO 베스룸 클리너로 깨끗해진 욕실 덕분에 기분까지 개운한 하루",
        "SentimentWord": "9",
        "SentimentPolarity": "1"
      },
      {
        "Aspect": "세척/세정력",
        "SentimentText": "이제 위생적으로 관리해야 하는 공간을 OOO 베스룸 클리너로 깨끗하게 관리해보세요.",
        "SentimentWord": "10",
        "SentimentPolarity": "1"
      }
    ]
  }
]