[
  {
    "Index": "1037628",
    "RawText": "아이들 치약인데 아무거나 사줄 준 없잖아요. 그래서 제가 고르고 고른 ㅇㅇ 치약입니다.  기존에 어른용을 사용하고 있어서 어린이용도 구입을 했는데요. 잇몸에 자극적이지가 않아서 좋다고 합니다. 특히 믿을 수 있는 성분이라 더 안심이 되기도 하고요. 마일드베리향이라서 그런지 향이 굉장히 좋은 것 같아요. 할인쿠폰 받아서 저렴한 가격에 구매해서 만족스럽네요. 앞으로는 아이 치약은 이 제품으로 사용할 듯 합니다.  제 솔직담백한 후기가 즐거우셨나요? 모두들 오늘도 화이팅 하시고 즐거운 하루되시길 바랍니다.  ",
    "Source": "SNS",
    "Domain": "생활",
    "MainCategory": "위생용품",
    "ProductName": "OO 노** 치약 80g",
    "Syllable": "284",
    "Word": "65",
    "GeneralPolarity": "1",
    "Aspects": [
      {
        "Aspect": "자극성",
        "SentimentText": "잇몸에 자극적이지가 않아서 좋다고 합니다. ",
        "SentimentWord": "5",
        "SentimentPolarity": "1"
      },
      {
        "Aspect": "성분/재질",
        "SentimentText": "믿을 수 있는 성분이라 더 안심이 되기도 하고요. ",
        "SentimentWord": "8",
        "SentimentPolarity": "1"
      },
      {
        "Aspect": "향/냄새",
        "SentimentText": "마일드베리향이라서 그런지 향이 굉장히 좋은 것 같아요. ",
        "SentimentWord": "7",
        "SentimentPolarity": "1"
      },
      {
        "Aspect": "가격",
        "SentimentText": "할인쿠폰 받아서 저렴한 가격에 구매해서 만족스럽네요. ",
        "SentimentWord": "6",
        "SentimentPolarity": "1"
      }
    ]
  },
  {
    "Index": "1037629",
    "RawText": "여름의 뜨거운 태양처럼 강렬한 ㅇㅇ 치약의 후기를 들고 왔습니다. 들을 준비가 되셨나요?  상품평이 워낙 좋아서 구매를 했습니다. 배송이 3일정도 걸렸네요. 처음엔 모르는데 닦고 있다보면 매운맛이 올라와요. 사용후에는 개운함이 참 좋은 것 같아요. 쿠폰 할인받아서 저렴하게 구매해서 좋은 것 같습니다. 색상이 강력한 빨간색상이라서 너무 마음에 드는 것 같네요. 조금 더 사용해봐야 정확한 후기를 작성할 수 있을 듯 합니다.  긴 글이 많이 지루하지는 않으셨나요? 오늘은 블로그를 마치도록 하겠습니다. 읽어주셔서 감사합니다.",
    "Source": "SNS",
    "Domain": "생활",
    "MainCategory": "위생용품",
    "ProductName": "OO 프로폴리스 치약 100g ",
    "Syllable": "292",
    "Word": "68",
    "GeneralPolarity": "1",
    "Aspects": [
      {
        "Aspect": "성분/재질",
        "SentimentText": "처음엔 모르는데 닦고 있다보면 매운맛이 올라와요.",
        "SentimentWord": "6",
        "SentimentPolarity": "0"
      },
      {
        "Aspect": "세정력/청결감",
        "SentimentText": "사용후에는 개운함이 참 좋은 것 같아요.",
        "SentimentWord": "6",
        "SentimentPolarity": "1"
      },
      {
        "Aspect": "가격",
        "SentimentText": "쿠폰 할인받아서 저렴하게 구매해서 좋은 것 같습니다.",
        "SentimentWord": "7",
        "SentimentPolarity": "1"
      },
      {
        "Aspect": "색상",
        "SentimentText": "색상이 강력한 빨간색상이라서 너무 마음에 드는 것 같네요.",
        "SentimentWord": "8",
        "SentimentPolarity": "1"
      }
    ]
  },
  {
    "Index": "1037630",
    "RawText": "선선한 바람이 부는 가을이 시작되었네요. 환절기에 감기 조심하세요.  오늘 소개할 제품은 ㅇㅇ 치약입니다. 후기를 시작할게요.  잇몸이 너무 아파서 고민하다가 구매를 했는데요. 이틀정도 사용했는데 거짓말처럼 잇몸이 안아파졌네요. 사용했을 때 개운함이 엄청 좋습니다. 치약 가격도 굉장히 저렴해서 잘 구매한 것 같습니다. 단점이라면 매운맛이 강하니 참고하시길 바랍니다. 그것외엔 전체적으로 만족하는 치약이네요.  다들 저의 블로그를 사랑해주셔서 감사합니다. 내년 내후년에도 또 사랑해주시길 바랄게요.",
    "Source": "SNS",
    "Domain": "생활",
    "MainCategory": "위생용품",
    "ProductName": "OO 퓨** 치약 130g ",
    "Syllable": "278",
    "Word": "58",
    "GeneralPolarity": "1",
    "Aspects": [
      {
        "Aspect": "효과/성능/기능",
        "SentimentText": "이틀정도 사용했는데 거짓말처럼 잇몸이 안아파졌네요. ",
        "SentimentWord": "5",
        "SentimentPolarity": "1"
      },
      {
        "Aspect": "세정력/청결감",
        "SentimentText": "사용했을 때 개운함이 엄청 좋습니다. ",
        "SentimentWord": "5",
        "SentimentPolarity": "1"
      },
      {
        "Aspect": "가격",
        "SentimentText": "치약 가격도 굉장히 저렴해서 잘 구매한 것 같습니다. ",
        "SentimentWord": "8",
        "SentimentPolarity": "1"
      },
      {
        "Aspect": "성분/재질",
        "SentimentText": "매운맛이 강하니 참고하시길 바랍니다. ",
        "SentimentWord": "4",
        "SentimentPolarity": "-1"
      }
    ]
  },
  {
    "Index": "1037631",
    "RawText": "장마철에 접어들면서 하루를 비와 함께 보내고 있는데요. 그때 커피한잔과 함께 제 블로그를 읽어보시는 건 어떨까요? 지금 시작하겠습니다.  커피를 자주 먹다보니 치아 착색이 많이 된듯한 느낌이라서 구매를 했어요. 디자인이 심플해서 치약이 아닌 줄 알았어요. 양치는 구석구석 깨끗하게 잘되는 점이 좋은 것 같아요. 처음 사용할 때 시큼한 맛이 살짝 있었네요. 아직 미백효과는 조금 더 사용해봐야 효과를 할 수 있을 것 같습니다.  후기에 대해 기타 궁금한 점이 있다면 언제든지 댓글 남겨주세요.  제가 매우 빠른 속도로 달려가겠습니다.",
    "Source": "SNS",
    "Domain": "생활",
    "MainCategory": "위생용품",
    "ProductName": "OO 퓨** 화이트닝 치약 120g ",
    "Syllable": "297",
    "Word": "73",
    "GeneralPolarity": "0",
    "Aspects": [
      {
        "Aspect": "디자인",
        "SentimentText": "디자인이 심플해서 치약이 아닌 줄 알았어요. ",
        "SentimentWord": "6",
        "SentimentPolarity": "1"
      },
      {
        "Aspect": "세정력/청결감",
        "SentimentText": "양치는 구석구석 깨끗하게 잘되는 점이 좋은 것 같아요. ",
        "SentimentWord": "8",
        "SentimentPolarity": "1"
      },
      {
        "Aspect": "성분/재질",
        "SentimentText": "시큼한 맛이 살짝 있었네요. ",
        "SentimentWord": "4",
        "SentimentPolarity": "-1"
      },
      {
        "Aspect": "효과/성능/기능",
        "SentimentText": "아직 미백효과는 조금 더 사용해봐야 효과를 할 수 있을 것 같습니다.",
        "SentimentWord": "11",
        "SentimentPolarity": "0"
      }
    ]
  },
  {
    "Index": "1037632",
    "RawText": "이웃님들~ 오늘 하루는 어떠셨나요? 힘든 하루였다면 제 블로그를 보시고 기분이 업되길 바래봅니다. 오늘은 유자 치약에 대해서 소개하겠습니다.  가격이 엄청 저렴하게 나와서 구매를 했는데요. 생각보다 나쁘지 않은 것 같습니다. 뚜껑을 열자마자 상큼한 유자향이 퍼지는 게 너무 좋은 것 같아요. 매운맛과 톡쏘는 맛을 싫어하는 저에게 안성맞춤인 맛이네요. 양치를 끝나고 나면 굉장히 개운해서 좋은 것 같습니다.  여기서 이만 후기를 마치도록 하겠습니다. 나중에 힘이 된다면 다양한 제품도 포스팅해보도록 할게요.",
    "Source": "SNS",
    "Domain": "생활",
    "MainCategory": "위생용품",
    "ProductName": "OO 잇** 치약 100g ",
    "Syllable": "282",
    "Word": "65",
    "GeneralPolarity": "1",
    "Aspects": [
      {
        "Aspect": "가격",
        "SentimentText": "가격이 엄청 저렴하게 나와서 구매를 했는데요. ",
        "SentimentWord": "6",
        "SentimentPolarity": "1"
      },
      {
        "Aspect": "향/냄새",
        "SentimentText": "뚜껑을 열자마자 상큼한 유자향이 퍼지는 게 너무 좋은 것 같아요. ",
        "SentimentWord": "10",
        "SentimentPolarity": "1"
      },
      {
        "Aspect": "성분/재질",
        "SentimentText": "매운맛과 톡쏘는 맛을 싫어하는 저에게 안성맞춤인 맛이네요. ",
        "SentimentWord": "7",
        "SentimentPolarity": "1"
      },
      {
        "Aspect": "세정력/청결감",
        "SentimentText": "굉장히 개운해서 좋은 것 같습니다.",
        "SentimentWord": "5",
        "SentimentPolarity": "1"
      }
    ]
  },
  {
    "Index": "1037633",
    "RawText": "마스크를 쓰고 있어서 언제 활짝 웃어봤는지 기억이 나질 않는데요. 벗는 날이 오기전에 치아관리를 미리 해놓는 것도 좋을 것 같네요. 지금부터 후기를 작성하겠습니다.  가격이 굉장히 저렴해서 참 좋은 것 같습니다. 처음 사용해보는데 매운맛이 없어서 거부감이 없어 다행입니다. 양치 후 개운함이 정말 만족스러워요. 화이트닝효과도 있다고 하는데 조금 더 사용해봐야 알 것 같습니다.  다들 행복한 하루되길 바라며 저의 블로그는 여기서 마치도록 하겠습니다. 모두 행복한 저녁되세요.",
    "Source": "SNS",
    "Domain": "생활",
    "MainCategory": "위생용품",
    "ProductName": "OO 덴** 치약 120g ",
    "Syllable": "265",
    "Word": "62",
    "GeneralPolarity": "1",
    "Aspects": [
      {
        "Aspect": "가격",
        "SentimentText": " 가격이 굉장히 저렴해서 참 좋은 것 같습니다. ",
        "SentimentWord": "7",
        "SentimentPolarity": "1"
      },
      {
        "Aspect": "성분/재질",
        "SentimentText": "매운맛이 없어서 거부감이 없어 다행입니다.",
        "SentimentWord": "5",
        "SentimentPolarity": "1"
      },
      {
        "Aspect": "세정력/청결감",
        "SentimentText": "양치 후 개운함이 정말 만족스러워요. ",
        "SentimentWord": "5",
        "SentimentPolarity": "1"
      },
      {
        "Aspect": "효과/성능/기능",
        "SentimentText": "화이트닝효과도 있다고 하는데 조금 더 사용해봐야 알 것 같습니다.",
        "SentimentWord": "9",
        "SentimentPolarity": "0"
      }
    ]
  },
  {
    "Index": "1037634",
    "RawText": "태국으로 여행을 훌쩍 떠나고 싶지 않으신가요? 이 치약을 사용하면 태국에 간 기분을 느끼실거에요.  치약바꿀때가 되서 검색을 하다가 구매를 했는데요. 쇼핑몰에서 쿠폰할인으로 저렴하게 구매를 해서 참 좋았습니다. 용량이 200g이나 되서 만족스럽네요. 양치질했을 때 개운함이 오래 지속되는 점이 참 좋은 것 같습니다. 치아도 깨끗하게 닦이는 점도 만족스러워요. 앞으로 다른 치약은 사용하지 못 할것 같습니다.  후기는 여기까지 적도록 하겠습니다. 저의 모든 이웃님들의 포스팅 활동을 응원합니다~!",
    "Source": "SNS",
    "Domain": "생활",
    "MainCategory": "위생용품",
    "ProductName": "OO 플** 치약 200g",
    "Syllable": "276",
    "Word": "62",
    "GeneralPolarity": "1",
    "Aspects": [
      {
        "Aspect": "가격",
        "SentimentText": "쇼핑몰에서 쿠폰할인으로 저렴하게 구매를 해서 참 좋았습니다. ",
        "SentimentWord": "7",
        "SentimentPolarity": "1"
      },
      {
        "Aspect": "용량/수량",
        "SentimentText": "용량이 200g이나 되서 만족스럽네요. ",
        "SentimentWord": "4",
        "SentimentPolarity": "1"
      },
      {
        "Aspect": "지속력",
        "SentimentText": "양치질했을 때 개운함이 오래 지속되는 점이 참 좋은 것 같습니다. ",
        "SentimentWord": "10",
        "SentimentPolarity": "1"
      },
      {
        "Aspect": "세정력/청결감",
        "SentimentText": "치아도 깨끗하게 닦이는 점도 만족스러워요. ",
        "SentimentWord": "5",
        "SentimentPolarity": "1"
      }
    ]
  },
  {
    "Index": "1037635",
    "RawText": "향기로운 꽃에는 꿀벌이 날아들기 마련인데요. 오늘은 꿀벌과 함께하는 치약의 후기속으로 빠져봅시다.  우연한 기회에 이 치약을 사용 후에는 항상 이 제품만 쓰고 있습니다. 양치 후 개운함이 굉장히 좋습니다. 무엇보다 이 치약을 사용하고 나서 잇몸이 굉장히 건강해졌다는 걸 느끼고 있어요. 양도 160g이라서 몇달은 사용할 수 있을 듯 합니다. 단점은 가격이 타제품보다 조금 비싼편에 속합니다.  오늘 제 후기가 잇님들에게 많은 도움이 되었길 바랍니다. 가시기전에 좋아요 꾹 눌러주시고 가시는 거 잊지않으셨죠?",
    "Source": "SNS",
    "Domain": "생활",
    "MainCategory": "위생용품",
    "ProductName": "OO 프로폴리스 치약 160g ",
    "Syllable": "283",
    "Word": "67",
    "GeneralPolarity": "1",
    "Aspects": [
      {
        "Aspect": "세정력/청결감",
        "SentimentText": "양치 후 개운함이 굉장히 좋습니다. ",
        "SentimentWord": "5",
        "SentimentPolarity": "1"
      },
      {
        "Aspect": "효과/성능/기능",
        "SentimentText": "이 치약을 사용하고 나서 잇몸이 굉장히 건강해졌다는 걸 느끼고 있어요. ",
        "SentimentWord": "10",
        "SentimentPolarity": "1"
      },
      {
        "Aspect": "용량/수량",
        "SentimentText": "양도 160g이라서 몇달은 사용할 수 있을 듯 합니다. ",
        "SentimentWord": "8",
        "SentimentPolarity": "1"
      },
      {
        "Aspect": "가격",
        "SentimentText": "가격이 타제품보다 조금 비싼편에 속합니다.",
        "SentimentWord": "5",
        "SentimentPolarity": "-1"
      }
    ]
  },
  {
    "Index": "1037636",
    "RawText": "오늘 보여드릴 상품은 두손을 짝!하고 박수칠만한 치약을 들고 왔습니다. 박수 칠 준비되셨나요?  이시림 증상으로 치과에 다녔지만 호전이 없어서 이 치약을 구매했어요. 시중보다 온라인에서 구매하는게 그나마 저렴하게 살수 있는 것 같습니다. 처음 사용했을 때 굉장히 짠맛이 강해서 놀랬습니다. 또한 거품이 나질 않아서 당황했고요. 그런데 2주정도 사용했더니 이시림이 많이 호전이 되어서 만족스러워요.  후기에 대해 기타 궁금한 점이 있다면 언제든지 댓글 남겨주세요.  제가 매우 빠른 속도로 달려가겠습니다.",
    "Source": "SNS",
    "Domain": "생활",
    "MainCategory": "위생용품",
    "ProductName": "OO 데** 치약 100g ",
    "Syllable": "281",
    "Word": "64",
    "GeneralPolarity": "1",
    "Aspects": [
      {
        "Aspect": "가격",
        "SentimentText": "시중보다 온라인에서 구매하는게 그나마 저렴하게 살수 있는 것 같습니다. ",
        "SentimentWord": "9",
        "SentimentPolarity": "1"
      },
      {
        "Aspect": "성분/재질",
        "SentimentText": "처음 사용했을 때 굉장히 짠맛이 강해서 놀랬습니다. ",
        "SentimentWord": "7",
        "SentimentPolarity": "-1"
      },
      {
        "Aspect": "세정력/청결감",
        "SentimentText": "거품이 나질 않아서 당황했고요. ",
        "SentimentWord": "4",
        "SentimentPolarity": "-1"
      },
      {
        "Aspect": "효과/성능/기능",
        "SentimentText": " 2주정도 사용했더니 이시림이 많이 호전이 되어서 만족스러워요.",
        "SentimentWord": "7",
        "SentimentPolarity": "1"
      }
    ]
  },
  {
    "Index": "1037637",
    "RawText": "지금 보여드릴 상품은 모르는 분이 없을 정도로 워낙 유명한 상품인데요. 혹시나 모르고 계신다면 블로그를 함께 봅시다.  잇몸질환으로 매일을 고생을 하다가 친구추천으로 구입을 했습니다. 처음 받았을 때 사이즈가 장난감처럼 느껴질 정도로 작았습니다. 뚜껑을 열고 향을 맡을 땐 나쁘지 않았는데 양치를 하는 순간 아차싶었네요. 맛도 소금을 뿌린 것처럼 너무 짠맛이 강했어요. 그렇지만 끝난 뒤에 개운함이 좋았어요. 잇몸질환에도 효과가 조금 있는 듯 합니다.  후기는 여기까지 적도록 하겠습니다. 저의 모든 이웃님들의 포스팅 활동을 응원합니다~!",
    "Source": "SNS",
    "Domain": "생활",
    "MainCategory": "위생용품",
    "ProductName": "OO 치약 25ml ",
    "Syllable": "301",
    "Word": "70",
    "GeneralPolarity": "0",
    "Aspects": [
      {
        "Aspect": "사이즈/부피",
        "SentimentText": "사이즈가 장난감처럼 느껴질 정도로 작았습니다.",
        "SentimentWord": "5",
        "SentimentPolarity": "-1"
      },
      {
        "Aspect": "향/냄새",
        "SentimentText": "뚜껑을 열고 향을 맡을 땐 나쁘지 않았는데 양치를 하는 순간 아차싶었네요. ",
        "SentimentWord": "11",
        "SentimentPolarity": "-1"
      },
      {
        "Aspect": "성분/재질",
        "SentimentText": "맛도 소금을 뿌린 것처럼 너무 짠맛이 강했어요.",
        "SentimentWord": "7",
        "SentimentPolarity": "-1"
      },
      {
        "Aspect": "세정력/청결감",
        "SentimentText": "개운함이 좋았어요.",
        "SentimentWord": "2",
        "SentimentPolarity": "1"
      },
      {
        "Aspect": "효과/성능/기능",
        "SentimentText": "잇몸질환에도 효과가 조금 있는 듯 합니다.",
        "SentimentWord": "6",
        "SentimentPolarity": "1"
      }
    ]
  },
  {
    "Index": "1037638",
    "RawText": "저 혼자알기에는 미안한 마음에 이렇게 치약 후기를 들고왔습니다. 함께 보실까요?  최근 개운함도 덜하고 양치가 잘 되는 느낌을 받지 못해서 고민하다가 이 치약으로 바꿔봤느데요. 처음 사용했을 때 굉장히 짠맛때문에 고생을 했습니다. 양치할때 특유의 이상한 냄새까지 올라와서 힘들었네요. 다만 끝나고 나면 엄청난 상쾌함에 놀랍니다. 개운함이 오래 지속되는 점도 만족스러워요.   여기서 이만 후기를 마치도록 하겠습니다. 나중에 힘이 된다면 다양한 제품도 포스팅해보도록 할게요.",
    "Source": "SNS",
    "Domain": "생활",
    "MainCategory": "위생용품",
    "ProductName": "OO 컴** 치약 178g ",
    "Syllable": "264",
    "Word": "59",
    "GeneralPolarity": "0",
    "Aspects": [
      {
        "Aspect": "성분/재질",
        "SentimentText": "처음 사용했을 때 굉장히 짠맛때문에 고생을 했습니다. ",
        "SentimentWord": "7",
        "SentimentPolarity": "-1"
      },
      {
        "Aspect": "향/냄새",
        "SentimentText": "양치할때 특유의 이상한 냄새까지 올라와서 힘들었네요. ",
        "SentimentWord": "6",
        "SentimentPolarity": "-1"
      },
      {
        "Aspect": "세정력/청결감",
        "SentimentText": "끝나고 나면 엄청난 상쾌함에 놀랍니다. ",
        "SentimentWord": "5",
        "SentimentPolarity": "1"
      },
      {
        "Aspect": "지속력",
        "SentimentText": "개운함이 오래 지속되는 점도 만족스러워요. ",
        "SentimentWord": "5",
        "SentimentPolarity": "1"
      }
    ]
  },
  {
    "Index": "1037639",
    "RawText": "이웃님들~ 시린이에 고통받고 있는 분이 계신가요? 그렇다면 지금 당장 이 후기를 보셔야 합니다. 눈을 크게 뜨세요.  이 치약을 사용한지도 어느덧 3년정도가 된 것 같습니다. 처음에 이시림증상으로 고생을 했었는데 이 치약을 사용하고 감쪽같이 좋아졌네요. 가격이 다만 비싸서 구매할때마다 부담스럽긴 합니다. 치아에 낀 이물질도 깨끗하게 닦여서 만족스러워요. 유통기한이 생각보다 넉넉하지가 않아서 빨리 써야겠네요.  제 솔직담백한 후기가 즐거우셨나요? 모두들 오늘도 화이팅 하시고 즐거운 하루되시길 바랍니다.",
    "Source": "SNS",
    "Domain": "생활",
    "MainCategory": "위생용품",
    "ProductName": "OO 에** 치약 125g ",
    "Syllable": "282",
    "Word": "62",
    "GeneralPolarity": "0",
    "Aspects": [
      {
        "Aspect": "효과/성능/기능",
        "SentimentText": "이시림증상으로 고생을 했었는데 이 치약을 사용하고 감쪽같이 좋아졌네요. ",
        "SentimentWord": "8",
        "SentimentPolarity": "1"
      },
      {
        "Aspect": "가격",
        "SentimentText": "가격이 다만 비싸서 구매할때마다 부담스럽긴 합니다. ",
        "SentimentWord": "6",
        "SentimentPolarity": "-1"
      },
      {
        "Aspect": "세정력/청결감",
        "SentimentText": "치아에 낀 이물질도 깨끗하게 닦여서 만족스러워요.",
        "SentimentWord": "6",
        "SentimentPolarity": "1"
      },
      {
        "Aspect": "유통기한",
        "SentimentText": "유통기한이 생각보다 넉넉하지가 않아서 빨리 써야겠네요.",
        "SentimentWord": "6",
        "SentimentPolarity": "-1"
      }
    ]
  },
  {
    "Index": "1037640",
    "RawText": "오늘은 아이를 위한 아이를 위해서 진심이 담긴 후기를 작성하려고 합니다. 어린이 치약속으로 빠져볼까요?  어린이 치약으로 워낙 유명한 건 익히 알고있었습니다. 가격이 제법 비싸서 망설였는데 좋다고 하니 구매를 했어요. 처음에 사용할 때 조금 맵다고 하더라고요. 그래도 치아가 깨끗하게 잘 닦여서 만족스러운 것 같습니다. 용량이 굉장히 적어서 잠시 쓰면 금방 없어질 양입니다. 유통기한이 그렇게 길지 않으니 빨리 소진하는게 좋을 것 같아요.  긴 글이 많이 지루하지는 않으셨나요? 오늘은 블로그를 마치도록 하겠습니다. 읽어주셔서 감사합니다.",
    "Source": "SNS",
    "Domain": "생활",
    "MainCategory": "위생용품",
    "ProductName": "OO 어린이 치약 50ml",
    "Syllable": "301",
    "Word": "70",
    "GeneralPolarity": "0",
    "Aspects": [
      {
        "Aspect": "가격",
        "SentimentText": "가격이 제법 비싸서 망설였는데 좋다고 하니 구매를 했어요. ",
        "SentimentWord": "8",
        "SentimentPolarity": "-1"
      },
      {
        "Aspect": "성분/재질",
        "SentimentText": "처음에 사용할 때 조금 맵다고 하더라고요. ",
        "SentimentWord": "6",
        "SentimentPolarity": "-1"
      },
      {
        "Aspect": "세정력/청결감",
        "SentimentText": "치아가 깨끗하게 잘 닦여서 만족스러운 것 같습니다. ",
        "SentimentWord": "7",
        "SentimentPolarity": "1"
      },
      {
        "Aspect": "용량/수량",
        "SentimentText": " 용량이 굉장히 적어서 잠시 쓰면 금방 없어질 양입니다.",
        "SentimentWord": "8",
        "SentimentPolarity": "-1"
      },
      {
        "Aspect": "유통기한",
        "SentimentText": "유통기한이 그렇게 길지 않으니 빨리 소진하는게 좋을 것 같아요.",
        "SentimentWord": "9",
        "SentimentPolarity": "-1"
      }
    ]
  },
  {
    "Index": "1037641",
    "RawText": "따스한 햇살에 잠을 자던 꽃들도 어여쁘게 피는 봄이 왔습니다. 오늘 소개할 제품은 누구나 알고 있는 ㅇㅇㅇ 치약입니다.  주변에서 꼭 구매해보라는 권유에 구매를 했습니다. 한번 써봤는데 확실히 개운함이 좋은 것 같아요. 이를 닦을때도 너무 맵지 않아서 좋은 것 같아요. 조금만 짜도 거품이 굉장히 많이 납니다. 프로폴리스 성분이 들어있어서 믿음이 가네요. 잇몸염증에도 좋다고 하는데 조금 더 써보면 효과를 알 수 있을 것 같습니다.  다들 저의 블로그를 사랑해주셔서 감사합니다. 내년 내후년에도 또 사랑해주시길 바랄게요.",
    "Source": "SNS",
    "Domain": "생활",
    "MainCategory": "위생용품",
    "ProductName": "OO 프로폴리스 치약 200g ",
    "Syllable": "291",
    "Word": "71",
    "GeneralPolarity": "1",
    "Aspects": [
      {
        "Aspect": "세정력/청결감",
        "SentimentText": " 확실히 개운함이 좋은 것 같아요.",
        "SentimentWord": "5",
        "SentimentPolarity": "1"
      },
      {
        "Aspect": "성분/재질",
        "SentimentText": "이를 닦을때도 너무 맵지 않아서 좋은 것 같아요.",
        "SentimentWord": "8",
        "SentimentPolarity": "1"
      },
      {
        "Aspect": "세정력/청결감",
        "SentimentText": "조금만 짜도 거품이 굉장히 많이 납니다.",
        "SentimentWord": "6",
        "SentimentPolarity": "1"
      },
      {
        "Aspect": "성분/재질",
        "SentimentText": "프로폴리스 성분이 들어있어서 믿음이 가네요. ",
        "SentimentWord": "5",
        "SentimentPolarity": "1"
      },
      {
        "Aspect": "효과/성능/기능",
        "SentimentText": "잇몸염증에도 좋다고 하는데 조금 더 써보면 효과를 알 수 있을 것 같습니다.",
        "SentimentWord": "12",
        "SentimentPolarity": "0"
      }
    ]
  },
  {
    "Index": "1037642",
    "RawText": "나이가 들어간다는 걸 느낄때가 아마 치아가 약해질때인데요. 그래서 오늘 준비한 상품은 ㅇㅇ치약입니다. 후기를 보러 가볼까요?  가격이 워낙 저렴해서 구매를 해봤습니다. 기존에 사용하던 치약은 세정력이 너무 약했거든요. 사용을 해봤더니 상쾌함이 참 좋은 것 같아요. 생각보다 치아도 깨끗하게 닦여서 만족스러워요. 특히 매운맛이 강할 거라 생각했는데 그렇지 않아서 다행입니다. 잇몸에도 좋다고 하니 기대가 됩니다.  질문이 있으시면 언제든지 댓글주세요. 공감, 댓글, 서로이웃 환영합니다!",
    "Source": "SNS",
    "Domain": "생활",
    "MainCategory": "위생용품",
    "ProductName": "OO 내** 허브 치약 160g ",
    "Syllable": "271",
    "Word": "59",
    "GeneralPolarity": "1",
    "Aspects": [
      {
        "Aspect": "가격",
        "SentimentText": "가격이 워낙 저렴해서 구매를 해봤습니다. ",
        "SentimentWord": "5",
        "SentimentPolarity": "1"
      },
      {
        "Aspect": "세정력/청결감",
        "SentimentText": "상쾌함이 참 좋은 것 같아요. ",
        "SentimentWord": "5",
        "SentimentPolarity": "1"
      },
      {
        "Aspect": "세정력/청결감",
        "SentimentText": "생각보다 치아도 깨끗하게 닦여서 만족스러워요.",
        "SentimentWord": "5",
        "SentimentPolarity": "1"
      },
      {
        "Aspect": "성분/재질",
        "SentimentText": "매운맛이 강할 거라 생각했는데 그렇지 않아서 다행입니다. ",
        "SentimentWord": "7",
        "SentimentPolarity": "1"
      },
      {
        "Aspect": "효과/성능/기능",
        "SentimentText": "잇몸에도 좋다고 하니 기대가 됩니다.",
        "SentimentWord": "5",
        "SentimentPolarity": "0"
      }
    ]
  },
  {
    "Index": "1037643",
    "RawText": "이웃님들~ 정말 오랜만에 뵙는 것 같아요. 그동안 제가 조용해서 지루하셨죠? 오늘 소개할 제품은 ㅇㅇ 비누입니다.  오랜만에 사용해보는 비누네요. 유통기한이 제법 길어서 오래사용할 수 있을 것 같습니다. 향도 리뷰처럼 은은하면서 향수같은 느낌이라 좋아요. 거품목욕을 좋아하는 남편인데 거품이 풍성하다고 좋아합니다. 세수뿐만 아니라 다용도로 사용할 수 있어 만족해요. 제일 좋은 건 비누의 단단함입니다.  여기까지가 끝이에요. 오늘도 행복한 시간들이 함께하길 바래요! 또다른 이야기로 다시 찾아 뵙겠습니다 감사해요",
    "Source": "SNS",
    "Domain": "생활",
    "MainCategory": "위생용품",
    "ProductName": "OO 매** 비누 85g ",
    "Syllable": "286",
    "Word": "63",
    "GeneralPolarity": "1",
    "Aspects": [
      {
        "Aspect": "유통기한",
        "SentimentText": "유통기한이 제법 길어서 오래사용할 수 있을 것 같습니다. ",
        "SentimentWord": "8",
        "SentimentPolarity": "1"
      },
      {
        "Aspect": "향/냄새",
        "SentimentText": "향도 리뷰처럼 은은하면서 향수같은 느낌이라 좋아요. ",
        "SentimentWord": "6",
        "SentimentPolarity": "1"
      },
      {
        "Aspect": "세정력/청결감",
        "SentimentText": "거품이 풍성하다고 좋아합니다. ",
        "SentimentWord": "3",
        "SentimentPolarity": "1"
      },
      {
        "Aspect": "편의성/사용성/활용도",
        "SentimentText": "세수뿐만 아니라 다용도로 사용할 수 있어 만족해요. ",
        "SentimentWord": "7",
        "SentimentPolarity": "1"
      },
      {
        "Aspect": "내구성/견고성",
        "SentimentText": "제일 좋은 건 비누의 단단함입니다.",
        "SentimentWord": "5",
        "SentimentPolarity": "1"
      }
    ]
  },
  {
    "Index": "1037644",
    "RawText": "코로나로 인해 바이러스와 세균으로 고민이 많으시죠? 오늘 알려드릴 상품은 항균비누입니다.  기존에 펌프형을 쓰다가 비누로 바꿔봤습니다. 비누색이 산뜻해서 좋은 것 같습니다. 향이 은은하게 오래지속되어 참 좋은 것 같네요. 생각보다 단단해서 쉽게 물러지지 않아서 좋은 듯 합니다. 항균 기능이 있어서 더 믿음이 갈 수밖에 없네요. 타 제품에 비해 가격이 조금 비싼 것 같아요.  제가 적은 글이 어떠셨나요? 아쉬운 점이 있으면 말해주실래요? 저에게는 큰 도움이 된답니다 너무 고마워요.",
    "Source": "SNS",
    "Domain": "생활",
    "MainCategory": "위생용품",
    "ProductName": "OO 항균 비누 100g ",
    "Syllable": "270",
    "Word": "65",
    "GeneralPolarity": "1",
    "Aspects": [
      {
        "Aspect": "색상",
        "SentimentText": "비누색이 산뜻해서 좋은 것 같습니다. ",
        "SentimentWord": "5",
        "SentimentPolarity": "1"
      },
      {
        "Aspect": "지속력",
        "SentimentText": " 향이 은은하게 오래지속되어 참 좋은 것 같네요. ",
        "SentimentWord": "7",
        "SentimentPolarity": "1"
      },
      {
        "Aspect": "내구성/견고성",
        "SentimentText": "생각보다 단단해서 쉽게 물러지지 않아서 좋은 듯 합니다.",
        "SentimentWord": "8",
        "SentimentPolarity": "1"
      },
      {
        "Aspect": "효과/성능/기능",
        "SentimentText": "항균 기능이 있어서 더 믿음이 갈 수밖에 없네요. ",
        "SentimentWord": "8",
        "SentimentPolarity": "1"
      },
      {
        "Aspect": "가격",
        "SentimentText": "타 제품에 비해 가격이 조금 비싼 것 같아요.",
        "SentimentWord": "8",
        "SentimentPolarity": "-1"
      }
    ]
  },
  {
    "Index": "1037645",
    "RawText": "전 매일 녹차와 함께 하고 있습니다. 물론 마시지 않고 피부에 양보하고 있어요. 저와 함께 녹차를 피부에 양보하러 가보실까요?  제 인생 비누인것 같습니다. 피부가 굉장히 예민해서 이것저것 잘 못쓰는 피부인데요. 이 비누는 트러블이 나지 않아서 좋아요. 눈에 들어가도 따갑지 않아서 좋은 것 같습니다. 거품도 엄청 풍성해서 마음에 드네요. 세안했을 때 촉촉함이 참 좋아요. 사은품이 같이 들어 있는 구성이라 좋아요  오늘은 여기까지 입니다 다소 부족하지만 이해해 주세요 다음에는 다른 내용으로 다시올게요!",
    "Source": "SNS",
    "Domain": "생활",
    "MainCategory": "위생용품",
    "ProductName": "OO 녹** 비누 115g ",
    "Syllable": "282",
    "Word": "69",
    "GeneralPolarity": "1",
    "Aspects": [
      {
        "Aspect": "자극성",
        "SentimentText": " 이 비누는 트러블이 나지 않아서 좋아요. ",
        "SentimentWord": "6",
        "SentimentPolarity": "1"
      },
      {
        "Aspect": "자극성",
        "SentimentText": "눈에 들어가도 따갑지 않아서 좋은 것 같습니다. ",
        "SentimentWord": "7",
        "SentimentPolarity": "1"
      },
      {
        "Aspect": "세정력/청결감",
        "SentimentText": "거품도 엄청 풍성해서 마음에 드네요. ",
        "SentimentWord": "5",
        "SentimentPolarity": "1"
      },
      {
        "Aspect": "수분감/보습력",
        "SentimentText": "세안했을 때 촉촉함이 참 좋아요. ",
        "SentimentWord": "5",
        "SentimentPolarity": "1"
      },
      {
        "Aspect": "제품구성",
        "SentimentText": "사은품이 같이 들어 있는 구성이라 좋아요",
        "SentimentWord": "6",
        "SentimentPolarity": "1"
      }
    ]
  },
  {
    "Index": "1037646",
    "RawText": "겨울이 되면 사람들이 딸기를 찾는데요. 이젠 사계절 내내 딸기를 느낄 수 있는 비누를 가지고 왔습니다.   피부질환에 좋다는 이야기에 구매를 했습니다. 자극적이지 않고 순해서 참 좋은 것 같습니다. 거품도 굉장히 풍성해서 마음에 드네요. 향도 자연향이라서 그런지 너무 좋은 듯 해요. 다른 비누에 비해 양도 많아서 참 좋은 것 같아요. 쉽게 무르지 않고 단단함이 좋은 것 같습니다.  저는 이만 물러갈께요! 부족한 글이지만 끝까지 읽어주셔서 너무 고마워요~ 다음에도 많이 준비 할테니 또 오세요  ",
    "Source": "SNS",
    "Domain": "생활",
    "MainCategory": "위생용품",
    "ProductName": "OO 딸** 비누 110g ",
    "Syllable": "278",
    "Word": "70",
    "GeneralPolarity": "1",
    "Aspects": [
      {
        "Aspect": "자극성",
        "SentimentText": "자극적이지 않고 순해서 참 좋은 것 같습니다",
        "SentimentWord": "7",
        "SentimentPolarity": "1"
      },
      {
        "Aspect": "세정력/청결감",
        "SentimentText": " 거품도 굉장히 풍성해서 마음에 드네요.",
        "SentimentWord": "5",
        "SentimentPolarity": "1"
      },
      {
        "Aspect": "향/냄새",
        "SentimentText": " 향도 자연향이라서 그런지 너무 좋은 듯 해요. ",
        "SentimentWord": "7",
        "SentimentPolarity": "1"
      },
      {
        "Aspect": "용량/수량",
        "SentimentText": "다른 비누에 비해 양도 많아서 참 좋은 것 같아요. ",
        "SentimentWord": "9",
        "SentimentPolarity": "1"
      },
      {
        "Aspect": "내구성/견고성",
        "SentimentText": "쉽게 무르지 않고 단단함이 좋은 것 같습니다.",
        "SentimentWord": "7",
        "SentimentPolarity": "1"
      }
    ]
  },
  {
    "Index": "1037647",
    "RawText": "오늘은 실내에만 머무르기에 아까울 정도로 날씨가 좋습니다. ㅇㅇ 비누를 들고 멀리 떠나보는 건 어떠신지요?  떨어질때쯤이면 항상 구매하고 있는 상품입니다. 가격이 착해서 만족스러워요. 또 품질도 엄청 좋은 것 같네요. 하루동안의 피로감이 사라질 정도로 향이 참 좋습니다. 장마철 습기에도 쉽게 물러지지 않아서 만족해요. 아직까지 이 비누만큼 좋은 건 본적이 없는 것 같습니다. 촉촉함도 정말 좋아요.  제가 적은 글이 어떠셨나요? 아쉬운 점이 있으면 말해주실래요? 저에게는 큰 도움이 된답니다 너무 고마워요",
    "Source": "SNS",
    "Domain": "생활",
    "MainCategory": "위생용품",
    "ProductName": "OO 허** 모이스처바 100g",
    "Syllable": "283",
    "Word": "67",
    "GeneralPolarity": "1",
    "Aspects": [
      {
        "Aspect": "가격",
        "SentimentText": " 가격이 착해서 만족스러워요",
        "SentimentWord": "3",
        "SentimentPolarity": "1"
      },
      {
        "Aspect": "품질",
        "SentimentText": "품질도 엄청 좋은 것 같네요",
        "SentimentWord": "5",
        "SentimentPolarity": "1"
      },
      {
        "Aspect": "향/냄새",
        "SentimentText": "하루동안의 피로감이 사라질 정도로 향이 참 좋습니다. ",
        "SentimentWord": "7",
        "SentimentPolarity": "1"
      },
      {
        "Aspect": "내구성/견고성",
        "SentimentText": " 장마철 습기에도 쉽게 물러지지 않아서 만족해요.",
        "SentimentWord": "6",
        "SentimentPolarity": "1"
      },
      {
        "Aspect": "수분감/보습력",
        "SentimentText": " 촉촉함도 정말 좋아요.",
        "SentimentWord": "3",
        "SentimentPolarity": "1"
      }
    ]
  },
  {
    "Index": "1037648",
    "RawText": "아직도 많은 돈을 내면서 피부관리를 받고 계신가요? 그렇다면 지금부터 이 비누의 후기를 읽어보세요.  가격이 굉장히 저렴해서 구매했는데 참 좋은 것 같네요. 자두향같은 달콤한 향이 나서 정말 좋습니다. 특히 장마철에도 쉽게 무르지 않고 단단함을 유지하는게 좋아요. 손씻는 것뿐만 아니라 간단한 손빨래에도 사용하기 딱 좋을 것 같습니다. 오랜만에 굉장히 만족스러운 제품을 만나서 기분이 좋습니다.  저는 이만 물러갈께요! 부족한 글이지만 끝까지 읽어주셔서 너무 고마워요~ 다음에도 많이 준비 할테니 또 오세요",
    "Source": "SNS",
    "Domain": "생활",
    "MainCategory": "위생용품",
    "ProductName": "OO 옥** 미용 비누 100g ",
    "Syllable": "283",
    "Word": "67",
    "GeneralPolarity": "1",
    "Aspects": [
      {
        "Aspect": "가격",
        "SentimentText": "가격이 굉장히 저렴해서 구매했는데",
        "SentimentWord": "4",
        "SentimentPolarity": "1"
      },
      {
        "Aspect": "향/냄새",
        "SentimentText": "자두향같은 달콤한 향이 나서 정말 좋습니다. ",
        "SentimentWord": "6",
        "SentimentPolarity": "1"
      },
      {
        "Aspect": "내구성/견고성",
        "SentimentText": "특히 장마철에도 쉽게 무르지 않고 단단함을 유지하는게 좋아요. ",
        "SentimentWord": "8",
        "SentimentPolarity": "1"
      },
      {
        "Aspect": "편의성/사용성/활용도",
        "SentimentText": "손씻는 것뿐만 아니라 간단한 손빨래에도 사용하기 딱 좋을 것 같습니다. ",
        "SentimentWord": "10",
        "SentimentPolarity": "1"
      }
    ]
  },
  {
    "Index": "1037649",
    "RawText": "이웃님들~ 저녁식사는 하셨나요? 잠들기 전 무서운 호랑이 한마리 몰고 가는 건 어떨까요?  웃긴 이름이여서 호기심에 구매를 했는데요. 사용해보니 얼굴에 트러블이 나지 않아서 좋은 듯 하네요. 특히 화장하고 나서 세안했을 때 깨끗하게 지워지는 점이 마음에 들어요. 가격이 제법 비싸서 조금만 내렸으면 좋겠어요. 향은 엄청 좋은 건 아니고 일반적인 비누향이에요. 조금 더 써봐야 얼마나 성능이 좋은지는 알 수 있을 것 같네요.  오늘은 여기까지 입니다 다소 부족하지만 이해해 주세요 다음에는 다른 내용으로 다시올게요!",
    "Source": "SNS",
    "Domain": "생활",
    "MainCategory": "위생용품",
    "ProductName": "OO 호** 비누 100g ",
    "Syllable": "287",
    "Word": "70",
    "GeneralPolarity": "1",
    "Aspects": [
      {
        "Aspect": "자극성",
        "SentimentText": "사용해보니 얼굴에 트러블이 나지 않아서 좋은 듯 하네요.",
        "SentimentWord": "8",
        "SentimentPolarity": "1"
      },
      {
        "Aspect": "세정력/청결감",
        "SentimentText": "화장하고 나서 세안했을 때 깨끗하게 지워지는 점이 마음에 들어요. ",
        "SentimentWord": "9",
        "SentimentPolarity": "1"
      },
      {
        "Aspect": "가격",
        "SentimentText": "가격이 제법 비싸서 조금만 내렸으면 좋겠어요. ",
        "SentimentWord": "6",
        "SentimentPolarity": "-1"
      },
      {
        "Aspect": "향/냄새",
        "SentimentText": " 향은 엄청 좋은 건 아니고 일반적인 비누향이에요.",
        "SentimentWord": "7",
        "SentimentPolarity": "0"
      },
      {
        "Aspect": "효과/성능/기능",
        "SentimentText": "조금 더 써봐야 얼마나 성능이 좋은지는 알 수 있을 것 같네요.",
        "SentimentWord": "11",
        "SentimentPolarity": "0"
      }
    ]
  },
  {
    "Index": "1037650",
    "RawText": "잇님들~ 오늘은 ㅇㅇ 비누를 사용하고 릴렉스되는 편안한 밤을 보내시길 바랄게요.  상품평이 워낙 좋아서 구매를 해봤는데요. 가격이 굉장히 저렴해서 잘 구매한 것 같습니다. 세안을 해봤는데 세정력은 정말 좋은 것 같습니다. 비누도 무르지 않고 단단해서 만족해요. 다만 향이 좋다고 했는데 향이 정말 미세하게 나서 아쉬워요. 또 피부가 건조한 사람은 수분감이 부족해서 당길 수 있을 듯 하네요.  저는 이만 물러갈께요! 부족한 글이지만 끝까지 읽어주셔서 너무 고마워요~ 다음에도 많이 준비 할테니 또 오세요  ",
    "Source": "SNS",
    "Domain": "생활",
    "MainCategory": "위생용품",
    "ProductName": "OO 라** 바 100g ",
    "Syllable": "283",
    "Word": "69",
    "GeneralPolarity": "0",
    "Aspects": [
      {
        "Aspect": "가격",
        "SentimentText": "가격이 굉장히 저렴해서 ",
        "SentimentWord": "3",
        "SentimentPolarity": "1"
      },
      {
        "Aspect": "세정력/청결감",
        "SentimentText": "세안을 해봤는데 세정력은 정말 좋은 것 같습니다. ",
        "SentimentWord": "7",
        "SentimentPolarity": "1"
      },
      {
        "Aspect": "내구성/견고성",
        "SentimentText": "비누도 무르지 않고 단단해서 만족해요. ",
        "SentimentWord": "5",
        "SentimentPolarity": "1"
      },
      {
        "Aspect": "향/냄새",
        "SentimentText": "향이 좋다고 했는데 향이 정말 미세하게 나서 아쉬워요.",
        "SentimentWord": "8",
        "SentimentPolarity": "-1"
      },
      {
        "Aspect": "수분감/보습력",
        "SentimentText": "피부가 건조한 사람은 수분감이 부족해서 당길 수 있을 듯 하네요.",
        "SentimentWord": "10",
        "SentimentPolarity": "-1"
      }
    ]
  },
  {
    "Index": "1037651",
    "RawText": "아이들이 사용하는건데 아무거나 막 쓸수는 없잖아요. 오늘은 ㅇㅇㅇ 비누를 써보시는 건 어떨까요?  아이와 함께 사용하는 비누를 어른용과 같이 쓸 수는 없을 것 같아서 구입했어요. 아기용이라서 그런지 자극적이지 않고 굉장히 순하네요. 향도 은은하게 나서 참 좋은 듯 합니다. 목욕했을 때 보습력도 엄청 좋아요. 아기 비누라서 쉽게 무를 거라 생각했는데 단단해서 좋은 것 같습니다. 가격또한 너무 저렴해서 만족스러워요.  오늘은 여기까지 입니다 다소 부족하지만 이해해 주세요 다음에는 다른 내용으로 다시올게요!",
    "Source": "SNS",
    "Domain": "생활",
    "MainCategory": "위생용품",
    "ProductName": "OO 리** 소프트 비누 100g ",
    "Syllable": "283",
    "Word": "67",
    "GeneralPolarity": "1",
    "Aspects": [
      {
        "Aspect": "자극성",
        "SentimentText": "아기용이라서 그런지 자극적이지 않고 굉장히 순하네요.",
        "SentimentWord": "6",
        "SentimentPolarity": "1"
      },
      {
        "Aspect": "향/냄새",
        "SentimentText": " 향도 은은하게 나서 참 좋은 듯 합니다.",
        "SentimentWord": "7",
        "SentimentPolarity": "1"
      },
      {
        "Aspect": "수분감/보습력",
        "SentimentText": " 목욕했을 때 보습력도 엄청 좋아요. ",
        "SentimentWord": "5",
        "SentimentPolarity": "1"
      },
      {
        "Aspect": "내구성/견고성",
        "SentimentText": " 아기 비누라서 쉽게 무를 거라 생각했는데 단단해서 좋은 것 같습니다. ",
        "SentimentWord": "10",
        "SentimentPolarity": "1"
      },
      {
        "Aspect": "가격",
        "SentimentText": "가격또한 너무 저렴해서 만족스러워요.",
        "SentimentWord": "4",
        "SentimentPolarity": "1"
      }
    ]
  },
  {
    "Index": "1037652",
    "RawText": "이웃님들에게만 알려드리는 비누를 지금부터 소개할게요. 그렇다고 정말 혼자 알고 있으면 안되는거 아시죠?  워낙 이 제품이 유명해서 가격이 비싸긴 하지만 구매해서 꾸준히 사용하고 있어요. 민감한 피부인데 트러블이 나지 않아서 참 좋은 듯 합니다. 장마철인데도 무르지 않고 단단함도 만족스러워요. 끈적임이 없는 것도 너무 좋은 것 같아요. 다만 향이 금방날라가서 오래 지속되지 않는 단점이 있네요.   제가 적은 글이 어떠셨나요? 아쉬운 점이 있으면 말해주실래요? 저에게는 큰 도움이 된답니다 너무 고마워요",
    "Source": "SNS",
    "Domain": "생활",
    "MainCategory": "위생용품",
    "ProductName": "OO 너** 바 83g ",
    "Syllable": "281",
    "Word": "66",
    "GeneralPolarity": "0",
    "Aspects": [
      {
        "Aspect": "가격",
        "SentimentText": "가격이 비싸긴 하지만",
        "SentimentWord": "3",
        "SentimentPolarity": "-1"
      },
      {
        "Aspect": "자극성",
        "SentimentText": " 민감한 피부인데 트러블이 나지 않아서 참 좋은 듯 합니다. ",
        "SentimentWord": "9",
        "SentimentPolarity": "1"
      },
      {
        "Aspect": "내구성/견고성",
        "SentimentText": "장마철인데도 무르지 않고 단단함도 만족스러워요.",
        "SentimentWord": "5",
        "SentimentPolarity": "1"
      },
      {
        "Aspect": "흡수력",
        "SentimentText": "끈적임이 없는 것도 너무 좋은 것 같아요. ",
        "SentimentWord": "7",
        "SentimentPolarity": "1"
      },
      {
        "Aspect": "지속력",
        "SentimentText": "향이 금방날라가서 오래 지속되지 않는 단점이 있네요. ",
        "SentimentWord": "7",
        "SentimentPolarity": "-1"
      }
    ]
  },
  {
    "Index": "1037653",
    "RawText": "지금부터 알려드릴 비누는 라벤더 밭을 떠올리게 만드는 마성의 비누입니다.  쿠폰할인 받아서 구매했더니 기존가격보다 훨씬 더 저렴한 가격에 구매할 수 있었어요. 향이  라벤더가 진동을 할만큼 좋습니다. 보통 80g인데 이건 100g이라서 참 좋은 것 같아요. 씻고 나왔을 때 잔향이 오래 지속되는 점도 참 마음에 듭니다. 깨끗하게 세정되는 점도 좋고요. 아쉬운거라면 쉽게 무르는 점이 별로입니다.  제 블로그가 마음에 드셨나요? 그러셨으면 너무 좋겠네요 혹시 질문 있으면 어렵게 생각말고 편안하게 댓글 남겨주세요  ",
    "Source": "SNS",
    "Domain": "생활",
    "MainCategory": "위생용품",
    "ProductName": "OO 자** 라벤더 비누 100g ",
    "Syllable": "287",
    "Word": "67",
    "GeneralPolarity": "0",
    "Aspects": [
      {
        "Aspect": "가격",
        "SentimentText": "쿠폰할인 받아서 구매했더니 기존가격보다 훨씬 더 저렴한 가격에 구매할 수 있었어요.",
        "SentimentWord": "11",
        "SentimentPolarity": "1"
      },
      {
        "Aspect": "향/냄새",
        "SentimentText": " 향이  라벤더가 진동을 할만큼 좋습니다.",
        "SentimentWord": "5",
        "SentimentPolarity": "1"
      },
      {
        "Aspect": "용량/수량",
        "SentimentText": "보통 80g인데 이건 100g이라서 참 좋은 것 같아요. ",
        "SentimentWord": "8",
        "SentimentPolarity": "1"
      },
      {
        "Aspect": "지속력",
        "SentimentText": "씻고 나왔을 때 잔향이 오래 지속되는 점도 참 마음에 듭니다.",
        "SentimentWord": "10",
        "SentimentPolarity": "1"
      },
      {
        "Aspect": "세정력/청결감",
        "SentimentText": "깨끗하게 세정되는 점도 좋고요. ",
        "SentimentWord": "4",
        "SentimentPolarity": "1"
      },
      {
        "Aspect": "내구성/견고성",
        "SentimentText": "아쉬운거라면 쉽게 무르는 점이 별로입니다.",
        "SentimentWord": "5",
        "SentimentPolarity": "-1"
      }
    ]
  },
  {
    "Index": "1037654",
    "RawText": "아직까지 본인에게 맞는 세안비누를 찾지 못하셨나요? 그렇다면 지금부터 알려드릴 비누 후기를 잘 보시길 바랍니다.  폼클렌징을 쓰다보니 트러블이 생겨서 비누로 쓰면 어떨까해서 구입을 했는데요. 1개에 300원이 안되는 굉장히 저렴한 가격에 구매해서 좋았습니다. 세안뿐만 아니라 바디, 머리도 감을 수 있어서 좋은 것 같아요. 향도 제법 좋아서 만족합니다. 아쉬운거라면 단단함이 약해서 쉽게 물러지는 점이 아쉬울뿐입니다.  제 블로그가 마음에 드셨나요? 그러셨으면 너무 좋겠네요 혹시 질문 있으면 어렵게 생각말고 편안하게 댓글 남겨주세요",
    "Source": "SNS",
    "Domain": "생활",
    "MainCategory": "위생용품",
    "ProductName": "OO 웰** 비누 120g ",
    "Syllable": "298",
    "Word": "67",
    "GeneralPolarity": "0",
    "Aspects": [
      {
        "Aspect": "가격",
        "SentimentText": "1개에 300원이 안되는 굉장히 저렴한 가격에 구매해서 좋았습니다. ",
        "SentimentWord": "8",
        "SentimentPolarity": "1"
      },
      {
        "Aspect": "편의성/사용성/활용도",
        "SentimentText": "세안뿐만 아니라 바디, 머리도 감을 수 있어서 좋은 것 같아요. ",
        "SentimentWord": "10",
        "SentimentPolarity": "1"
      },
      {
        "Aspect": "향/냄새",
        "SentimentText": "향도 제법 좋아서 만족합니다. ",
        "SentimentWord": "4",
        "SentimentPolarity": "1"
      },
      {
        "Aspect": "내구성/견고성",
        "SentimentText": "아쉬운거라면 단단함이 약해서 쉽게 물러지는 점이 아쉬울뿐입니다.",
        "SentimentWord": "7",
        "SentimentPolarity": "-1"
      }
    ]
  },
  {
    "Index": "1037655",
    "RawText": "무릎을 탁 치며 역시 ㅇㅇ 치약이구나! 라는 걸 증명시켜 줄 후기를 가지고 왔습니다. 이제 시작할게요.  배송이 생각보다 느렸네요. 처음 사용할 때는 짠맛이 굉장히 강하고 거품이 나질 않아서 뭘까?라는 생각을 할 수가 있는데요. 양치가 끝나고 나면 굉장한 개운함에 반할거에요 특히 아침에 눈을 떴을 때 입냄새가 사라져서 더 좋을 겁니다. 가격이 타제품보다 비싸긴 하지만 전 이 치약만 계속 구입해서 사용할 거에요.  제가 적은 글이 어떠셨나요? 아쉬운 점이 있으면 말해주실래요? 저에게는 큰 도움이 된답니다 너무 고마워요  ",
    "Source": "SNS",
    "Domain": "생활",
    "MainCategory": "위생용품",
    "ProductName": "OO 데** 치약 100g ",
    "Syllable": "293",
    "Word": "73",
    "GeneralPolarity": "1",
    "Aspects": [
      {
        "Aspect": "성분/재질",
        "SentimentText": "처음 사용할 때는 짠맛이 굉장히 강하고",
        "SentimentWord": "6",
        "SentimentPolarity": "-1"
      },
      {
        "Aspect": "세정력/청결감",
        "SentimentText": "거품이 나질 않아서 뭘까?라는 생각을 할 수가 있는데요",
        "SentimentWord": "8",
        "SentimentPolarity": "-1"
      },
      {
        "Aspect": "세정력/청결감",
        "SentimentText": "양치가 끝나고 나면 굉장한 개운함에 반할거에요",
        "SentimentWord": "6",
        "SentimentPolarity": "1"
      },
      {
        "Aspect": "효과/성능/기능",
        "SentimentText": "특히 아침에 눈을 떴을 때 입냄새가 사라져서 더 좋을 겁니다. ",
        "SentimentWord": "10",
        "SentimentPolarity": "1"
      },
      {
        "Aspect": "가격",
        "SentimentText": "가격이 타제품보다 비싸긴 하지만",
        "SentimentWord": "4",
        "SentimentPolarity": "-1"
      }
    ]
  },
  {
    "Index": "1037788",
    "RawText": "이 제품을 사용하고 왜 사람들이 ㅇㅇ이라고 했는지 알 것 같아요. 후기가 궁금하시죠?  가격이 엄청 저렴해서 구매를 해봤습니다. 생각보다 나쁘지 않은 것 같아요. 일반적인 물티슈와 비교하면 제법 두꺼운 것 같습니다. 여러장 말리지 않고 한장씩 잘 뽑혀서 좋은 듯 하네요. 가격대비 품질이 굉장히 좋은 것 같네요. 유통기한도 넉넉해서 여유롭게 사용할 수 있을 것 같습니다.  긴 글이 많이 지루하지는 않으셨나요? 오늘은 블로그를 마치도록 하겠습니다. 읽어주셔서 감사합니다.",
    "Source": "SNS",
    "Domain": "생활",
    "MainCategory": "위생용품",
    "ProductName": "OO 핑** 물티슈 캡형 100매 ",
    "Syllable": "263",
    "Word": "63",
    "GeneralPolarity": "1",
    "Aspects": [
      {
        "Aspect": "가격",
        "SentimentText": "가격이 엄청 저렴해서 구매를 해봤습니다.",
        "SentimentWord": "5",
        "SentimentPolarity": "1"
      },
      {
        "Aspect": "두께",
        "SentimentText": "일반적인 물티슈와 비교하면 제법 두꺼운 것 같습니다.",
        "SentimentWord": "7",
        "SentimentPolarity": "1"
      },
      {
        "Aspect": "편의성/사용성/활용도",
        "SentimentText": "여러장 말리지 않고 한장씩 잘 뽑혀서 좋은 듯 하네요. ",
        "SentimentWord": "9",
        "SentimentPolarity": "1"
      },
      {
        "Aspect": "품질",
        "SentimentText": "가격대비 품질이 굉장히 좋은 것 같네요.",
        "SentimentWord": "6",
        "SentimentPolarity": "1"
      },
      {
        "Aspect": "유통기한",
        "SentimentText": "유통기한도 넉넉해서 여유롭게 사용할 수 있을 것 같습니다.",
        "SentimentWord": "8",
        "SentimentPolarity": "1"
      }
    ]
  },
  {
    "Index": "1037789",
    "RawText": "제 후기를 읽어보시고 나중에 물티슈 구매할 때 참고하시면 좋을 것 같습니다.  행주로 쓰는게 번거로워서 물티슈를 구매했습니다. 두꺼울거라 생각했는데 생각보다 굉장히 얇네요. 그리고 수분감이 있는듯 하지만 금방 물기가 마릅니다. 한번 닦고 버리기엔 간편해서 좋은 것 같네요. 가격도 굉장히 저렴해서 좋은 듯 합니다. 그것 외엔 만족감을 느낄 제품은 아닌 것 같습니다.  다들 행복한 하루되길 바라며 저의 블로그는 여기서 마치도록 하겠습니다. 모두 행복한 저녁되세요.  ",
    "Source": "SNS",
    "Domain": "생활",
    "MainCategory": "위생용품",
    "ProductName": "OO 깨** 아기 물티슈 캡형 100매",
    "Syllable": "261",
    "Word": "61",
    "GeneralPolarity": "0",
    "Aspects": [
      {
        "Aspect": "두께",
        "SentimentText": "두꺼울거라 생각했는데 생각보다 굉장히 얇네요. ",
        "SentimentWord": "5",
        "SentimentPolarity": "-1"
      },
      {
        "Aspect": "수분감/보습력",
        "SentimentText": "수분감이 있는듯 하지만 금방 물기가 마릅니다. ",
        "SentimentWord": "6",
        "SentimentPolarity": "-1"
      },
      {
        "Aspect": "편의성/사용성/활용도",
        "SentimentText": "한번 닦고 버리기엔 간편해서 좋은 것 같네요. ",
        "SentimentWord": "7",
        "SentimentPolarity": "1"
      },
      {
        "Aspect": "가격",
        "SentimentText": "가격도 굉장히 저렴해서 좋은 듯 합니다.",
        "SentimentWord": "6",
        "SentimentPolarity": "1"
      }
    ]
  },
  {
    "Index": "1037790",
    "RawText": "매번 밖에 있는 화장실 갈때마다 신경이 많이 쓰이셨죠? 오늘은 화장실에 걱정없이 갈 수 있는 ㅇㅇ를 소개하겠습니다.  따로 비데용이 필요할 것 같아서 구매를 했습니다. 집에서나 외출시 들고 다니면서 사용하기 간편한 것 같습니다. 생각보다 깨끗하게 닦여서 만족스럽네요. 두께도 도톰해서 좋은 듯 하네요. 피부에 닿을 때 따갑지 않고 자극적이지가 않아서 만족스러워요. 수분감도 적당히 있어서 더 좋은 것 같습니다.  오늘 제 후기가 잇님들에게 많은 도움이 되었길 바랍니다. 가시기전에 좋아요 꾹 눌러주시고 가시는 거 잊지않으셨죠?",
    "Source": "SNS",
    "Domain": "생활",
    "MainCategory": "위생용품",
    "ProductName": "OO 마** 비데 물티슈 리필형 46매 ",
    "Syllable": "294",
    "Word": "70",
    "GeneralPolarity": "1",
    "Aspects": [
      {
        "Aspect": "편의성/사용성/활용도",
        "SentimentText": "집에서나 외출시 들고 다니면서 사용하기 간편한 것 같습니다.",
        "SentimentWord": "8",
        "SentimentPolarity": "1"
      },
      {
        "Aspect": "세정력/청결감",
        "SentimentText": "생각보다 깨끗하게 닦여서 만족스럽네요. ",
        "SentimentWord": "4",
        "SentimentPolarity": "1"
      },
      {
        "Aspect": "두께",
        "SentimentText": "두께도 도톰해서 좋은 듯 하네요. ",
        "SentimentWord": "5",
        "SentimentPolarity": "1"
      },
      {
        "Aspect": "자극성",
        "SentimentText": "피부에 닿을 때 따갑지 않고 자극적이지가 않아서 만족스러워요. ",
        "SentimentWord": "8",
        "SentimentPolarity": "1"
      },
      {
        "Aspect": "수분감/보습력",
        "SentimentText": "수분감도 적당히 있어서 더 좋은 것 같습니다.",
        "SentimentWord": "7",
        "SentimentPolarity": "1"
      }
    ]
  },
  {
    "Index": "1037792",
    "RawText": "네? 아직까지 전동칫솔을 사용해보신 적이 없으시다고요? 그렇다면 제 후기를 먼저 보시고 결정을 하겠습니다.  기존 제품을 5년정도 사용했더니 고장이 나서 새로 구입을 했습니다. 케이스와 함께 오는 구성이라 정말 마음에 들어요. 여행다닐때는 케이스에 넣어서 다니면 되니 편리합니다. 치아 표면이 깨끗하게 닦여서 좋은 것 같네요. 전동 세기도 굉장히 강해서 만족스러운 것 같습니다.  여기서 이만 후기를 마치도록 하겠습니다. 나중에 힘이 된다면 다양한 제품도 포스팅해보도록 할게요.",
    "Source": "SNS",
    "Domain": "생활",
    "MainCategory": "위생용품",
    "ProductName": "OO 오** 전동칫솔",
    "Syllable": "267",
    "Word": "61",
    "GeneralPolarity": "1",
    "Aspects": [
      {
        "Aspect": "제품구성",
        "SentimentText": "케이스와 함께 오는 구성이라 정말 마음에 들어요. ",
        "SentimentWord": "7",
        "SentimentPolarity": "1"
      },
      {
        "Aspect": "편의성/사용성/활용도",
        "SentimentText": "여행다닐때는 케이스에 넣어서 다니면 되니 편리합니다. ",
        "SentimentWord": "6",
        "SentimentPolarity": "1"
      },
      {
        "Aspect": "세정력/청결감",
        "SentimentText": "치아 표면이 깨끗하게 닦여서 좋은 것 같네요. ",
        "SentimentWord": "7",
        "SentimentPolarity": "1"
      },
      {
        "Aspect": "효과/성능/기능",
        "SentimentText": "전동 세기도 굉장히 강해서 만족스러운 것 같습니다.",
        "SentimentWord": "7",
        "SentimentPolarity": "1"
      }
    ]
  },
  {
    "Index": "1037793",
    "RawText": "저 혼자만 알고 모르게 사용했던 칫솔인데요. 말하지 않으려고 했지만 입이 간질간질 거려서 오늘 후기를 남기려고 합니다.  이 제품을 추천을 많이 해서 1개 구매해서 사용했는데 너무 좋아서 추가구매를 했습니다. 구강이 작은 편인데 헤드가 작아서 좋은 것 같아요. 잇몸에 자극이 덜해서 양치할때 아프지 않아 참 좋네요. 치아 표면도 깨끗하게 닦아주는 듯 해서 만족합니다. 칫솔모도 탄탄해서 잘 구매한 것 같습니다.  후기는 여기까지 적도록 하겠습니다. 저의 모든 이웃님들의 포스팅 활동을 응원합니다~!",
    "Source": "SNS",
    "Domain": "생활",
    "MainCategory": "위생용품",
    "ProductName": "OO 시** 칫솔 ",
    "Syllable": "278",
    "Word": "67",
    "GeneralPolarity": "1",
    "Aspects": [
      {
        "Aspect": "사이즈/부피",
        "SentimentText": "구강이 작은 편인데 헤드가 작아서 좋은 것 같아요. ",
        "SentimentWord": "8",
        "SentimentPolarity": "1"
      },
      {
        "Aspect": "자극성",
        "SentimentText": "잇몸에 자극이 덜해서 양치할때 아프지 않아 참 좋네요. ",
        "SentimentWord": "8",
        "SentimentPolarity": "1"
      },
      {
        "Aspect": "세정력/청결감",
        "SentimentText": "치아 표면도 깨끗하게 닦아주는 듯 해서 만족합니다. ",
        "SentimentWord": "7",
        "SentimentPolarity": "1"
      },
      {
        "Aspect": "촉감/감촉",
        "SentimentText": "칫솔모도 탄탄해서 잘 구매한 것 같습니다.",
        "SentimentWord": "6",
        "SentimentPolarity": "1"
      }
    ]
  },
  {
    "Index": "1037794",
    "RawText": "어떤 칫솔을 쓰냐에 따라서 내 치아 건강이 달라집니다. 오늘은 잇님의 치아 건강을 생각해서 칫솔 후기를 들고 왔습니다.  기존에 사용하던게 마음에 들지 않아서 새롭게 구입을 했습니다. 칫솔모가 적당히 힘이 있어 괜찮은 것 같습니다. 가격이 엄청 저렴해서 마음에 듭니다. 구석구석 치아 틈새까지 잘 닦여서 참 좋은 것 같네요. 힘을 많이 줘도 쉽게 칫솔모가 벌어질 것 같지 않아서 좋은 듯 합니다.  제 솔직담백한 후기가 즐거우셨나요? 모두들 오늘도 화이팅 하시고 즐거운 하루되시길 바랍니다.",
    "Source": "SNS",
    "Domain": "생활",
    "MainCategory": "위생용품",
    "ProductName": "OO 고** 틈새케어 칫솔 ",
    "Syllable": "274",
    "Word": "69",
    "GeneralPolarity": "1",
    "Aspects": [
      {
        "Aspect": "촉감/감촉",
        "SentimentText": "칫솔모가 적당히 힘이 있어 괜찮은 것 같습니다.",
        "SentimentWord": "7",
        "SentimentPolarity": "1"
      },
      {
        "Aspect": "가격",
        "SentimentText": "가격이 엄청 저렴해서 마음에 듭니다. ",
        "SentimentWord": "5",
        "SentimentPolarity": "1"
      },
      {
        "Aspect": "세정력/청결감",
        "SentimentText": "구석구석 치아 틈새까지 잘 닦여서 참 좋은 것 같네요. ",
        "SentimentWord": "9",
        "SentimentPolarity": "1"
      },
      {
        "Aspect": "내구성/견고성",
        "SentimentText": "힘을 많이 줘도 쉽게 칫솔모가 벌어질 것 같지 않아서 좋은 듯 합니다.",
        "SentimentWord": "12",
        "SentimentPolarity": "1"
      }
    ]
  },
  {
    "Index": "1037795",
    "RawText": "잇님들 ~ 전 요즘 당근과 사랑에 빠졌어요. 먹는 당근이 아닌 피부에 투자하는 당근입니다.  폼클렌징은 트러블이 너무 심한 것 같아서 비누로 바꿔봤는데요. 이 비누로 사용했을 땐 자극이 덜하고 트러블이 덜 나서 좋은 것 같습니다. 특히 미백에 굉장한 효과가 있다고 하는데 조금 더 사용해보면 알 수 있을 것 같네요. 사용했을 때 보습감이 좋아서인지 당기지 않아 마음에 들어요. 향도 나쁘지 않은 듯 싶네요.  후기에 대해 기타 궁금한 점이 있다면 언제든지 댓글 남겨주세요.  제가 매우 빠른 속도로 달려가겠습니다.",
    "Source": "SNS",
    "Domain": "생활",
    "MainCategory": "위생용품",
    "ProductName": "OO 당** 비누 50g ",
    "Syllable": "287",
    "Word": "74",
    "GeneralPolarity": "1",
    "Aspects": [
      {
        "Aspect": "자극성",
        "SentimentText": "자극이 덜하고 트러블이 덜 나서 좋은 것 같습니다. ",
        "SentimentWord": "8",
        "SentimentPolarity": "1"
      },
      {
        "Aspect": "효과/성능/기능",
        "SentimentText": "미백에 굉장한 효과가 있다고 하는데 조금 더 사용해보면 알 수 있을 것 같네요. ",
        "SentimentWord": "13",
        "SentimentPolarity": "0"
      },
      {
        "Aspect": "수분감/보습력",
        "SentimentText": "사용했을 때 보습감이 좋아서인지 당기지 않아 마음에 들어요. ",
        "SentimentWord": "8",
        "SentimentPolarity": "1"
      },
      {
        "Aspect": "향/냄새",
        "SentimentText": "향도 나쁘지 않은 듯 싶네요.",
        "SentimentWord": "5",
        "SentimentPolarity": "0"
      }
    ]
  },
  {
    "Index": "1037796",
    "RawText": "잇님들~ 예전 블로그에 소개드린 상품인데 혹시 기억하시나요? 오늘은 다른 향을 비교하기 위해 이렇게 후기를 작성하게 되었어요.  제가 민감성 피부인데요. 아무거나 막 쓰지 못했는데 이 비누는 트러블이 나지 않아 참 좋은 것 같습니다. 세안뿐만 아니라 바디, 머리 감기도 가능해서 좋네요. 씻고 나왔을 때 피부 당김없이 촉촉해서 너무 만족스러워요. 머리가 아픈 향이 아닌 은은한 향이라 참 좋습니다. 다만 용량이 굉장히 작아요.  여기서 이만 후기를 마치도록 하겠습니다. 나중에 힘이 된다면 다양한 제품도 포스팅해보도록 할게요.  ",
    "Source": "SNS",
    "Domain": "생활",
    "MainCategory": "위생용품",
    "ProductName": "OO 링** 에그팩 ",
    "Syllable": "296",
    "Word": "71",
    "GeneralPolarity": "1",
    "Aspects": [
      {
        "Aspect": "자극성",
        "SentimentText": "이 비누는 트러블이 나지 않아 참 좋은 것 같습니다.",
        "SentimentWord": "9",
        "SentimentPolarity": "1"
      },
      {
        "Aspect": "편의성/사용성/활용도",
        "SentimentText": "세안뿐만 아니라 바디, 머리 감기도 가능해서 좋네요. ",
        "SentimentWord": "7",
        "SentimentPolarity": "1"
      },
      {
        "Aspect": "수분감/보습력",
        "SentimentText": "씻고 나왔을 때 피부 당김없이 촉촉해서 너무 만족스러워요. ",
        "SentimentWord": "8",
        "SentimentPolarity": "1"
      },
      {
        "Aspect": "향/냄새",
        "SentimentText": "머리가 아픈 향이 아닌 은은한 향이라 참 좋습니다. ",
        "SentimentWord": "8",
        "SentimentPolarity": "1"
      },
      {
        "Aspect": "용량/수량",
        "SentimentText": "용량이 굉장히 작아요.",
        "SentimentWord": "3",
        "SentimentPolarity": "-1"
      }
    ]
  },
  {
    "Index": "1037797",
    "RawText": "오늘은 맛있는 계란 한판 몰고가세요~ 오늘 보여드릴 제품은 ㅇㅇ 비누입니다.  항상 애정하는 제품입니다. 가격이 타제품에 비해 비싼편이긴 하지만 너무 좋아서 쓰고 있어요. 세정력이 타 비누에 비해 잘 씻겨져서 참 좋습니다. 특히 로션을 바르지 않아도 당기지 않고 촉촉해서 딱 좋은 것 같네요. 향이 엄청 강하지 않고 은은해서 더 좋습니다. 모공이 늘 신경쓰였는데 확실히 줄어들어 효과는 있는 것 같네요.  후기에 대해 기타 궁금한 점이 있다면 언제든지 댓글 남겨주세요.  제가 매우 빠른 속도로 달려가겠습니다.",
    "Source": "SNS",
    "Domain": "생활",
    "MainCategory": "위생용품",
    "ProductName": "OO 클** 에그바디팩 ",
    "Syllable": "285",
    "Word": "71",
    "GeneralPolarity": "1",
    "Aspects": [
      {
        "Aspect": "가격",
        "SentimentText": "가격이 타제품에 비해 비싼편이긴 하지만",
        "SentimentWord": "5",
        "SentimentPolarity": "-1"
      },
      {
        "Aspect": "세정력/청결감",
        "SentimentText": "세정력이 타 비누에 비해 잘 씻겨져서 참 좋습니다. ",
        "SentimentWord": "8",
        "SentimentPolarity": "1"
      },
      {
        "Aspect": "수분감/보습력",
        "SentimentText": "로션을 바르지 않아도 당기지 않고 촉촉해서 딱 좋은 것 같네요. ",
        "SentimentWord": "10",
        "SentimentPolarity": "1"
      },
      {
        "Aspect": "향/냄새",
        "SentimentText": "향이 엄청 강하지 않고 은은해서 더 좋습니다. ",
        "SentimentWord": "7",
        "SentimentPolarity": "1"
      },
      {
        "Aspect": "효과/성능/기능",
        "SentimentText": "모공이 늘 신경쓰였는데 확실히 줄어들어 효과는 있는 것 같네요.",
        "SentimentWord": "9",
        "SentimentPolarity": "1"
      }
    ]
  },
  {
    "Index": "1037844",
    "RawText": "하루 하루가 소중하듯 저에게 우리 이웃님들도 너무 소중하답니다  ㅇㅇ가 마스크 중에서는 가격이 조금 나가네요 그래도 새부리형 중에서 디자인이 제일 예뻐요 대형 사이즈 주문했는데 넉넉하니 좋습니다 가벼워서 맘에 드네요 개별포장이어서 사용하기에도 정말 편리합니다 오래 착용해 봤는데 귀도 안아프고 숨쉬기가 너무 편한 것 같습니다  이래서 다들 ㅇㅇ 하나 봅니다  제 이야기 끝이네요! 혹시 제 이야기가 어땠나요? 오늘도 행복하고 편안한 저녁시간 보내세요!  ",
    "Source": "SNS",
    "Domain": "생활",
    "MainCategory": "위생용품",
    "ProductName": "OO 어** 라이트 핏 KF80 대형 ",
    "Syllable": "254",
    "Word": "59",
    "GeneralPolarity": "1",
    "Aspects": [
      {
        "Aspect": "가격",
        "SentimentText": " 가격이 조금 나가네요",
        "SentimentWord": "3",
        "SentimentPolarity": "-1"
      },
      {
        "Aspect": "디자인",
        "SentimentText": "새부리형 중에서 디자인이 제일 예뻐요 ",
        "SentimentWord": "5",
        "SentimentPolarity": "1"
      },
      {
        "Aspect": "사이즈/부피",
        "SentimentText": "대형 사이즈 주문했는데 넉넉하니 좋습니다",
        "SentimentWord": "5",
        "SentimentPolarity": "1"
      },
      {
        "Aspect": "무게",
        "SentimentText": "가벼워서 맘에 드네요",
        "SentimentWord": "3",
        "SentimentPolarity": "1"
      },
      {
        "Aspect": "편의성/사용성/활용도",
        "SentimentText": "개별포장이어서 사용하기에도 정말 편리합니다",
        "SentimentWord": "4",
        "SentimentPolarity": "1"
      },
      {
        "Aspect": "착용감",
        "SentimentText": "오래 착용해 봤는데 귀도 안아프고",
        "SentimentWord": "5",
        "SentimentPolarity": "1"
      },
      {
        "Aspect": "호흡성/통기성",
        "SentimentText": "숨쉬기가 너무 편한 것 같습니다 ",
        "SentimentWord": "5",
        "SentimentPolarity": "1"
      }
    ]
  },
  {
    "Index": "1038062",
    "RawText": "아직까지 본인 피부에 맞는 비누를 찾으시지 못하셨나요? 오늘 포스팅을 보신다면 결정을 하실 수 있을 겁니다. 시작할게요.  평소에도 화장품으로 쓰고 있는 브랜드인데요. 비누도 궁금해서 구매를 해봤습니다. 브랜드값인지 비누치고는 제법 비싼편입니다. 향이 굉장히 좋아서 만족하네요. 메이크업도 잘 지워질 만큼 세정력이 참 좋습니다. 피부가 건조하지 않고 촉촉함이 남아서 참 좋은 것 같습니다.  제 글을 모두 읽어 주셔서 너무 감사합니다 잠시만 시간내시어  댓글 또는 좋아요를 눌러주시면 저에겐 큰 힘이 될 것 같아요 감사해요.",
    "Source": "SNS",
    "Domain": "생활",
    "MainCategory": "위생용품",
    "ProductName": "OO 궁** 비누 100g ",
    "Syllable": "293",
    "Word": "69",
    "GeneralPolarity": "1",
    "Aspects": [
      {
        "Aspect": "가격",
        "SentimentText": "브랜드값인지 비누치고는 제법 비싼편입니다.",
        "SentimentWord": "4",
        "SentimentPolarity": "-1"
      },
      {
        "Aspect": "향/냄새",
        "SentimentText": "향이 굉장히 좋아서 만족하네요. ",
        "SentimentWord": "4",
        "SentimentPolarity": "1"
      },
      {
        "Aspect": "세정력/청결감",
        "SentimentText": "메이크업도 잘 지워질 만큼 세정력이 참 좋습니다.",
        "SentimentWord": "7",
        "SentimentPolarity": "1"
      },
      {
        "Aspect": "수분감/보습력",
        "SentimentText": "피부가 건조하지 않고 촉촉함이 남아서 참 좋은 것 같습니다.",
        "SentimentWord": "9",
        "SentimentPolarity": "1"
      }
    ]
  },
  {
    "Index": "1038063",
    "RawText": "이웃님들의 피부를 책임질수 있는 비누 후기를 들고 왔는데요. 많이 궁금하시지 않으신가요? 지금부터 솔직담백한 후기를 시작할게요.  늘 이것만 고집하면서 사용하고 있습니다. 자극이 없어서 엄청 순해서 좋은 것 같아요. 세정력이 굉장히 좋아서 만족스러워요. 아들 여드름에도 효과가 있는 것 같아서 만족해요. 유통기한이 1년이나 넘게 남아서 여유로운 것 같습니다.   오늘 내용이 좋은 정보가 되였나요? 그랬다면 좋아요와 댓글 부탁드려요 다음에도 더 좋은 내용으로 찾아뵐께요.",
    "Source": "SNS",
    "Domain": "생활",
    "MainCategory": "위생용품",
    "ProductName": "OO 프** 비누 100g ",
    "Syllable": "263",
    "Word": "59",
    "GeneralPolarity": "1",
    "Aspects": [
      {
        "Aspect": "자극성",
        "SentimentText": "자극이 없어서 엄청 순해서 좋은 것 같아요.",
        "SentimentWord": "7",
        "SentimentPolarity": "1"
      },
      {
        "Aspect": "세정력/청결감",
        "SentimentText": "세정력이 굉장히 좋아서 만족스러워요. ",
        "SentimentWord": "4",
        "SentimentPolarity": "1"
      },
      {
        "Aspect": "효과/성능/기능",
        "SentimentText": "아들 여드름에도 효과가 있는 것 같아서 만족해요. ",
        "SentimentWord": "7",
        "SentimentPolarity": "1"
      },
      {
        "Aspect": "유통기한",
        "SentimentText": "유통기한이 1년이나 넘게 남아서 여유로운 것 같습니다.",
        "SentimentWord": "7",
        "SentimentPolarity": "1"
      }
    ]
  },
  {
    "Index": "1038064",
    "RawText": "저는 매일 오이를 먹을만큼 오이롤 정말 좋아하는데요. 이젠 먹는게 아닌 피부에도 투자하려고 합니다. 지금부터 포스팅을 시작할게요.  남편이 꼭 비누로 세안을 하려고 해서 구매를 했습니다. 최신 제조일이라서 만족스러운 것 같습니다. 가격도 굉장히 저렴해서 부담없는 것 같네요. 향이 역한 오이향이 아닌 상큼한 오이향이라서 좋은 것 같습니다. 세안했을 때 당김도 없으니 더 만족하고 있어요.  오늘의 제 포스팅이 마음에 들었나요? 그랬다면 너무 좋을 것 같아요. 부담없이 좋아요 클릭 많이 눌려주시면 제가 행복 할 것 같네요.",
    "Source": "SNS",
    "Domain": "생활",
    "MainCategory": "위생용품",
    "ProductName": "OO 오** 비누 100g ",
    "Syllable": "292",
    "Word": "71",
    "GeneralPolarity": "1",
    "Aspects": [
      {
        "Aspect": "유통기한",
        "SentimentText": "최신 제조일이라서 만족스러운 것 같습니다.",
        "SentimentWord": "5",
        "SentimentPolarity": "1"
      },
      {
        "Aspect": "가격",
        "SentimentText": "가격도 굉장히 저렴해서 부담없는 것 같네요. ",
        "SentimentWord": "6",
        "SentimentPolarity": "1"
      },
      {
        "Aspect": "향/냄새",
        "SentimentText": "향이 역한 오이향이 아닌 상큼한 오이향이라서 좋은 것 같습니다. ",
        "SentimentWord": "9",
        "SentimentPolarity": "1"
      },
      {
        "Aspect": "수분감/보습력",
        "SentimentText": "세안했을 때 당김도 없으니 더 만족하고 있어요.",
        "SentimentWord": "7",
        "SentimentPolarity": "1"
      }
    ]
  },
  {
    "Index": "1038065",
    "RawText": "잇님들~ 오늘 하루도 평온하셨나요? 저는 더 좋은 포스팅을 하기 위해서 발품을 팔았는데요. 오늘은 어떤 포스팅을 들고 왔는지 궁금하시다면 지금 시작하도록 할게요.  저는 피부가 건조해서 비누를 사용하지 않지만 워낙 좋다는 말에 구매를 했습니다. 로션을 바르지 않아도 당김이 없어서 좋네요. 머리도 감고 세안도 하고 다용도로 사용하고 있습니다. 향도 정말 만족스러운 것 같습니다. 가격까지 저렴하다니 왜 이제야 알았나 싶은 후회가 밀려옵니다.  정성껏 준비한 오늘의 제 블로그 내용이 어떤 것 같아요? 어떤말씀이라도 댓글로 말해주시면 제가 힘이 될것 같습니다 감사해요",
    "Source": "SNS",
    "Domain": "생활",
    "MainCategory": "위생용품",
    "ProductName": "OO 풀** 발효 비누 100g ",
    "Syllable": "316",
    "Word": "75",
    "GeneralPolarity": "1",
    "Aspects": [
      {
        "Aspect": "수분감/보습력",
        "SentimentText": " 로션을 바르지 않아도 당김이 없어서 좋네요. ",
        "SentimentWord": "6",
        "SentimentPolarity": "1"
      },
      {
        "Aspect": "편의성/사용성/활용도",
        "SentimentText": "머리도 감고 세안도 하고 다용도로 사용하고 있습니다.",
        "SentimentWord": "7",
        "SentimentPolarity": "1"
      },
      {
        "Aspect": "향/냄새",
        "SentimentText": "향도 정말 만족스러운 것 같습니다.",
        "SentimentWord": "5",
        "SentimentPolarity": "1"
      },
      {
        "Aspect": "가격",
        "SentimentText": "가격까지 저렴하다니 ",
        "SentimentWord": "2",
        "SentimentPolarity": "1"
      }
    ]
  },
  {
    "Index": "1038066",
    "RawText": "주1회씩 얼굴에 머드팩을 바르시지 않으신가요? 번거롭게 하지마시고 간단한 세안으로 피부를 챙겨보는 건 어떨까요?  평소에 트러블이 많이나서 알아봤더니 폼클렌징의 영향이 매우 크더라고요. 그래서 비누로 바꿔봤습니다. 세안을 했을 때 당김없이 엄청 촉촉함이 좋은 것 같습니다. 특히 씻고났을 때 잔여물이 남는게 없어서 너무 만족스러워요. 자극적이지 않은 향이라서 굉장히 좋은 것 같네요. 피부 미백에도 효과가 있는 것 같아서 좋네요.  이상 제가 준비한 이야기가 끝이 났습니다. 즐거운 밤 되시길 바랍니다. 내일은 더 좋은 포스팅으로 돌아오도록 하겠습니다.",
    "Source": "SNS",
    "Domain": "생활",
    "MainCategory": "위생용품",
    "ProductName": "OO 머** 마사지 비누 100g ",
    "Syllable": "309",
    "Word": "71",
    "GeneralPolarity": "1",
    "Aspects": [
      {
        "Aspect": "수분감/보습력",
        "SentimentText": "세안을 했을 때 당김없이 엄청 촉촉함이 좋은 것 같습니다. ",
        "SentimentWord": "9",
        "SentimentPolarity": "1"
      },
      {
        "Aspect": "세정력/청결감",
        "SentimentText": "씻고났을 때 잔여물이 남는게 없어서 너무 만족스러워요.",
        "SentimentWord": "7",
        "SentimentPolarity": "1"
      },
      {
        "Aspect": "향/냄새",
        "SentimentText": " 자극적이지 않은 향이라서 굉장히 좋은 것 같네요.",
        "SentimentWord": "7",
        "SentimentPolarity": "1"
      },
      {
        "Aspect": "효과/성능/기능",
        "SentimentText": "피부 미백에도 효과가 있는 것 같아서 좋네요.",
        "SentimentWord": "7",
        "SentimentPolarity": "1"
      }
    ]
  },
  {
    "Index": "1038136",
    "RawText": "잇님들~ 오늘 하루는 어떤 특별한 일이 있었나요? 없으셨다면 제가 특별한 하루를 만들어드릴게요. 지금부터 후기를 시작하겠습니다.  샘플로 들어와서 사용했는데 너무 좋은 것 같아서 구입을 했습니다. 일반 폼클렌징보다 세안이 더 깨끗하게 되는 듯 해서 만족스러운 것 같네요. 향도 굉장히 좋은 것 같아서 마음에 들어요. 특히 세안후에도 촉촉함이 남아서 기쁘네요. 다만 브랜드답게 가격이 조금 비싼게 흠이긴 합니다.  많이 즐거우셨나요? 오늘은 여기서 포스팅을 마치도록 하겠습니다.  오늘도 내일도 항상 기분좋은 날이 되길 바래요. ",
    "Source": "SNS",
    "Domain": "생활",
    "MainCategory": "위생용품",
    "ProductName": "OO 궁** 비누 50g ",
    "Syllable": "295",
    "Word": "68",
    "GeneralPolarity": "1",
    "Aspects": [
      {
        "Aspect": "세정력/청결감",
        "SentimentText": "일반 폼클렌징보다 세안이 더 깨끗하게 되는 듯 해서 만족스러운 것 같네요.",
        "SentimentWord": "11",
        "SentimentPolarity": "1"
      },
      {
        "Aspect": "향/냄새",
        "SentimentText": "향도 굉장히 좋은 것 같아서 마음에 들어요.",
        "SentimentWord": "7",
        "SentimentPolarity": "1"
      },
      {
        "Aspect": "수분감/보습력",
        "SentimentText": " 세안후에도 촉촉함이 남아서 기쁘네요. ",
        "SentimentWord": "4",
        "SentimentPolarity": "1"
      },
      {
        "Aspect": "가격",
        "SentimentText": "가격이 조금 비싼게 흠이긴 합니다.",
        "SentimentWord": "5",
        "SentimentPolarity": "-1"
      }
    ]
  },
  {
    "Index": "1038137",
    "RawText": "그동안 잊고 있었던 추억 속의 비누를 꺼내보려고 합니다. 어떤 상품인지 많이 궁금하시지 않으신가요?  추억속의 비누가 아직도 판매하고 있길래 너무 궁금해서 구매를 했습니다. 역시나 여전히 좋은 것 같네요. 향이 정말 만족스러운 것 같습니다. 세안을 했을 때 굉장히 뽀득거려서 좋은 것 같아요. 항균 비누라서 더 믿음이 가는 것 같습니다. 예전이나 지금이나 가격도 저렴해서 부담이 없는 것 같네요.  포스팅을 보시고 더 좋은 선택을 할수 있는 의미있는 글이였으면 좋겠네요. 오늘도 좋은 하루를 보내시길 바랍니다.",
    "Source": "SNS",
    "Domain": "생활",
    "MainCategory": "위생용품",
    "ProductName": "OO 골** 비누 100g ",
    "Syllable": "285",
    "Word": "70",
    "GeneralPolarity": "1",
    "Aspects": [
      {
        "Aspect": "향/냄새",
        "SentimentText": "향이 정말 만족스러운 것 같습니다.",
        "SentimentWord": "5",
        "SentimentPolarity": "1"
      },
      {
        "Aspect": "세정력/청결감",
        "SentimentText": "세안을 했을 때 굉장히 뽀득거려서 좋은 것 같아요. ",
        "SentimentWord": "8",
        "SentimentPolarity": "1"
      },
      {
        "Aspect": "성분/재질",
        "SentimentText": "항균 비누라서 더 믿음이 가는 것 같습니다",
        "SentimentWord": "7",
        "SentimentPolarity": "1"
      },
      {
        "Aspect": "가격",
        "SentimentText": "가격도 저렴해서 부담이 없는 것 같네요.",
        "SentimentWord": "6",
        "SentimentPolarity": "1"
      }
    ]
  },
  {
    "Index": "1038146",
    "RawText": "촉촉함을 느끼게 해줄 핫한 비누를 들고 왔는데요~ 잇님들 많이 궁금하시죠? 지금부터 후기를 알려드릴게요. 눈 크게 뜨고 보세요.  집에 비누가 떨어지면 항상 구매를 하고 있는 제품입니다. 세안을 할때 촉촉해서 너무 좋은 것 같습니다. 만졌을 때도 엄청 부드러워서 좋네요. 거품도 굉장히 풍성해서 세정이 잘 되는 듯 합니다. 향도 좋아서 계속 맡고 싶을 정도네요. 오늘도 내일도 쓰고 싶은 비누인건 확실 한 것 같아요.  오늘도 저의 긴 글을 읽느라 힘드시지 않으셨나요? 아쉽지만 제 포스팅은 여기서 마치도록 하겠습니다. 내일은 더 좋은 내용으로 찾아올게요.",
    "Source": "SNS",
    "Domain": "생활",
    "MainCategory": "위생용품",
    "ProductName": "OO 아** 비누 90g ",
    "Syllable": "311",
    "Word": "78",
    "GeneralPolarity": "1",
    "Aspects": [
      {
        "Aspect": "수분감/보습력",
        "SentimentText": "세안을 할때 촉촉해서 너무 좋은 것 같습니다.",
        "SentimentWord": "7",
        "SentimentPolarity": "1"
      },
      {
        "Aspect": "촉감/감촉",
        "SentimentText": "만졌을 때도 엄청 부드러워서 좋네요.",
        "SentimentWord": "5",
        "SentimentPolarity": "1"
      },
      {
        "Aspect": "세정력/청결감",
        "SentimentText": "거품도 굉장히 풍성해서 세정이 잘 되는 듯 합니다.",
        "SentimentWord": "8",
        "SentimentPolarity": "1"
      },
      {
        "Aspect": "향/냄새",
        "SentimentText": "향도 좋아서 계속 맡고 싶을 정도네요. ",
        "SentimentWord": "6",
        "SentimentPolarity": "1"
      }
    ]
  }
]