[
  {
    "Index": "1036716",
    "RawText": "여러제품을 실제 사용해보고 많은 리뷰를 보고 고른 상품입니다.  상품을 받자마자 아무것도 모르고 안전핀을 빼는 순간 순가락이 끼어서 피가 났습니다. 자력이 너무 강해서 항상 조심해야 할 것 같습니다. 한번 붙는 순간 떼는 게 엄청 힘들어요. 사용하는 법이 어려워서 불편한 것 같습니다. 창문에 잘 밀린다고 하던데 뻑뻑하게 밀려서 별로네요. 생각보다 창문이 깨끗하게 닦이지도 않아서 아쉬운 제품인 것 같아요.  본 포스팅은 어떠한 지원없이 내돈으로 직접 구매하여 작성한 리뷰입니다.",
    "Source": "SNS",
    "Domain": "생활",
    "MainCategory": "청소/세탁용품",
    "ProductName": "OO 양면자석 유리창닦이",
    "Syllable": "268",
    "Word": "65",
    "GeneralPolarity": "-1",
    "Aspects": [
      {
        "Aspect": "품질",
        "SentimentText": "안전핀을 빼는 순간 순가락이 끼어서 피가 났습니다.",
        "SentimentWord": "7",
        "SentimentPolarity": "-1"
      },
      {
        "Aspect": "효과/성능/기능",
        "SentimentText": "자력이 너무 강해서 항상 조심해야 할 것 같습니다. ",
        "SentimentWord": "8",
        "SentimentPolarity": "-1"
      },
      {
        "Aspect": "품질",
        "SentimentText": "한번 붙는 순간 떼는 게 엄청 힘들어요. ",
        "SentimentWord": "7",
        "SentimentPolarity": "-1"
      },
      {
        "Aspect": "편의성/사용성/활용도",
        "SentimentText": "사용하는 법이 어려워서 불편한 것 같습니다. ",
        "SentimentWord": "6",
        "SentimentPolarity": "-1"
      },
      {
        "Aspect": "품질",
        "SentimentText": "창문에 잘 밀린다고 하던데 뻑뻑하게 밀려서 별로네요. ",
        "SentimentWord": "7",
        "SentimentPolarity": "-1"
      },
      {
        "Aspect": "세척/세정력",
        "SentimentText": "생각보다 창문이 깨끗하게 닦이지도 않아서 ",
        "SentimentWord": "5",
        "SentimentPolarity": "-1"
      }
    ]
  },
  {
    "Index": "1036717",
    "RawText": "안녕하세요 요즘 인기가 하늘을 찌르고 있는 제품이 있어서 소개해드릴까 합니다   건조대도 튼튼해서 좋네요. 이동시에도 빨래를 걸 때도 봉이 잘 잡혀있어서 좋습니다 조립도 간편하고 이음부분도 헐렁한감이 없이 타이트하게 조립이 되네요 지지대가 한쪽에 두개라서 안정감이 있습니다 높이도 적당하고 수건도 두개씩 널 수 있어서 좋아요 바퀴도 제 기능을 충분히 잘하는 것 같습니다 가격이 딱 적당해서 마음에 드네요  여기까지 저의 설명은 끝이네요 혹시 설명이 어렵거나 헷갈리지는 않았는지 걱정이 되네요 그럼 도움이 되셨길 바라며 다음에 뵈요!",
    "Source": "SNS",
    "Domain": "생활",
    "MainCategory": "청소/세탁용품",
    "ProductName": "OO 위** 프리미엄 빨래건조대 6단",
    "Syllable": "297",
    "Word": "71",
    "GeneralPolarity": "1",
    "Aspects": [
      {
        "Aspect": "내구성/견고성",
        "SentimentText": "건조대도 튼튼해서 좋네요",
        "SentimentWord": "3",
        "SentimentPolarity": "1"
      },
      {
        "Aspect": "내구성/견고성",
        "SentimentText": "이동시에도 빨래를 걸 때도 봉이 잘 잡혀있어서 좋습니다 ",
        "SentimentWord": "8",
        "SentimentPolarity": "1"
      },
      {
        "Aspect": "조립성",
        "SentimentText": "조립도 간편하고 이음부분도 헐렁한감이 없이 타이트하게 조립이 되네요",
        "SentimentWord": "8",
        "SentimentPolarity": "1"
      },
      {
        "Aspect": "내구성/견고성",
        "SentimentText": "지지대가 한쪽에 두개라서 안정감이 있습니다",
        "SentimentWord": "5",
        "SentimentPolarity": "1"
      },
      {
        "Aspect": "사이즈/부피",
        "SentimentText": "높이도 적당하고",
        "SentimentWord": "2",
        "SentimentPolarity": "1"
      },
      {
        "Aspect": "수납/건조공간",
        "SentimentText": "수건도 두개씩 널 수 있어서 좋아요",
        "SentimentWord": "6",
        "SentimentPolarity": "1"
      },
      {
        "Aspect": "품질",
        "SentimentText": " 바퀴도 제 기능을 충분히 잘하는 것 같습니다",
        "SentimentWord": "7",
        "SentimentPolarity": "1"
      },
      {
        "Aspect": "가격",
        "SentimentText": " 가격이 딱 적당해서 마음에 드네요",
        "SentimentWord": "5",
        "SentimentPolarity": "1"
      }
    ]
  },
  {
    "Index": "1036718",
    "RawText": "이웃님 반갑습니다! 오랫만에 제가 ㅇㅇ 제품을 포스팅을 해보겠습니다   ㅇㅇ 제품은 만족도가 높네요 디자인이 심플하고 깔끔해서 너무 좋습니다 색상도 화이트라 맘에 들어요 크지도 작지도 않은 딱 적당한 사이즈라 사용성이 좋습니다 접어서 보관할수 있어 공간 활용 용이하네요 이 가격에 이 정도 품질이면 훌륭하다고 생각해요 지지대도 튼튼합니다 재질도 천이 아니라 곰팡이 걱정이 없어서 너무 좋네요 가성비 짱이에요  제 이야기 끝이네요! 혹시 제 이야기가 어땠나요? 오늘도 행복하고 편안한 저녁시간 보내세요!   ",
    "Source": "SNS",
    "Domain": "생활",
    "MainCategory": "청소/세탁용품",
    "ProductName": "OO 빨래주머니 70L (1개) ",
    "Syllable": "283",
    "Word": "66",
    "GeneralPolarity": "1",
    "Aspects": [
      {
        "Aspect": "디자인",
        "SentimentText": "디자인이 심플하고 깔끔해서 너무 좋습니다",
        "SentimentWord": "5",
        "SentimentPolarity": "1"
      },
      {
        "Aspect": "색상",
        "SentimentText": "색상도 화이트라 맘에 들어요",
        "SentimentWord": "4",
        "SentimentPolarity": "1"
      },
      {
        "Aspect": "사이즈/부피",
        "SentimentText": "크지도 작지도 않은 딱 적당한 사이즈라 ",
        "SentimentWord": "6",
        "SentimentPolarity": "1"
      },
      {
        "Aspect": "편의성/사용성/활용도",
        "SentimentText": "사용성이 좋습니다",
        "SentimentWord": "2",
        "SentimentPolarity": "1"
      },
      {
        "Aspect": "편의성/사용성/활용도",
        "SentimentText": "접어서 보관할수 있어 공간 활용 용이하네요 ",
        "SentimentWord": "6",
        "SentimentPolarity": "1"
      },
      {
        "Aspect": "가격",
        "SentimentText": "이 가격에",
        "SentimentWord": "2",
        "SentimentPolarity": "1"
      },
      {
        "Aspect": "품질",
        "SentimentText": "이 정도 품질이면 훌륭하다고 생각해요",
        "SentimentWord": "5",
        "SentimentPolarity": "1"
      },
      {
        "Aspect": "내구성/견고성",
        "SentimentText": "지지대도 튼튼합니다",
        "SentimentWord": "2",
        "SentimentPolarity": "1"
      },
      {
        "Aspect": "재질/소재",
        "SentimentText": "재질도 천이 아니라 곰팡이 걱정이 없어서 너무 좋네요 ",
        "SentimentWord": "8",
        "SentimentPolarity": "1"
      },
      {
        "Aspect": "가격",
        "SentimentText": "가성비 짱이에요",
        "SentimentWord": "2",
        "SentimentPolarity": "1"
      }
    ]
  },
  {
    "Index": "1036719",
    "RawText": "안녕하세요? 잇님 건강은 괜찮으신가요? 이번 시간에 주변에도 칭찬을 많이 하는 제품을 소개할까 합니다  인덕션 매우 잘 닦아지고 좋네요 간편하고 편리하게 인덕션을 관리할 수 있어서 너무 좋습니다 닦아내고 나면 은은한 향까지 매력적입니다 일반 크리너처럼 세제 같은게 묻어 있진 않지만 잘 닦입니다 두께도 도톰하고 물티슈처럼 생겨서 기름때가 잘 닦이네요 보이진 않지만 살균도 된다고 하니 안심하고 쓰겠습니다 가격은 비싼편이네요  제 블로그가 마음에 드셨나요? 그러셨으면 너무 좋겠네요 혹시 질문 있으면 어렵게 생각말고 편안하게 댓글 남겨주세요",
    "Source": "SNS",
    "Domain": "생활",
    "MainCategory": "청소/세탁용품",
    "ProductName": "OO 인덕션 클린 티슈 캡형 50매 (1팩) ",
    "Syllable": "301",
    "Word": "71",
    "GeneralPolarity": "1",
    "Aspects": [
      {
        "Aspect": "세척/세정력",
        "SentimentText": "인덕션 매우 잘 닦아지고 좋네요",
        "SentimentWord": "5",
        "SentimentPolarity": "1"
      },
      {
        "Aspect": "편의성/사용성/활용도",
        "SentimentText": " 간편하고 편리하게 인덕션을 관리할 수 있어서 너무 좋습니다",
        "SentimentWord": "8",
        "SentimentPolarity": "1"
      },
      {
        "Aspect": "향/냄새",
        "SentimentText": "닦아내고 나면 은은한 향까지 매력적입니다 ",
        "SentimentWord": "5",
        "SentimentPolarity": "1"
      },
      {
        "Aspect": "세척/세정력",
        "SentimentText": "일반 크리너처럼 세제 같은게 묻어 있진 않지만 잘 닦입니다",
        "SentimentWord": "9",
        "SentimentPolarity": "1"
      },
      {
        "Aspect": "길이/폭/두께",
        "SentimentText": "두께도 도톰하고",
        "SentimentWord": "2",
        "SentimentPolarity": "1"
      },
      {
        "Aspect": "세척/세정력",
        "SentimentText": " 물티슈처럼 생겨서 기름때가 잘 닦이네요",
        "SentimentWord": "5",
        "SentimentPolarity": "1"
      },
      {
        "Aspect": "위생/살균/성분",
        "SentimentText": " 보이진 않지만 살균도 된다고 하니 안심하고 쓰겠습니다 ",
        "SentimentWord": "7",
        "SentimentPolarity": "1"
      },
      {
        "Aspect": "가격",
        "SentimentText": " 가격은 비싼편이네요",
        "SentimentWord": "2",
        "SentimentPolarity": "-1"
      }
    ]
  },
  {
    "Index": "1036720",
    "RawText": "안녕하세요 잇님! 모처럼 오늘은 라탄 빨래바구니에 대한 포스팅입니다   지금 같은 제품 브라운을 쓰는데 너무 좋아서 화이트로 구매했는데 너무 예쁘네요 디자인도 마음에 들고 재질도 튼튼해서 아주 좋아요 포장도 깔끔하게 배송이 금방 왔습니다 빨래바구니로 최고입니다 일주일 치 빨래 담아도 남는 용량입니다  뚜껑이 있어서 속에 내용물도 안보여서 지저분하게 보이지 않아서 너무 좋아요 가격도 적당한 것 같습니다  오늘은 여기까지 입니다 다소 부족하지만 이해해 주세요 다음에는 다른 내용으로 다시올께요!",
    "Source": "SNS",
    "Domain": "생활",
    "MainCategory": "청소/세탁용품",
    "ProductName": "OO 라탄 빨래바구니 60L (1개) ",
    "Syllable": "276",
    "Word": "64",
    "GeneralPolarity": "1",
    "Aspects": [
      {
        "Aspect": "색상",
        "SentimentText": "화이트로 구매했는데 너무 예쁘네요 ",
        "SentimentWord": "4",
        "SentimentPolarity": "1"
      },
      {
        "Aspect": "디자인",
        "SentimentText": " 디자인도 마음에 들고",
        "SentimentWord": "3",
        "SentimentPolarity": "1"
      },
      {
        "Aspect": "내구성/견고성",
        "SentimentText": " 재질도 튼튼해서 아주 좋아요",
        "SentimentWord": "4",
        "SentimentPolarity": "1"
      },
      {
        "Aspect": "수납/건조공간",
        "SentimentText": "일주일 치 빨래 담아도 남는 용량입니다",
        "SentimentWord": "6",
        "SentimentPolarity": "1"
      },
      {
        "Aspect": "디자인",
        "SentimentText": "뚜껑이 있어서 속에 내용물도 안보여서 지저분하게 보이지 않아서 너무 좋아요",
        "SentimentWord": "10",
        "SentimentPolarity": "1"
      },
      {
        "Aspect": "가격",
        "SentimentText": "가격도 적당한 것 같습니다",
        "SentimentWord": "4",
        "SentimentPolarity": "1"
      }
    ]
  },
  {
    "Index": "1036721",
    "RawText": "안녕하세요 어느덧 가을이 왔네요 오늘 제가 준비한 내용은 세탁바구니입니다  빨래가 아주 넉넉히 많이 들어가서 좋습니다 운동하는 신랑땜에 빨랫감이 자주 쌓이는데 유용하게 잘 쓸것 같습니다 배송도 엄청 빨랐어요 색상은 개인적으로 핑크색이 훨씬 예쁩니다 디자인은 기본 디자인이라 사용하기 무난해요 가격대비 너무 튼튼한 것 같네요 가성비로 짱인 바구니입니다 잇님들도 한번 사용해보세요  제가 적은 글이 어떠셨나요? 아쉬운 점이 있으면 말해주실래요? 저에게는 큰 도움이 된답니다 너무 고마워요",
    "Source": "SNS",
    "Domain": "생활",
    "MainCategory": "청소/세탁용품",
    "ProductName": "OO 손잡이 원형 세탁바구니 ",
    "Syllable": "270",
    "Word": "62",
    "GeneralPolarity": "1",
    "Aspects": [
      {
        "Aspect": "수납/건조공간",
        "SentimentText": "빨래가 아주 넉넉히 많이 들어가서 좋습니다",
        "SentimentWord": "6",
        "SentimentPolarity": "1"
      },
      {
        "Aspect": "편의성/사용성/활용도",
        "SentimentText": "운동하는 신랑땜에 빨랫감이 자주 쌓이는데 유용하게 잘 쓸것 같습니다",
        "SentimentWord": "9",
        "SentimentPolarity": "1"
      },
      {
        "Aspect": "색상",
        "SentimentText": "색상은 개인적으로 핑크색이 훨씬 예쁩니다 ",
        "SentimentWord": "5",
        "SentimentPolarity": "1"
      },
      {
        "Aspect": "디자인",
        "SentimentText": "디자인은 기본 디자인이라 사용하기 무난해요",
        "SentimentWord": "5",
        "SentimentPolarity": "1"
      },
      {
        "Aspect": "내구성/견고성",
        "SentimentText": "가격대비 너무 튼튼한 것 같네요",
        "SentimentWord": "5",
        "SentimentPolarity": "1"
      },
      {
        "Aspect": "가격",
        "SentimentText": " 가성비로 짱인 바구니입니다",
        "SentimentWord": "3",
        "SentimentPolarity": "1"
      }
    ]
  },
  {
    "Index": "1036722",
    "RawText": "안녕하세요 지난시간에 예고해 드렸던 빨래건조대를 리뷰하겠습니다  건조대가 너무 좋습니다 가로 길이가 넓어 박스티가 많은데 많이 걸려서 마음에 들어요 바퀴도 있어서 이동이 너무 편하고 좋습니다 살과의 간격이 조금 넓은 편이라 빨래도 빨리 마르는 것 같습니다 보기보다 공간도 많이 차지 안해서 만족스럽습니다 조립도 여자 혼자 금방 할 만큼 쉽습니다 나름 튼튼해 보이긴 합니다  제 블로그가 마음에 드셨나요? 그러셨으면 너무 좋겠네요 혹시 질문 있으면 어렵게 생각말고 편안하게 댓글 남겨주세요  ",
    "Source": "SNS",
    "Domain": "생활",
    "MainCategory": "청소/세탁용품",
    "ProductName": "OO 노** 6단 빨래건조대 일반형 ",
    "Syllable": "274",
    "Word": "66",
    "GeneralPolarity": "1",
    "Aspects": [
      {
        "Aspect": "길이/폭/두께",
        "SentimentText": "가로 길이가 넓어",
        "SentimentWord": "3",
        "SentimentPolarity": "1"
      },
      {
        "Aspect": "수납/건조공간",
        "SentimentText": " 박스티가 많은데 많이 걸려서 마음에 들어요",
        "SentimentWord": "6",
        "SentimentPolarity": "1"
      },
      {
        "Aspect": "편의성/사용성/활용도",
        "SentimentText": "바퀴도 있어서 이동이 너무 편하고 좋습니다",
        "SentimentWord": "6",
        "SentimentPolarity": "1"
      },
      {
        "Aspect": "길이/폭/두께",
        "SentimentText": " 살과의 간격이 조금 넓은 편이라 빨래도 빨리 마르는 것 같습니다 ",
        "SentimentWord": "10",
        "SentimentPolarity": "1"
      },
      {
        "Aspect": "편의성/사용성/활용도",
        "SentimentText": "보기보다 공간도 많이 차지 안해서 만족스럽습니다",
        "SentimentWord": "6",
        "SentimentPolarity": "1"
      },
      {
        "Aspect": "조립성",
        "SentimentText": "조립도 여자 혼자 금방 할 만큼 쉽습니다",
        "SentimentWord": "7",
        "SentimentPolarity": "1"
      },
      {
        "Aspect": "내구성/견고성",
        "SentimentText": "나름 튼튼해 보이긴 합니다 ",
        "SentimentWord": "4",
        "SentimentPolarity": "1"
      }
    ]
  },
  {
    "Index": "1036723",
    "RawText": "피부를 흐르는 땀도 열로 달궈진 피부도 여러분이 오늘 하루를 살아가고 있다는 증거입니다. 날은 덥고 지치지만 삶을 즐기는 여러분이 되길 바랍니다.  집에서 계속 쓰고 있는 제품인데 아직 잘 쓰고 있어요 핸들이 조금 달랑거려서 예비용으로 핸들만 하나 더 구매했습니다 내구성이 좀 개선 되었나 모르겠네요 핸들이 기존 파란색보다 그레이가 훨 고급지고 화장실에 더 잘어울려요 세일을 하는 바람에 싸게 잘 샀습니다 배송도 빨리 와서 좋네요  정성껏 준비한 오늘의 제 블로그 내용이 어떤 것 같아요? 어떤말씀이라도 댓글로 말해주시면 제가 힘이 될것 같습니다 감사해요  ",
    "Source": "SNS",
    "Domain": "생활",
    "MainCategory": "청소/세탁용품",
    "ProductName": "OO 이** 변기크리너 핸들",
    "Syllable": "312",
    "Word": "78",
    "GeneralPolarity": "1",
    "Aspects": [
      {
        "Aspect": "내구성/견고성",
        "SentimentText": "내구성이 좀 개선 되었나 모르겠네요",
        "SentimentWord": "5",
        "SentimentPolarity": "0"
      },
      {
        "Aspect": "색상",
        "SentimentText": "핸들이 기존 파란색보다 그레이가 훨 고급지고 화장실에 더 잘어울려요",
        "SentimentWord": "9",
        "SentimentPolarity": "1"
      },
      {
        "Aspect": "가격",
        "SentimentText": "세일을 하는 바람에 싸게 잘 샀습니다",
        "SentimentWord": "6",
        "SentimentPolarity": "1"
      }
    ]
  },
  {
    "Index": "1036724",
    "RawText": "반갑습니다 즐거운 하루가 또 시작 되었네요 이번에 소개해 드릴 주제는 빨래바구니입니다  안전하게 잘 포장되어 왔어요 가성비 좋고 튼튼합니다 세탁물을 분리해서 보관하기에 딱 좋습니다 디자인도 깔끔해서 마음에 들어요 색상도 제가 원하는 색이라 예쁘네요 바구니에 구멍도 있어서 통기성도 좋습니다 손잡이도 있어서 이동하기에 편리합니다 사이즈도 큼지막해서 빨래감이 많이 들어가서 좋습니다 잘 산 것 같네요  정성껏 준비한 오늘의 제 블로그 내용이 어떤 것 같아요? 어떤말씀이라도 댓글로 말해주시면 제가 힘이 될것 같습니다 감사해요",
    "Source": "SNS",
    "Domain": "생활",
    "MainCategory": "청소/세탁용품",
    "ProductName": "OO 라탄 빨래바구니 35L (1개) ",
    "Syllable": "291",
    "Word": "68",
    "GeneralPolarity": "1",
    "Aspects": [
      {
        "Aspect": "가격",
        "SentimentText": "가성비 좋고",
        "SentimentWord": "2",
        "SentimentPolarity": "1"
      },
      {
        "Aspect": "내구성/견고성",
        "SentimentText": "튼튼합니다",
        "SentimentWord": "1",
        "SentimentPolarity": "1"
      },
      {
        "Aspect": "편의성/사용성/활용도",
        "SentimentText": " 세탁물을 분리해서 보관하기에 딱 좋습니다 ",
        "SentimentWord": "5",
        "SentimentPolarity": "1"
      },
      {
        "Aspect": "디자인",
        "SentimentText": "디자인도 깔끔해서 마음에 들어요",
        "SentimentWord": "4",
        "SentimentPolarity": "1"
      },
      {
        "Aspect": "색상",
        "SentimentText": "색상도 제가 원하는 색이라 예쁘네요 ",
        "SentimentWord": "5",
        "SentimentPolarity": "1"
      },
      {
        "Aspect": "디자인",
        "SentimentText": " 바구니에 구멍도 있어서 통기성도 좋습니다",
        "SentimentWord": "5",
        "SentimentPolarity": "1"
      },
      {
        "Aspect": "디자인",
        "SentimentText": "손잡이도 있어서 ",
        "SentimentWord": "2",
        "SentimentPolarity": "1"
      },
      {
        "Aspect": "사이즈/부피",
        "SentimentText": " 사이즈도 큼지막해서",
        "SentimentWord": "2",
        "SentimentPolarity": "1"
      },
      {
        "Aspect": "수납/건조공간",
        "SentimentText": " 빨래감이 많이 들어가서 좋습니다",
        "SentimentWord": "4",
        "SentimentPolarity": "1"
      },
      {
        "Aspect": "편의성/사용성/활용도",
        "SentimentText": "이동하기에 편리합니다",
        "SentimentWord": "2",
        "SentimentPolarity": "1"
      }
    ]
  },
  {
    "Index": "1036940",
    "RawText": "오늘도 제 블로그를 방문해주신 이웃님들 반가워요~ 오늘 하루도 즐거운 소통을 해보도록 할게요.  사실 다림질을 자주 하지는 않지만 있으면 종종사용하는 편이라서 구매를 했어요. 사이즈가 작아서 좋은 것 같습니다. 무게도 엄청 가벼워서 들고 다니기에 좋은 듯 하네요. 디자인도 도트라서 너무 귀여워서 눈길이 갑니다. 다만 다리지지대가 보기와 다르게 약해서 잘못하면 툭하고 부러질 것 같네요.  이상 저의 솔직담백한 후기를 마치도록 하겠습니다. 긴글을 읽어주셔서 감사합니다.",
    "Source": "SNS",
    "Domain": "생활",
    "MainCategory": "청소/세탁용품",
    "ProductName": "OO 스** 다리미판 ",
    "Syllable": "262",
    "Word": "60",
    "GeneralPolarity": "0",
    "Aspects": [
      {
        "Aspect": "사이즈/부피",
        "SentimentText": "사이즈가 작아서 좋은 것 같습니다. ",
        "SentimentWord": "5",
        "SentimentPolarity": "1"
      },
      {
        "Aspect": "무게",
        "SentimentText": "무게도 엄청 가벼워서 들고 다니기에 좋은 듯 하네요. ",
        "SentimentWord": "8",
        "SentimentPolarity": "1"
      },
      {
        "Aspect": "디자인",
        "SentimentText": "디자인도 도트라서 너무 귀여워서 눈길이 갑니다. ",
        "SentimentWord": "6",
        "SentimentPolarity": "1"
      },
      {
        "Aspect": "내구성/견고성",
        "SentimentText": "다리지지대가 보기와 다르게 약해서 잘못하면 툭하고 부러질 것 같네요.",
        "SentimentWord": "9",
        "SentimentPolarity": "-1"
      }
    ]
  },
  {
    "Index": "1036941",
    "RawText": "저 혼자만 알고 싶은 제품이지만 이웃님들 생각하면 꼭 알려드려야 할 것 같은 제품이네요~ 아래글을 집중해서 보세요.  바닥에 놓고 쓰는 다리미가 불편해서 새로 구입을 할까말까 망설이다가 구입을 했는데요. 우선 다림질할때 서서할 수 있어서 사용하기엔 편한 것 같아요. 다만 생각보다 다리가 그렇게 튼튼해보이지 않아서 금방 쓰러질까봐 불안하긴 합니다. 높이 조절이 가능해서 굉장히 좋아요. 디자인도 엄청 깔끔하며 색상도 화이트라서 심플해요.  많이 즐거우셨나요? 저의 블로그는 여기에서 이만 마치도록 하겠습니다.   ",
    "Source": "SNS",
    "Domain": "생활",
    "MainCategory": "청소/세탁용품",
    "ProductName": "OO 뉴** 스탠드 다리미판",
    "Syllable": "287",
    "Word": "65",
    "GeneralPolarity": "1",
    "Aspects": [
      {
        "Aspect": "편의성/사용성/활용도",
        "SentimentText": "다림질할때 서서할 수 있어서 사용하기엔 편한 것 같아요. ",
        "SentimentWord": "8",
        "SentimentPolarity": "1"
      },
      {
        "Aspect": "내구성/견고성",
        "SentimentText": "생각보다 다리가 그렇게 튼튼해보이지 않아서 금방 쓰러질까봐 불안하긴 합니다.",
        "SentimentWord": "9",
        "SentimentPolarity": "-1"
      },
      {
        "Aspect": "디자인",
        "SentimentText": "디자인도 엄청 깔끔하며 ",
        "SentimentWord": "3",
        "SentimentPolarity": "1"
      },
      {
        "Aspect": "색상",
        "SentimentText": "색상도 화이트라서 심플해요.",
        "SentimentWord": "3",
        "SentimentPolarity": "1"
      },
      {
        "Aspect": "효과/성능/기능",
        "SentimentText": "높이 조절이 가능해서 굉장히 좋아요.",
        "SentimentWord": "5",
        "SentimentPolarity": "1"
      }
    ]
  },
  {
    "Index": "1036942",
    "RawText": "오늘은 한주를 마무리는 일요일입니다. 또 다시 출근날이 돌아와서 아쉽지만 그래도 힘내보아요~  배송이 3일정도 걸린 것 같아요. 쿠폰할인 받아서 구매했더니 엄청 저렴하게 산 것 같습니다. 가격대비 다리가 엄청 튼튼해서 만족스러운 것 같아요. 판 넓이도 예전에 쓰던 것보다 훨씬 넓어서 참 좋은 듯 해요. 무늬패턴도 제가 좋아하는 꽃이라서 그런지 너무 이뻐보입니다. 아쉬운거라면 쿠션감이 덜 한것 같아요.  이상 저의 솔직담백한 후기를 마치도록 하겠습니다. 긴글을 읽어주셔서 감사합니다.",
    "Source": "SNS",
    "Domain": "생활",
    "MainCategory": "청소/세탁용품",
    "ProductName": "OO 모** 실속형 다리미판 ",
    "Syllable": "271",
    "Word": "63",
    "GeneralPolarity": "1",
    "Aspects": [
      {
        "Aspect": "가격",
        "SentimentText": " 쿠폰할인 받아서 구매했더니 엄청 저렴하게 산 것 같습니다. ",
        "SentimentWord": "8",
        "SentimentPolarity": "1"
      },
      {
        "Aspect": "내구성/견고성",
        "SentimentText": "가격대비 다리가 엄청 튼튼해서 만족스러운 것 같아요. ",
        "SentimentWord": "7",
        "SentimentPolarity": "1"
      },
      {
        "Aspect": "길이/폭/두께",
        "SentimentText": " 판 넓이도 예전에 쓰던 것보다 훨씬 넓어서 참 좋은 듯 해요. ",
        "SentimentWord": "11",
        "SentimentPolarity": "1"
      },
      {
        "Aspect": "디자인",
        "SentimentText": "무늬패턴도 제가 좋아하는 꽃이라서 그런지 너무 이뻐보입니다.",
        "SentimentWord": "7",
        "SentimentPolarity": "1"
      },
      {
        "Aspect": "재질/소재",
        "SentimentText": "아쉬운거라면 쿠션감이 덜 한것 같아요.",
        "SentimentWord": "5",
        "SentimentPolarity": "-1"
      }
    ]
  },
  {
    "Index": "1037535",
    "RawText": "오늘도 좋은 하루를 보냈는지 궁금하네요. 좋은 하루였다면 제 후기를 보고 더 신나는 날이 되길 기대합니다.  화장실에 물때와 곰팡이가 생겨서 구매를 했습니다. 사용했는데 효과는 장난이 아닌 것 같네요. 물때와 곰팡이가 엄청 깨끗하게 지워졌습니다. 단 오래된 곰팡이는 완벽하게 지워지질 않으니 참고하세요. 주방, 세면대 등 다용도로 사용하기 좋습니다. 냄새가 좀 나니 환기를 해야하겠어요. 용량도 이 정도면 나쁘지 않은 것 같네요.  여기서 이만 후기를 마치도록 하겠습니다. 나중에 힘이 된다면 다양한 제품도 포스팅해보도록 할게요.  ",
    "Source": "SNS",
    "Domain": "생활",
    "MainCategory": "청소/세탁용품",
    "ProductName": "OO 파** 곰팡이용 500ml ",
    "Syllable": "298",
    "Word": "69",
    "GeneralPolarity": "0",
    "Aspects": [
      {
        "Aspect": "효과/성능/기능",
        "SentimentText": "사용했는데 효과는 장난이 아닌 것 같네요.",
        "SentimentWord": "6",
        "SentimentPolarity": "1"
      },
      {
        "Aspect": "세척/세정력",
        "SentimentText": "물때와 곰팡이가 엄청 깨끗하게 지워졌습니다.",
        "SentimentWord": "5",
        "SentimentPolarity": "1"
      },
      {
        "Aspect": "세척/세정력",
        "SentimentText": "오래된 곰팡이는 완벽하게 지워지질 않으니 참고하세요. ",
        "SentimentWord": "6",
        "SentimentPolarity": "0"
      },
      {
        "Aspect": "편의성/사용성/활용도",
        "SentimentText": "주방, 세면대 등 다용도로 사용하기 좋습니다.",
        "SentimentWord": "6",
        "SentimentPolarity": "1"
      },
      {
        "Aspect": "향/냄새",
        "SentimentText": "냄새가 좀 나니 환기를 해야하겠어요. ",
        "SentimentWord": "5",
        "SentimentPolarity": "-1"
      },
      {
        "Aspect": "용량",
        "SentimentText": "용량도 이 정도면 나쁘지 않은 것 같네요.",
        "SentimentWord": "7",
        "SentimentPolarity": "0"
      }
    ]
  },
  {
    "Index": "1037536",
    "RawText": "곰팡이로 인해 숨 쉬는게 힘드신 분, 청소를 해도 만족하지 못하신 분은 손을 높게 들어주세요! 제가 고민을 해결해드리겠습니다.  베란다에 곰팡이가 생겨서 구입을 했는데요. 얼마나 닦일까 하고 사용했는데 생각보다 깨끗하게 닦여서 좋은 것 같습니다. 후기에 보면 냄새가 독하다고 하는데 생각보다 독하지는 않았습니다. 분사력이 좋아서 원하는 곳에 뿌릴 수 있어 좋습니다. 거품도 나름 풍성한 것 같습니다. 용량도 많아서 한참동안은 잘 쓸 듯 하네요.  오늘 제 후기가 잇님들에게 많은 도움이 되었길 바랍니다. 가시기전에 좋아요 꾹 눌러주시고 가시는 거 잊지않으셨죠?",
    "Source": "SNS",
    "Domain": "생활",
    "MainCategory": "청소/세탁용품",
    "ProductName": "OO 곰팡이 제거제 900ml ",
    "Syllable": "313",
    "Word": "75",
    "GeneralPolarity": "1",
    "Aspects": [
      {
        "Aspect": "세척/세정력",
        "SentimentText": " 생각보다 깨끗하게 닦여서 좋은 것 같습니다",
        "SentimentWord": "6",
        "SentimentPolarity": "1"
      },
      {
        "Aspect": "향/냄새",
        "SentimentText": "후기에 보면 냄새가 독하다고 하는데 생각보다 독하지는 않았습니다. ",
        "SentimentWord": "8",
        "SentimentPolarity": "1"
      },
      {
        "Aspect": "분사력",
        "SentimentText": "분사력이 좋아서 원하는 곳에 뿌릴 수 있어 좋습니다. ",
        "SentimentWord": "8",
        "SentimentPolarity": "1"
      },
      {
        "Aspect": "세척/세정력",
        "SentimentText": "거품도 나름 풍성한 것 같습니다. ",
        "SentimentWord": "5",
        "SentimentPolarity": "1"
      },
      {
        "Aspect": "용량",
        "SentimentText": "용량도 많아서 한참동안은 잘 쓸 듯 하네요.",
        "SentimentWord": "7",
        "SentimentPolarity": "1"
      }
    ]
  },
  {
    "Index": "1037537",
    "RawText": "습한 여름철이 되면서 곳곳에 곰팡이가 생기기 시작했는데요. 오늘은 잇님들의 고민을 해결해줄 상품을 들고 왔어요.  왠만한 물때나 곰팡이는 깨끗하게 제거가 되는 것 같습니다. 뿌리고 1시간뒤에 물만 뿌리면 되니 엄청 간편한 것 같아요. 다만 냄새가 엄청 독해서 환기를 해야 할 것 같습니다. 벽에 쏘면 잘 붙어 있어서 흘러내리지도 않습니다. 확실히 이 제품이 성능은 엄청 좋은 것 같아서 만족스러워요.  후기에 대해 기타 궁금한 점이 있다면 언제든지 댓글 남겨주세요.  제가 매우 빠른 속도로 달려가겠습니다.  ",
    "Source": "SNS",
    "Domain": "생활",
    "MainCategory": "청소/세탁용품",
    "ProductName": "OO 뿌* 곰팡이 제거제 900ml ",
    "Syllable": "285",
    "Word": "70",
    "GeneralPolarity": "1",
    "Aspects": [
      {
        "Aspect": "세척/세정력",
        "SentimentText": "왠만한 물때나 곰팡이는 깨끗하게 제거가 되는 것 같습니다. ",
        "SentimentWord": "8",
        "SentimentPolarity": "1"
      },
      {
        "Aspect": "편의성/사용성/활용도",
        "SentimentText": "뿌리고 1시간뒤에 물만 뿌리면 되니 엄청 간편한 것 같아요. ",
        "SentimentWord": "9",
        "SentimentPolarity": "1"
      },
      {
        "Aspect": "향/냄새",
        "SentimentText": "냄새가 엄청 독해서 환기를 해야 할 것 같습니다. ",
        "SentimentWord": "8",
        "SentimentPolarity": "-1"
      },
      {
        "Aspect": "흡착/접착력",
        "SentimentText": "벽에 쏘면 잘 붙어 있어서 흘러내리지도 않습니다.",
        "SentimentWord": "7",
        "SentimentPolarity": "1"
      },
      {
        "Aspect": "효과/성능/기능",
        "SentimentText": "이 제품이 성능은 엄청 좋은 것 같아서 만족스러워요.",
        "SentimentWord": "8",
        "SentimentPolarity": "1"
      }
    ]
  },
  {
    "Index": "1037538",
    "RawText": "곰팡이를 없애는데 좋은 제품이 없냐는 문의가 많이 들어오는데요. 그래서 오늘 ㅇㅇ 곰팡이 제거제를 소개해보려고 합니다.  갑자기 곰팡이가 곳곳에 생겨서 스트레스를 받아 이 제품을 구매했습니다. 사용했더니 곰팡이가 깨끗하게 사라져서 만족스러워요. 뿌리면 되니 사용하기가 간편합니다. 분사력이 제법 강한 것 같아요. 사용할 때 냄새가 올라오는데 엄청 독하지 않아서 괜찮은 듯 하네요. 잘 구매한 것 같아서 만족스럽네요.  여기서 이만 후기를 마치도록 하겠습니다. 나중에 힘이 된다면 다양한 제품도 포스팅해보도록 할게요.",
    "Source": "SNS",
    "Domain": "생활",
    "MainCategory": "청소/세탁용품",
    "ProductName": "OO 뿌** 곰팡이 세정제 500ml ",
    "Syllable": "288",
    "Word": "65",
    "GeneralPolarity": "1",
    "Aspects": [
      {
        "Aspect": "세척/세정력",
        "SentimentText": "사용했더니 곰팡이가 깨끗하게 사라져서 만족스러워요.",
        "SentimentWord": "5",
        "SentimentPolarity": "1"
      },
      {
        "Aspect": "편의성/사용성/활용도",
        "SentimentText": "뿌리면 되니 사용하기가 간편합니다. ",
        "SentimentWord": "4",
        "SentimentPolarity": "1"
      },
      {
        "Aspect": "분사력",
        "SentimentText": " 분사력이 제법 강한 것 같아요. ",
        "SentimentWord": "5",
        "SentimentPolarity": "1"
      },
      {
        "Aspect": "향/냄새",
        "SentimentText": "사용할 때 냄새가 올라오는데 엄청 독하지 않아서 괜찮은 듯 하네요. ",
        "SentimentWord": "10",
        "SentimentPolarity": "1"
      }
    ]
  },
  {
    "Index": "1037539",
    "RawText": "겨울 잠을 자고 일어나 봄을 맞이할 대청소가 필요한 시기라고 생각이 듭니다. 오늘 소개할 제품은 ㅇㅇ 만능크리너입니다.  이 제품은 신기한 것 같습니다. 타 매직블럭도 써봤지만 이 제품이 제일 좋은 것 같아요. 사이즈도 한손에 잡히기 좋은 크기라 참 좋습니다. 특히 너무 얇지도 두껍지도 않은 적당한 두께라서 좋네요. 싱크대와 화장실이 더러워서 닦아봤는데 정말 잘 닦여서 만족합니다. 성능이 정말 좋은 것 같네요.  제 솔직담백한 후기가 즐거우셨나요? 모두들 오늘도 화이팅 하시고 즐거운 하루되시길 바랍니다.",
    "Source": "SNS",
    "Domain": "생활",
    "MainCategory": "청소/세탁용품",
    "ProductName": "OO 러** 만능크리너 (12개) ",
    "Syllable": "284",
    "Word": "69",
    "GeneralPolarity": "1",
    "Aspects": [
      {
        "Aspect": "사이즈/부피",
        "SentimentText": "사이즈도 한손에 잡히기 좋은 크기라 참 좋습니다.",
        "SentimentWord": "7",
        "SentimentPolarity": "1"
      },
      {
        "Aspect": "길이/폭/두께",
        "SentimentText": "너무 얇지도 두껍지도 않은 적당한 두께라서 좋네요. ",
        "SentimentWord": "7",
        "SentimentPolarity": "1"
      },
      {
        "Aspect": "세척/세정력",
        "SentimentText": "싱크대와 화장실이 더러워서 닦아봤는데 정말 잘 닦여서 만족합니다.",
        "SentimentWord": "8",
        "SentimentPolarity": "1"
      },
      {
        "Aspect": "효과/성능/기능",
        "SentimentText": "성능이 정말 좋은 것 같네요.",
        "SentimentWord": "5",
        "SentimentPolarity": "1"
      }
    ]
  },
  {
    "Index": "1037540",
    "RawText": "그 동안 매직블럭 사용하면서 만족한 제품이 있을까요? 없으시다면 제 후기를 잘 봐주시길 바랄게요.  집이 더러워서 구매를 했습니다. 우선 매직블럭 두께가 엄청 두꺼워서 마음에 들어요. 사이즈도 대형이라서 엄청 크니 좋은 것 같네요. 갯수가 100개라서 1년은 사용할 수 있을 듯 합니다. 사용할때마다 칼로 잘라서 사용할 수 있어서 편한 것 같네요. 깨끗하게 잘 닦여서 만족스러워요. 너무 만족스러운 상품입니다.  후기는 여기까지 적도록 하겠습니다. 저의 모든 이웃님들의 포스팅 활동을 응원합니다~!",
    "Source": "SNS",
    "Domain": "생활",
    "MainCategory": "청소/세탁용품",
    "ProductName": "OO 매직블럭 대형 (100개) ",
    "Syllable": "278",
    "Word": "65",
    "GeneralPolarity": "1",
    "Aspects": [
      {
        "Aspect": "길이/폭/두께",
        "SentimentText": "매직블럭 두께가 엄청 두꺼워서 마음에 들어요.",
        "SentimentWord": "6",
        "SentimentPolarity": "1"
      },
      {
        "Aspect": "사이즈/부피",
        "SentimentText": "사이즈도 대형이라서 엄청 크니 좋은 것 같네요. ",
        "SentimentWord": "7",
        "SentimentPolarity": "1"
      },
      {
        "Aspect": "용량",
        "SentimentText": "갯수가 100개라서 1년은 사용할 수 있을 듯 합니다. ",
        "SentimentWord": "8",
        "SentimentPolarity": "1"
      },
      {
        "Aspect": "편의성/사용성/활용도",
        "SentimentText": "사용할때마다 칼로 잘라서 사용할 수 있어서 편한 것 같네요.",
        "SentimentWord": "9",
        "SentimentPolarity": "1"
      },
      {
        "Aspect": "세척/세정력",
        "SentimentText": "깨끗하게 잘 닦여서 만족스러워요. ",
        "SentimentWord": "4",
        "SentimentPolarity": "1"
      }
    ]
  },
  {
    "Index": "1037541",
    "RawText": "이웃님들~ 제가 소개할 매직블럭으로 오늘 하루 바쁘게 움직여 보는 건 어떨까요?  기존에 다른 제품을 사용하다가 가격이 더 저렴한 것 같아서 주문을 했습니다. 갯수가 120개나 되다보니까 엄청 오래 사용할 수 있을 듯 합니다. 전자레인지, 가스버너 등 다용도로 사용할 수 있는 점이 마음에 들어요. 엄청 깨끗하게 닦이는 것도 최고네요. 사이즈도 이 정도면 적당한 것 같아서 마음에 듭니다.  오늘 제 후기가 잇님들에게 많은 도움이 되었길 바랍니다. 가시기전에 좋아요 꾹 눌러주시고 가시는 거 잊지않으셨죠?",
    "Source": "SNS",
    "Domain": "생활",
    "MainCategory": "청소/세탁용품",
    "ProductName": "OO 매직스펀지 중형 120개 ",
    "Syllable": "282",
    "Word": "70",
    "GeneralPolarity": "1",
    "Aspects": [
      {
        "Aspect": "가격",
        "SentimentText": "가격이 더 저렴한 것 같아서 주문을 했습니다. ",
        "SentimentWord": "7",
        "SentimentPolarity": "1"
      },
      {
        "Aspect": "용량",
        "SentimentText": "갯수가 120개나 되다보니까 엄청 오래 사용할 수 있을 듯 합니다. ",
        "SentimentWord": "10",
        "SentimentPolarity": "1"
      },
      {
        "Aspect": "편의성/사용성/활용도",
        "SentimentText": "전자레인지, 가스버너 등 다용도로 사용할 수 있는 점이 마음에 들어요. ",
        "SentimentWord": "10",
        "SentimentPolarity": "1"
      },
      {
        "Aspect": "세척/세정력",
        "SentimentText": "엄청 깨끗하게 닦이는 것도 최고네요. ",
        "SentimentWord": "5",
        "SentimentPolarity": "1"
      },
      {
        "Aspect": "사이즈/부피",
        "SentimentText": "사이즈도 이 정도면 적당한 것 같아서 마음에 듭니다.",
        "SentimentWord": "8",
        "SentimentPolarity": "1"
      }
    ]
  },
  {
    "Index": "1037542",
    "RawText": "우리 이웃님들을 실망시키면 안되잖아요~ 그래서 오늘도 만족할 만한 청소포 후기를 들고 왔는데요. 아래로 글을 봐주세요.  걸레를 사용하는게 번거로워서 주문을 했습니다. 확실히 사용하기에 굉장히 편리해서 좋은 것 같습니다. 특히 다 사용하고 나면 바로 버리면 되니 위생적이기도 하네요. 구석구석 깨끗하게 닦이는 세정력이 정말 좋네요. 다만 두께가 다 제품보다 조금 얇은 감이 있습니다.  다들 행복한 하루되길 바라며 저의 블로그는 여기서 마치도록 하겠습니다. 모두 행복한 저녁되세요.  ",
    "Source": "SNS",
    "Domain": "생활",
    "MainCategory": "청소/세탁용품",
    "ProductName": "OO 데** 물걸레 청소포 대형 60g 30매 ",
    "Syllable": "271",
    "Word": "62",
    "GeneralPolarity": "1",
    "Aspects": [
      {
        "Aspect": "편의성/사용성/활용도",
        "SentimentText": " 사용하기에 굉장히 편리해서 좋은 것 같습니다. ",
        "SentimentWord": "6",
        "SentimentPolarity": "1"
      },
      {
        "Aspect": "위생/살균/성분",
        "SentimentText": "다 사용하고 나면 바로 버리면 되니 위생적이기도 하네요. ",
        "SentimentWord": "8",
        "SentimentPolarity": "1"
      },
      {
        "Aspect": "세척/세정력",
        "SentimentText": "구석구석 깨끗하게 닦이는 세정력이 정말 좋네요. ",
        "SentimentWord": "6",
        "SentimentPolarity": "1"
      },
      {
        "Aspect": "길이/폭/두께",
        "SentimentText": "두께가 다 제품보다 조금 얇은 감이 있습니다.",
        "SentimentWord": "7",
        "SentimentPolarity": "-1"
      }
    ]
  },
  {
    "Index": "1037543",
    "RawText": "오늘 하루도 힘내서 씩씩하게 지내도록 해요. 오늘 보여드릴 제품은 ㅇㅇ 매직블럭인데요. 궁금하시죠?  잘 지워진다는 후기평이 많아서 구매를 했는데요. 묵은때나 더러운 부분을 문지르니 깨끗하게 닦여서 참 좋은 것 같습니다. 다양한 곳에서 사용이 가능해서 정말 좋은 것 같아요. 다만 사이즈가 생각보다 작아서 손에서 빠져나가네요. 두께는 정말 두꺼워서 만족스러워요. 한번쓰고 버리면 되니 간편하기도 합니다.  다들 저의 블로그를 사랑해주셔서 감사합니다. 내년 내후년에도 또 사랑해주시길 바랄게요.  ",
    "Source": "SNS",
    "Domain": "생활",
    "MainCategory": "청소/세탁용품",
    "ProductName": "OO 무** 클리너 12개입 ",
    "Syllable": "277",
    "Word": "61",
    "GeneralPolarity": "1",
    "Aspects": [
      {
        "Aspect": "세척/세정력",
        "SentimentText": "묵은때나 더러운 부분을 문지르니 깨끗하게 닦여서 참 좋은 것 같습니다.",
        "SentimentWord": "10",
        "SentimentPolarity": "1"
      },
      {
        "Aspect": "편의성/사용성/활용도",
        "SentimentText": "다양한 곳에서 사용이 가능해서 정말 좋은 것 같아요. ",
        "SentimentWord": "8",
        "SentimentPolarity": "1"
      },
      {
        "Aspect": "사이즈/부피",
        "SentimentText": "사이즈가 생각보다 작아서 손에서 빠져나가네요. ",
        "SentimentWord": "5",
        "SentimentPolarity": "-1"
      },
      {
        "Aspect": "길이/폭/두께",
        "SentimentText": "두께는 정말 두꺼워서 만족스러워요. ",
        "SentimentWord": "4",
        "SentimentPolarity": "1"
      },
      {
        "Aspect": "편의성/사용성/활용도",
        "SentimentText": "한번쓰고 버리면 되니 간편하기도 합니다.",
        "SentimentWord": "5",
        "SentimentPolarity": "1"
      }
    ]
  },
  {
    "Index": "1037544",
    "RawText": "매서운 찬바람에 감기걸리진 않았을지 걱정이네요. 건강에 유의하시길 바랄게요. 오늘 보여드릴 후기는 ㅇㅇ 매직블럭입니다.  잘 쓰고 있습니다. 화장실, 주방등 다양하게 사용할 수 있어서 정말 좋은 것 같아요. 크기가 작다는 평도 많던데 저는 딱 좋은 것 같습니다. 두께도 이정도면 나쁘지 않은 것 같아요. 깨끗하게 닦여서 만족스럽네요. 다만 사용하다보면 금방 찢어져서 아쉬워요.   긴 글이 많이 지루하지는 않으셨나요? 오늘은 블로그를 마치도록 하겠습니다. 읽어주셔서 감사합니다.",
    "Source": "SNS",
    "Domain": "생활",
    "MainCategory": "청소/세탁용품",
    "ProductName": "OO 리** 매직블럭 100종 세트 ",
    "Syllable": "267",
    "Word": "60",
    "GeneralPolarity": "0",
    "Aspects": [
      {
        "Aspect": "편의성/사용성/활용도",
        "SentimentText": "화장실, 주방등 다양하게 사용할 수 있어서 정말 좋은 것 같아요. ",
        "SentimentWord": "10",
        "SentimentPolarity": "1"
      },
      {
        "Aspect": "사이즈/부피",
        "SentimentText": "크기가 작다는 평도 많던데 저는 딱 좋은 것 같습니다. ",
        "SentimentWord": "9",
        "SentimentPolarity": "1"
      },
      {
        "Aspect": "길이/폭/두께",
        "SentimentText": "두께도 이정도면 나쁘지 않은 것 같아요.",
        "SentimentWord": "6",
        "SentimentPolarity": "0"
      },
      {
        "Aspect": "세척/세정력",
        "SentimentText": "깨끗하게 닦여서 만족스럽네요.",
        "SentimentWord": "3",
        "SentimentPolarity": "1"
      },
      {
        "Aspect": "품질",
        "SentimentText": "사용하다보면 금방 찢어져서 아쉬워요. ",
        "SentimentWord": "4",
        "SentimentPolarity": "-1"
      }
    ]
  },
  {
    "Index": "1037545",
    "RawText": "집안이 깨끗해지면 마음까지 깨끗해지는 기분인데요. 오늘은 이웃님들의 마음까지 깨끗하게 해줄 매직블럭의 후기를 들고왔습니다.  이거 정말 물건인것 같아요. 더러운 곳을 문지르니 깨끗하게 닦여져서 너무 좋은 것 같습니다. 화장실, 주방, 창문 틀 등 다용도로 사용하기 정말 좋아요. 사용하고 버리면 되니 편리합니다. 사이즈도 한손에 잡기 좋은 크기라서 좋은 것 같습니다.   여기서 이만 후기를 마치도록 하겠습니다. 나중에 힘이 된다면 다양한 제품도 포스팅해보도록 할게요.",
    "Source": "SNS",
    "Domain": "생활",
    "MainCategory": "청소/세탁용품",
    "ProductName": "OO 매직폼크리너 소형 64개 ",
    "Syllable": "262",
    "Word": "59",
    "GeneralPolarity": "1",
    "Aspects": [
      {
        "Aspect": "세척/세정력",
        "SentimentText": "더러운 곳을 문지르니 깨끗하게 닦여져서 너무 좋은 것 같습니다.",
        "SentimentWord": "9",
        "SentimentPolarity": "1"
      },
      {
        "Aspect": "편의성/사용성/활용도",
        "SentimentText": "화장실, 주방, 창문 틀 등 다용도로 사용하기 정말 좋아요. ",
        "SentimentWord": "9",
        "SentimentPolarity": "1"
      },
      {
        "Aspect": "편의성/사용성/활용도",
        "SentimentText": "사용하고 버리면 되니 편리합니다. ",
        "SentimentWord": "4",
        "SentimentPolarity": "1"
      },
      {
        "Aspect": "사이즈/부피",
        "SentimentText": "사이즈도 한손에 잡기 좋은 크기라서 좋은 것 같습니다. ",
        "SentimentWord": "8",
        "SentimentPolarity": "1"
      }
    ]
  },
  {
    "Index": "1037546",
    "RawText": "어느덧 무더위가 한풀 꺽이고 선선한 가을이 찾아왔습니다.  오늘은 ㅇㅇ 행주티슈의 후기를 작성하려고 합니다.  제품이 참 좋은 것 같습니다. 물티슈가 두께감이 있어서 여러장 사용하지 않고 한장으로 해결이 가능하니 정말 좋습니다. 사용할 때 은은하게 향기가 올라오는데 너무 좋은 것 같네요. 무엇보다 세균까지 없애주는 티슈라서 더 믿음이 갑니다. 사이즈도 적당하고 깨끗하게 닦이니 만족스럽네요.  긴 글이 많이 지루하지는 않으셨나요? 오늘은 블로그를 마치도록 하겠습니다. 읽어주셔서 감사합니다.",
    "Source": "SNS",
    "Domain": "생활",
    "MainCategory": "청소/세탁용품",
    "ProductName": "OO 세** 행주티슈 10팩 + 물걸레 청소포 5팩 ",
    "Syllable": "275",
    "Word": "61",
    "GeneralPolarity": "1",
    "Aspects": [
      {
        "Aspect": "길이/폭/두께",
        "SentimentText": "물티슈가 두께감이 있어서",
        "SentimentWord": "3",
        "SentimentPolarity": "1"
      },
      {
        "Aspect": "효과/성능/기능",
        "SentimentText": "여러장 사용하지 않고 한장으로 해결이 가능하니 정말 좋습니다. ",
        "SentimentWord": "8",
        "SentimentPolarity": "1"
      },
      {
        "Aspect": "향/냄새",
        "SentimentText": "사용할 때 은은하게 향기가 올라오는데 너무 좋은 것 같네요.",
        "SentimentWord": "9",
        "SentimentPolarity": "1"
      },
      {
        "Aspect": "위생/살균/성분",
        "SentimentText": "세균까지 없애주는 티슈라서 더 믿음이 갑니다. ",
        "SentimentWord": "6",
        "SentimentPolarity": "1"
      },
      {
        "Aspect": "사이즈/부피",
        "SentimentText": "사이즈도 적당하고 ",
        "SentimentWord": "2",
        "SentimentPolarity": "1"
      },
      {
        "Aspect": "세척/세정력",
        "SentimentText": "깨끗하게 닦이니 만족스럽네요.",
        "SentimentWord": "3",
        "SentimentPolarity": "1"
      }
    ]
  },
  {
    "Index": "1037547",
    "RawText": "오늘 하루는 어떠셨나요? 저는 하루종일 청소와 싸움을 했는데요. 잇님들도 알고 있으면 좋을 물걸레 청소포를 소개할게요.  기존에는 정전기포만 사용하다가 이번에 물걸레포도 주문을 했습니다. 쿠폰할인 받아서 저렴하게 구매를 했는데요. 별 기대를 안했는데 생각보다 바닥이 깨끗하게 닦여서 좋은 것 같습니다. 수분이 충분해서 마르지 않아서 참 좋은 것 같습니다. 두께도 도톰하니 사용하기 좋은 것 같네요.  후기에 대해 기타 궁금한 점이 있다면 언제든지 댓글 남겨주세요.  제가 매우 빠른 속도로 달려가겠습니다.  ",
    "Source": "SNS",
    "Domain": "생활",
    "MainCategory": "청소/세탁용품",
    "ProductName": "OO 클** 물걸레청소포 30매 ",
    "Syllable": "284",
    "Word": "65",
    "GeneralPolarity": "1",
    "Aspects": [
      {
        "Aspect": "가격",
        "SentimentText": "쿠폰할인 받아서 저렴하게 구매를 했는데요.",
        "SentimentWord": "5",
        "SentimentPolarity": "1"
      },
      {
        "Aspect": "세척/세정력",
        "SentimentText": "생각보다 바닥이 깨끗하게 닦여서 좋은 것 같습니다.",
        "SentimentWord": "7",
        "SentimentPolarity": "1"
      },
      {
        "Aspect": "효과/성능/기능",
        "SentimentText": "수분이 충분해서 마르지 않아서 참 좋은 것 같습니다. ",
        "SentimentWord": "8",
        "SentimentPolarity": "1"
      },
      {
        "Aspect": "길이/폭/두께",
        "SentimentText": " 두께도 도톰하니 사용하기 좋은 것 같네요.",
        "SentimentWord": "6",
        "SentimentPolarity": "1"
      }
    ]
  },
  {
    "Index": "1037548",
    "RawText": "우리 이웃님들의 손목은 소중하니까요~ 오늘 소개할 제품은 ㅇㅇ 물걸레 청소포입니다.  처음엔 부모님이 구입해달라고 해서 사드렸다가 너무 좋다고 해서 저도 따라 구매했습니다. 써보니 나쁘지 않은 것 같아요. 간단하게 바닥 청소하기에 딱 좋은 것 같습니다. 물기가 적당해서 나쁘지 않아요. 다만 사이즈가 생각보다 작아서 밀대에 붙이면 좀 작네요. 그리고 두께가 두껍지 않고 얇으니 참고하세요.  후기는 여기까지 적도록 하겠습니다. 저의 모든 이웃님들의 포스팅 활동을 응원합니다~!",
    "Source": "SNS",
    "Domain": "생활",
    "MainCategory": "청소/세탁용품",
    "ProductName": "OO 실** 물걸레청소포 중형 30매 ",
    "Syllable": "266",
    "Word": "61",
    "GeneralPolarity": "0",
    "Aspects": [
      {
        "Aspect": "편의성/사용성/활용도",
        "SentimentText": "간단하게 바닥 청소하기에 딱 좋은 것 같습니다.",
        "SentimentWord": "7",
        "SentimentPolarity": "1"
      },
      {
        "Aspect": "효과/성능/기능",
        "SentimentText": "물기가 적당해서 나쁘지 않아요. ",
        "SentimentWord": "4",
        "SentimentPolarity": "0"
      },
      {
        "Aspect": "사이즈/부피",
        "SentimentText": "사이즈가 생각보다 작아서 밀대에 붙이면 좀 작네요. ",
        "SentimentWord": "7",
        "SentimentPolarity": "-1"
      },
      {
        "Aspect": "길이/폭/두께",
        "SentimentText": "두께가 두껍지 않고 얇으니 참고하세요.",
        "SentimentWord": "5",
        "SentimentPolarity": "-1"
      }
    ]
  },
  {
    "Index": "1037549",
    "RawText": "이웃님들~ 오랜만이네요. 제가 감기로 인해 아파서 일주일은 쉬었습니다. 많이 기다리셨죠? ㅇㅇ청소포 후기를 이제 작성할게요.  굉장히 착한 가격에 잘 구매했습니다. 너무 많지도 적지도 않은 수분감이라 나쁘지 않은 듯 합니다. 사이즈가 사용하기에 딱 좋은 사이즈라서 참 좋은 것 같네요. 걸레 빨기가 참 귀찮았는데 이 제품은 사용하기가 편리해서 참 좋아요.  제 솔직담백한 후기가 즐거우셨나요? 모두들 오늘도 화이팅 하시고 즐거운 하루되시길 바랍니다.  ",
    "Source": "SNS",
    "Domain": "생활",
    "MainCategory": "청소/세탁용품",
    "ProductName": "OO 하** 물걸레청소포 30매 ",
    "Syllable": "253",
    "Word": "58",
    "GeneralPolarity": "1",
    "Aspects": [
      {
        "Aspect": "가격",
        "SentimentText": "굉장히 착한 가격에 잘 구매했습니다. ",
        "SentimentWord": "5",
        "SentimentPolarity": "1"
      },
      {
        "Aspect": "효과/성능/기능",
        "SentimentText": "너무 많지도 적지도 않은 수분감이라 나쁘지 않은 듯 합니다. ",
        "SentimentWord": "9",
        "SentimentPolarity": "0"
      },
      {
        "Aspect": "사이즈/부피",
        "SentimentText": "사이즈가 사용하기에 딱 좋은 사이즈라서 참 좋은 것 같네요. ",
        "SentimentWord": "9",
        "SentimentPolarity": "1"
      },
      {
        "Aspect": "편의성/사용성/활용도",
        "SentimentText": "걸레 빨기가 참 귀찮았는데 이 제품은 사용하기가 편리해서 참 좋아요.",
        "SentimentWord": "10",
        "SentimentPolarity": "1"
      }
    ]
  },
  {
    "Index": "1037550",
    "RawText": "여러번의 실패를 거듭해 고른 물걸레 청소포입니다. 저의 솔직한 후기를 작성해 보겠습니다.  여러 제품을 사용해봤지만 이 제품이 제일 좋은 것 같습니다. 가격도 비싸지도 싸지도 않은 적당한 가격이라 참 좋은 것 같아요. 수분도 충분해서 마를 일이 없습니다. 특히 사이즈도 제법 커서 밀대에 끼웠을때 빈틈이 없어요. 닦을 때 찢어지는 경우도 없으니 더 좋은 것 같습니다. 깨끗하게 닦이는 점도 최고인 것 같네요.  후기에 대해 기타 궁금한 점이 있다면 언제든지 댓글 남겨주세요.  제가 매우 빠른 속도로 달려가겠습니다.  ",
    "Source": "SNS",
    "Domain": "생활",
    "MainCategory": "청소/세탁용품",
    "ProductName": "OO 고급형 물걸레청소포 25매 ",
    "Syllable": "290",
    "Word": "72",
    "GeneralPolarity": "1",
    "Aspects": [
      {
        "Aspect": "가격",
        "SentimentText": "가격도 비싸지도 싸지도 않은 적당한 가격이라 참 좋은 것 같아요. ",
        "SentimentWord": "10",
        "SentimentPolarity": "1"
      },
      {
        "Aspect": "효과/성능/기능",
        "SentimentText": "수분도 충분해서 마를 일이 없습니다. ",
        "SentimentWord": "5",
        "SentimentPolarity": "1"
      },
      {
        "Aspect": "사이즈/부피",
        "SentimentText": "사이즈도 제법 커서 밀대에 끼웠을때 빈틈이 없어요. ",
        "SentimentWord": "7",
        "SentimentPolarity": "1"
      },
      {
        "Aspect": "품질",
        "SentimentText": "닦을 때 찢어지는 경우도 없으니 더 좋은 것 같습니다. ",
        "SentimentWord": "9",
        "SentimentPolarity": "1"
      },
      {
        "Aspect": "세척/세정력",
        "SentimentText": "깨끗하게 닦이는 점도 최고인 것 같네요.",
        "SentimentWord": "6",
        "SentimentPolarity": "1"
      }
    ]
  },
  {
    "Index": "1037551",
    "RawText": "매번 청소기를 밀고 손으로 바닥을 닦는게 여간 힘든 일이 아닌데요. 이웃님들이 조금이나마 수월했으면 하는 바램으로 청소포 후기를 들고왔습니다.  기존에 사용하던게 부서져서 새로 구입했어요. 청소밀대와 청소포 구성이라서 굉장히 마음에 들어요. 청소포가 굉장히 넓어서 좋은 것 같습니다. 다만 수분감이 적어서 물기가 금방 말라요. 바닥 부분을 밀었더니 깨끗하게 닦이는 점은 좋은 것 같습니다.  오늘 제 후기가 잇님들에게 많은 도움이 되었길 바랍니다. 가시기전에 좋아요 꾹 눌러주시고 가시는 거 잊지않으셨죠?",
    "Source": "SNS",
    "Domain": "생활",
    "MainCategory": "청소/세탁용품",
    "ProductName": "OO 리** 청소기 + 물걸레 청소포 6",
    "Syllable": "282",
    "Word": "65",
    "GeneralPolarity": "0",
    "Aspects": [
      {
        "Aspect": "제품구성",
        "SentimentText": "청소밀대와 청소포 구성이라서 굉장히 마음에 들어요. ",
        "SentimentWord": "6",
        "SentimentPolarity": "1"
      },
      {
        "Aspect": "사이즈/부피",
        "SentimentText": "청소포가 굉장히 넓어서 좋은 것 같습니다. ",
        "SentimentWord": "6",
        "SentimentPolarity": "1"
      },
      {
        "Aspect": "효과/성능/기능",
        "SentimentText": "수분감이 적어서 물기가 금방 말라요. ",
        "SentimentWord": "5",
        "SentimentPolarity": "-1"
      },
      {
        "Aspect": "세척/세정력",
        "SentimentText": " 바닥 부분을 밀었더니 깨끗하게 닦이는 점은 좋은 것 같습니다.",
        "SentimentWord": "9",
        "SentimentPolarity": "1"
      }
    ]
  },
  {
    "Index": "1037552",
    "RawText": "미세먼지로 인해서 창문 열기가 무서우시다고요? 그렇다면 오늘 작성할 청소포 후기를 잘 읽어주시길 바랍니다.  ㅇㅇ브랜드가 워낙 유명한데요. 가격이 타제품보다 확실히 비싸긴 하지만 좋다고 해서 구입을 했습니다. 용량이 총 30매라서 양은 적은 것 같아서 아쉽네요. 청소하다보니 물기가 금방 마르는 듯 합니다. 그래도 다 쓰고 나면 쓰레기통으로 버리면 되니 위생적이라 좋은 듯 하네요. 잘 찢어지지 않아서 좋은 것 같습니다.  질문이 있으시면 언제든지 댓글주세요. 공감, 댓글, 서로이웃 환영합니다!",
    "Source": "SNS",
    "Domain": "생활",
    "MainCategory": "청소/세탁용품",
    "ProductName": "OO 베** 물걸레 청소포 표준형 30매",
    "Syllable": "277",
    "Word": "64",
    "GeneralPolarity": "0",
    "Aspects": [
      {
        "Aspect": "가격",
        "SentimentText": "가격이 타제품보다 확실히 비싸긴 하지만 ",
        "SentimentWord": "5",
        "SentimentPolarity": "-1"
      },
      {
        "Aspect": "용량",
        "SentimentText": "용량이 총 30매라서 양은 적은 것 같아서 아쉽네요.",
        "SentimentWord": "8",
        "SentimentPolarity": "-1"
      },
      {
        "Aspect": "효과/성능/기능",
        "SentimentText": "청소하다보니 물기가 금방 마르는 듯 합니다. ",
        "SentimentWord": "6",
        "SentimentPolarity": "-1"
      },
      {
        "Aspect": "위생/살균/성분",
        "SentimentText": "다 쓰고 나면 쓰레기통으로 버리면 되니 위생적이라 좋은 듯 하네요. ",
        "SentimentWord": "10",
        "SentimentPolarity": "1"
      },
      {
        "Aspect": "품질",
        "SentimentText": "잘 찢어지지 않아서 좋은 것 같습니다.",
        "SentimentWord": "6",
        "SentimentPolarity": "1"
      }
    ]
  },
  {
    "Index": "1037553",
    "RawText": "매번 걸레를 삶고 빨고 하기 굉장히 귀찮지 않으신가요? 제가 오늘 그 고민을 깔끔하게 해결해드리겠습니다.  마트 장보기를 하다가 금액 맞추려고 구입을 했었는데요. 생각보다 엄청 좋은 것 같아요. 청소할때 사용하기 엄청 편리해서 좋네요. 사이즈도 제법 커서 사용하기 좋은 크기네요. 뚜껑을 열었을 때 수분감이 있어서 쉽게 마르지 않아서 좋네요. 두께도 제법 도톰해서 만족스러워요. 금액 맞추려고 구매했다가 엄청 좋은 제품을 구입하게 되었네요.  후기는 여기까지 적도록 하겠습니다. 저의 모든 이웃님들의 포스팅 활동을 응원합니다~!",
    "Source": "SNS",
    "Domain": "생활",
    "MainCategory": "청소/세탁용품",
    "ProductName": "OO 노** 물걸레 청소포 대형 20매 ",
    "Syllable": "295",
    "Word": "68",
    "GeneralPolarity": "1",
    "Aspects": [
      {
        "Aspect": "편의성/사용성/활용도",
        "SentimentText": "청소할때 사용하기 엄청 편리해서 좋네요. ",
        "SentimentWord": "5",
        "SentimentPolarity": "1"
      },
      {
        "Aspect": "사이즈/부피",
        "SentimentText": "사이즈도 제법 커서 사용하기 좋은 크기네요.",
        "SentimentWord": "6",
        "SentimentPolarity": "1"
      },
      {
        "Aspect": "효과/성능/기능",
        "SentimentText": "뚜껑을 열었을 때 수분감이 있어서 쉽게 마르지 않아서 좋네요. ",
        "SentimentWord": "9",
        "SentimentPolarity": "1"
      },
      {
        "Aspect": "길이/폭/두께",
        "SentimentText": "두께도 제법 도톰해서 만족스러워요",
        "SentimentWord": "4",
        "SentimentPolarity": "1"
      }
    ]
  },
  {
    "Index": "1037791",
    "RawText": "이웃님들께서 너무 궁금해하실까봐 서둘러서 후기를 들고왔는데요. 너무 궁금하지 않으신가요? 빨리 곰팡이 클리너 후기를 설명할게요.  워낙 유명하다고 해서 저도 구입을 했는데요. 화장실에 뿌려놓고 나중에 물로 헹구면 되니 사용하기엔 엄청 편한 것 같습니다. 확인해보니 백옥처럼 하얗게 되어 만족스럽네요. 다만 냄새가 생각보다 많이 독한 것 같습니다. 분사력도 너무 좋은 것 같네요. 세정력만큼은 최고입니다.  후기에 대해 기타 궁금한 점이 있다면 언제든지 댓글 남겨주세요.  제가 매우 빠른 속도로 달려가겠습니다.",
    "Source": "SNS",
    "Domain": "생활",
    "MainCategory": "청소/세탁용품",
    "ProductName": "OO 강** 곰팡이 세정제 750ml ",
    "Syllable": "285",
    "Word": "64",
    "GeneralPolarity": "1",
    "Aspects": [
      {
        "Aspect": "편의성/사용성/활용도",
        "SentimentText": "화장실에 뿌려놓고 나중에 물로 헹구면 되니 사용하기엔 엄청 편한 것 같습니다.",
        "SentimentWord": "11",
        "SentimentPolarity": "1"
      },
      {
        "Aspect": "세척/세정력",
        "SentimentText": "확인해보니 백옥처럼 하얗게 되어 만족스럽네요.",
        "SentimentWord": "5",
        "SentimentPolarity": "1"
      },
      {
        "Aspect": "향/냄새",
        "SentimentText": "냄새가 생각보다 많이 독한 것 같습니다. ",
        "SentimentWord": "6",
        "SentimentPolarity": "-1"
      },
      {
        "Aspect": "분사력",
        "SentimentText": "분사력도 너무 좋은 것 같네요. ",
        "SentimentWord": "5",
        "SentimentPolarity": "1"
      },
      {
        "Aspect": "세척/세정력",
        "SentimentText": "세정력만큼은 최고입니다.",
        "SentimentWord": "2",
        "SentimentPolarity": "1"
      }
    ]
  }
]