[
  {
    "Index": "714516",
    "RawText": "거품이 많이 나진 않습니다. 초록색 젤 타입인데 제형이 부드럽고 면도 후에 향이 시원합니다.",
    "Source": "쇼핑몰",
    "Domain": "화장품",
    "MainCategory": "남성화장품",
    "ProductName": "OO 질** 쉐이빙젤 195g 1개",
    "ReviewScore": "5",
    "Syllable": "51",
    "Word": "13",
    "RDate": "20210524",
    "GeneralPolarity": "0",
    "Aspects": [
      {
        "Aspect": "기능/효과",
        "SentimentText": "거품이 많이 나진 않습니다.",
        "SentimentWord": "4",
        "SentimentPolarity": "-1"
      },
      {
        "Aspect": "제형",
        "SentimentText": "제형이 부드럽고",
        "SentimentWord": "2",
        "SentimentPolarity": "1"
      },
      {
        "Aspect": "향",
        "SentimentText": "향이 시원합니다.",
        "SentimentWord": "2",
        "SentimentPolarity": "1"
      }
    ]
  },
  {
    "Index": "714590",
    "RawText": "항상 사용하는 제품인데 냄새도 은은하고 자극적이지 않아 좋아요. 가성비가 좋은 제품이에요.",
    "Source": "쇼핑몰",
    "Domain": "화장품",
    "MainCategory": "남성화장품",
    "ProductName": "OO 꽃** 포 맨 스킨 250ml 1개",
    "ReviewScore": "4",
    "Syllable": "50",
    "Word": "11",
    "RDate": "20220313",
    "GeneralPolarity": "1",
    "Aspects": [
      {
        "Aspect": "향",
        "SentimentText": "냄새도 은은하고",
        "SentimentWord": "2",
        "SentimentPolarity": "1"
      },
      {
        "Aspect": "자극성",
        "SentimentText": "자극적이지 않아 좋아요.",
        "SentimentWord": "3",
        "SentimentPolarity": "1"
      },
      {
        "Aspect": "가격",
        "SentimentText": "가성비가 좋은 제품이에요.",
        "SentimentWord": "3",
        "SentimentPolarity": "1"
      }
    ]
  },
  {
    "Index": "714596",
    "RawText": "저렴한 가격에 용량도 적당하고 좋습니다. 아직 써보진 않았지만 저렴해서 맘에 듭니다.",
    "Source": "쇼핑몰",
    "Domain": "화장품",
    "MainCategory": "남성화장품",
    "ProductName": "OO 꽃** 포 맨 스킨 250ml 1개",
    "ReviewScore": "4",
    "Syllable": "47",
    "Word": "11",
    "RDate": "20210710",
    "GeneralPolarity": "1",
    "Aspects": [
      {
        "Aspect": "가격",
        "SentimentText": "저렴한 가격에",
        "SentimentWord": "2",
        "SentimentPolarity": "1"
      },
      {
        "Aspect": "용량",
        "SentimentText": "용량도 적당하고 좋습니다. ",
        "SentimentWord": "3",
        "SentimentPolarity": "1"
      },
      {
        "Aspect": "가격",
        "SentimentText": "저렴해서 ",
        "SentimentWord": "1",
        "SentimentPolarity": "1"
      }
    ]
  },
  {
    "Index": "714605",
    "RawText": "가격만 저렴한 제품입니다. 향이 너무 진해서 사용하기 부담스러울 정도 입니다.",
    "Source": "쇼핑몰",
    "Domain": "화장품",
    "MainCategory": "남성화장품",
    "ProductName": "OO 꽃** 포 맨 스킨 250ml 1개",
    "ReviewScore": "5",
    "Syllable": "43",
    "Word": "10",
    "RDate": "20200430",
    "GeneralPolarity": "-1",
    "Aspects": [
      {
        "Aspect": "가격",
        "SentimentText": "가격만 저렴한 제품입니다.",
        "SentimentWord": "3",
        "SentimentPolarity": "1"
      },
      {
        "Aspect": "향",
        "SentimentText": "향이 너무 진해서 사용하기 부담스러울 정도 입니다. ",
        "SentimentWord": "7",
        "SentimentPolarity": "-1"
      }
    ]
  },
  {
    "Index": "714612",
    "RawText": "제가 선호하는 향기가 아니라 아쉽네요. 지성피부에 바르니 번들거리고 끈적이네요. 여름에 사용하면 안 좋을 것 같습니다.",
    "Source": "쇼핑몰",
    "Domain": "화장품",
    "MainCategory": "남성화장품",
    "ProductName": "OO 꽃** 포 맨 스킨 250ml 1개",
    "ReviewScore": "5",
    "Syllable": "66",
    "Word": "15",
    "RDate": "20190814",
    "GeneralPolarity": "-1",
    "Aspects": [
      {
        "Aspect": "향",
        "SentimentText": "선호하는 향기가 아니라 아쉽네요.",
        "SentimentWord": "4",
        "SentimentPolarity": "-1"
      },
      {
        "Aspect": "피부타입",
        "SentimentText": "지성피부에 바르니 번들거리고 끈적이네요. ",
        "SentimentWord": "4",
        "SentimentPolarity": "-1"
      },
      {
        "Aspect": "흡수력",
        "SentimentText": "번들거리고",
        "SentimentWord": "1",
        "SentimentPolarity": "-1"
      },
      {
        "Aspect": "흡수력",
        "SentimentText": "끈적이네요. ",
        "SentimentWord": "1",
        "SentimentPolarity": "-1"
      },
      {
        "Aspect": "기능/효과",
        "SentimentText": "여름에 사용하면 안 좋을 것 같습니다.",
        "SentimentWord": "6",
        "SentimentPolarity": "-1"
      }
    ]
  },
  {
    "Index": "714628",
    "RawText": "매우 맘에 듭니다. 신제품인지 첨보는데 더더욱 그렇네요. 구성도 여러 개고 특별히 자극도 없고 잘 씻기고 잘 밀리는 점도 맘에 들어요.",
    "Source": "쇼핑몰",
    "Domain": "화장품",
    "MainCategory": "남성화장품",
    "ProductName": "OO 맨 프** 쉐이빙 폼 200ml 4개",
    "ReviewScore": "5",
    "Syllable": "75",
    "Word": "20",
    "RDate": "20220528",
    "GeneralPolarity": "1",
    "Aspects": [
      {
        "Aspect": "제품구성",
        "SentimentText": "구성도 여러 개고",
        "SentimentWord": "3",
        "SentimentPolarity": "1"
      },
      {
        "Aspect": "자극성",
        "SentimentText": "특별히 자극도 없고",
        "SentimentWord": "3",
        "SentimentPolarity": "1"
      },
      {
        "Aspect": "기능/효과",
        "SentimentText": "잘 씻기고 ",
        "SentimentWord": "2",
        "SentimentPolarity": "1"
      },
      {
        "Aspect": "기능/효과",
        "SentimentText": "잘 밀리는 점도 맘에 들어요. ",
        "SentimentWord": "5",
        "SentimentPolarity": "1"
      }
    ]
  },
  {
    "Index": "714629",
    "RawText": "날이 따뜻해져서 쿨링 쉐이빙으로 구매해 봤습니다. 민트향을 기대했는데 향이 별로네요. 청량감도 거의 없는 것 같습니다.",
    "Source": "쇼핑몰",
    "Domain": "화장품",
    "MainCategory": "남성화장품",
    "ProductName": "OO 맨 프** 쉐이빙 폼 200ml 4개",
    "ReviewScore": "4",
    "Syllable": "66",
    "Word": "15",
    "RDate": "20220302",
    "GeneralPolarity": "-1",
    "Aspects": [
      {
        "Aspect": "향",
        "SentimentText": "민트향을 기대했는데 향이 별로네요. ",
        "SentimentWord": "4",
        "SentimentPolarity": "-1"
      },
      {
        "Aspect": "보습력/수분감/쿨링감",
        "SentimentText": "청량감도 거의 없는 것 같습니다.",
        "SentimentWord": "5",
        "SentimentPolarity": "-1"
      }
    ]
  },
  {
    "Index": "714689",
    "RawText": "은은한 향이 마음에 듭니다. 개인적으로 여름에 사용하기 좋다고 생각합니다.",
    "Source": "쇼핑몰",
    "Domain": "화장품",
    "MainCategory": "남성화장품",
    "ProductName": "OO 몽** 레전드 EDT 100ml",
    "ReviewScore": "5",
    "Syllable": "41",
    "Word": "9",
    "RDate": "20200523",
    "GeneralPolarity": "1",
    "Aspects": [
      {
        "Aspect": "향",
        "SentimentText": "은은한 향이 마음에 듭니다.",
        "SentimentWord": "4",
        "SentimentPolarity": "1"
      },
      {
        "Aspect": "기능/효과",
        "SentimentText": "여름에 사용하기 좋다고 생각합니다.",
        "SentimentWord": "4",
        "SentimentPolarity": "1"
      }
    ]
  },
  {
    "Index": "714692",
    "RawText": "여름에 몸에서 땀 냄새 안 나게 하려고 구매했는데 향도 좋고 오래가서 좋습니다.",
    "Source": "쇼핑몰",
    "Domain": "화장품",
    "MainCategory": "남성화장품",
    "ProductName": "OO 몽** 레전드 EDT 100ml",
    "ReviewScore": "5",
    "Syllable": "44",
    "Word": "12",
    "RDate": "20200530",
    "GeneralPolarity": "1",
    "Aspects": [
      {
        "Aspect": "향",
        "SentimentText": "향도 좋고",
        "SentimentWord": "2",
        "SentimentPolarity": "1"
      },
      {
        "Aspect": "지속력/유지력",
        "SentimentText": "오래가서 좋습니다.",
        "SentimentWord": "2",
        "SentimentPolarity": "1"
      }
    ]
  },
  {
    "Index": "714759",
    "RawText": "품질도 안 좋고 가격도 비싸고 배송도 느려서 모든 면에서 마음에 안 드네요. 향도 강해서 안 좋습니다. 사용하지 않을 것 같습니다.",
    "Source": "쇼핑몰",
    "Domain": "화장품",
    "MainCategory": "남성화장품",
    "ProductName": "OO 몽** 레전드 EDT 100ml",
    "ReviewScore": "5",
    "Syllable": "73",
    "Word": "20",
    "RDate": "20211215",
    "GeneralPolarity": "-1",
    "Aspects": [
      {
        "Aspect": "품질",
        "SentimentText": "품질도 안 좋고",
        "SentimentWord": "3",
        "SentimentPolarity": "-1"
      },
      {
        "Aspect": "가격",
        "SentimentText": "가격도 비싸고",
        "SentimentWord": "2",
        "SentimentPolarity": "-1"
      },
      {
        "Aspect": "향",
        "SentimentText": "향도 강해서 안 좋습니다.",
        "SentimentWord": "4",
        "SentimentPolarity": "-1"
      }
    ]
  },
  {
    "Index": "714761",
    "RawText": "향이 가볍지 않고 중후한 느낌이라 저에겐 어울리지 않는 향이네요. 향 지속력도 짧은 편이네요.",
    "Source": "쇼핑몰",
    "Domain": "화장품",
    "MainCategory": "남성화장품",
    "ProductName": "OO 몽** 레전드 EDT 100ml",
    "ReviewScore": "5",
    "Syllable": "52",
    "Word": "13",
    "RDate": "20211231",
    "GeneralPolarity": "-1",
    "Aspects": [
      {
        "Aspect": "향",
        "SentimentText": "향이 가볍지 않고",
        "SentimentWord": "3",
        "SentimentPolarity": "-1"
      },
      {
        "Aspect": "향",
        "SentimentText": "중후한 느낌이라",
        "SentimentWord": "2",
        "SentimentPolarity": "-1"
      },
      {
        "Aspect": "향",
        "SentimentText": "저에겐 어울리지 않는 향이네요.",
        "SentimentWord": "4",
        "SentimentPolarity": "-1"
      },
      {
        "Aspect": "지속력/유지력",
        "SentimentText": "향 지속력도 짧은 편이네요.",
        "SentimentWord": "4",
        "SentimentPolarity": "-1"
      }
    ]
  },
  {
    "Index": "714786",
    "RawText": "향이 맘에 들어서 OOO 오랫동안 사용하고 있네요. 애프터 쉐이브밤만 구하기 힘들어 향수도 조금 남아서 세트로 구매했어요. 지속력이 길지는 않아요.",
    "Source": "쇼핑몰",
    "Domain": "화장품",
    "MainCategory": "남성화장품",
    "ProductName": "OO 몽** 레전드 EDT 100ml",
    "ReviewScore": "5",
    "Syllable": "82",
    "Word": "19",
    "RDate": "20210411",
    "GeneralPolarity": "1",
    "Aspects": [
      {
        "Aspect": "향",
        "SentimentText": "향이 맘에 들어서",
        "SentimentWord": "3",
        "SentimentPolarity": "1"
      },
      {
        "Aspect": "지속력/유지력",
        "SentimentText": "지속력이 길지는 않아요.",
        "SentimentWord": "3",
        "SentimentPolarity": "-1"
      }
    ]
  },
  {
    "Index": "714792",
    "RawText": "남편이 좋아하는 제품이라 구매했습니다. 그런데 뚜껑이 없네요. 혹시나 싶어서 박스를 몇 번이나 뒤져봤지만 뚜껑이 없습니다. 재구매한거라 전에 썼던 용기의 뚜껑을 사용하긴 하지만 배송전 꼼꼼히 확인하시면 좋겠네요.",
    "Source": "쇼핑몰",
    "Domain": "화장품",
    "MainCategory": "남성화장품",
    "ProductName": "OO 몽** 레전드 EDT 100ml",
    "ReviewScore": "5",
    "Syllable": "118",
    "Word": "26",
    "RDate": "20170630",
    "GeneralPolarity": "-1",
    "Aspects": [
      {
        "Aspect": "용기",
        "SentimentText": "뚜껑이 없네요. ",
        "SentimentWord": "2",
        "SentimentPolarity": "-1"
      },
      {
        "Aspect": "용기",
        "SentimentText": "뚜껑이 없습니다. ",
        "SentimentWord": "2",
        "SentimentPolarity": "-1"
      }
    ]
  },
  {
    "Index": "714872",
    "RawText": "오빠에게 선물하려고 구매했는데 맘에 들어합니다. 향이 강하지 않아서 좋고 세련된 향기라고 좋아하고 만족해 합니다.",
    "Source": "쇼핑몰",
    "Domain": "화장품",
    "MainCategory": "남성화장품",
    "ProductName": "OO 몽** 레전드 EDT 100ml",
    "ReviewScore": "5",
    "Syllable": "63",
    "Word": "14",
    "RDate": "20220403",
    "GeneralPolarity": "1",
    "Aspects": [
      {
        "Aspect": "향",
        "SentimentText": "향이 강하지 않아서 좋고",
        "SentimentWord": "4",
        "SentimentPolarity": "1"
      },
      {
        "Aspect": "향",
        "SentimentText": "세련된 향기라고 좋아하고 만족해 합니다.",
        "SentimentWord": "5",
        "SentimentPolarity": "1"
      }
    ]
  },
  {
    "Index": "714884",
    "RawText": "너무 마음에 듭니다. 추천해요. 기존에 사용하던 OO 제품에서 이번에 OOO으로 바꿨는데 향도 좋고 데일리로 사용하기 좋아요.",
    "Source": "쇼핑몰",
    "Domain": "화장품",
    "MainCategory": "남성화장품",
    "ProductName": "OO 몽** 레전드 EDT 100ml",
    "ReviewScore": "5",
    "Syllable": "70",
    "Word": "16",
    "RDate": "20200227",
    "GeneralPolarity": "1",
    "Aspects": [
      {
        "Aspect": "향",
        "SentimentText": "향도 좋고",
        "SentimentWord": "2",
        "SentimentPolarity": "1"
      },
      {
        "Aspect": "편의성/활용성",
        "SentimentText": "데일리로 사용하기 좋아요.",
        "SentimentWord": "3",
        "SentimentPolarity": "1"
      }
    ]
  },
  {
    "Index": "714904",
    "RawText": "동생이 맡아보더니 향이 좋다며 자주 맡으러 오겠다고 합니다. 젊은 남성이 쓰기에 향이 무겁지 않아서 좋고 남성적인 향이라 마음에 듭니다. 끝은 상쾌한 향이라서 좋아요. 친구도 향을 맡아보더니 좋다며 무슨 향수냐고 물어보네요. 배송도 빨랐고 제품 상태도 좋아서 또 구매할 예정입니다.",
    "Source": "쇼핑몰",
    "Domain": "화장품",
    "MainCategory": "남성화장품",
    "ProductName": "OO 몽** 레전드 EDT 100ml",
    "ReviewScore": "5",
    "Syllable": "157",
    "Word": "38",
    "RDate": "20160518",
    "GeneralPolarity": "1",
    "Aspects": [
      {
        "Aspect": "향",
        "SentimentText": "향이 좋다며 ",
        "SentimentWord": "2",
        "SentimentPolarity": "1"
      },
      {
        "Aspect": "향",
        "SentimentText": "젊은 남성이 쓰기에 향이 무겁지 않아서 좋고",
        "SentimentWord": "7",
        "SentimentPolarity": "1"
      },
      {
        "Aspect": "향",
        "SentimentText": "남성적인 향이라 마음에 듭니다. ",
        "SentimentWord": "4",
        "SentimentPolarity": "1"
      },
      {
        "Aspect": "향",
        "SentimentText": "끝은 상쾌한 향이라서 좋아요. ",
        "SentimentWord": "4",
        "SentimentPolarity": "1"
      },
      {
        "Aspect": "향",
        "SentimentText": "향을 맡아보더니 좋다며 ",
        "SentimentWord": "3",
        "SentimentPolarity": "1"
      }
    ]
  },
  {
    "Index": "714950",
    "RawText": "어제 주문 했는데 오늘 도착했습니다. 자극적이지도 않고 향이 상큼해서 딱 좋습니다. 가격만 더 저렴해지면 좋을 것 같아요.",
    "Source": "쇼핑몰",
    "Domain": "화장품",
    "MainCategory": "남성화장품",
    "ProductName": "OO 몽** 레전드 EDT 100ml",
    "ReviewScore": "5",
    "Syllable": "68",
    "Word": "17",
    "RDate": "20220714",
    "GeneralPolarity": "1",
    "Aspects": [
      {
        "Aspect": "향",
        "SentimentText": "자극적이지도 않고",
        "SentimentWord": "2",
        "SentimentPolarity": "1"
      },
      {
        "Aspect": "향",
        "SentimentText": "향이 상큼해서 딱 좋습니다.",
        "SentimentWord": "4",
        "SentimentPolarity": "1"
      },
      {
        "Aspect": "가격",
        "SentimentText": "가격만 더 저렴해지면 좋을 것 같아요.",
        "SentimentWord": "6",
        "SentimentPolarity": "-1"
      }
    ]
  },
  {
    "Index": "714975",
    "RawText": "많은 남성용 향수 중 가장 애용하는 향수입니다. 처음 접한 이후로 이것만 쭉 써오고 있습니다. 독특한 향이 참 좋습니다. 가격만 저렴하면 더 좋을 듯 합니다.",
    "Source": "쇼핑몰",
    "Domain": "화장품",
    "MainCategory": "남성화장품",
    "ProductName": "OO 몽** 레전드 EDT 100ml",
    "ReviewScore": "5",
    "Syllable": "88",
    "Word": "24",
    "RDate": "20190906",
    "GeneralPolarity": "1",
    "Aspects": [
      {
        "Aspect": "향",
        "SentimentText": "독특한 향이 참 좋습니다. ",
        "SentimentWord": "4",
        "SentimentPolarity": "1"
      },
      {
        "Aspect": "가격",
        "SentimentText": "가격만 저렴하면 더 좋을 듯 합니다. ",
        "SentimentWord": "6",
        "SentimentPolarity": "-1"
      }
    ]
  },
  {
    "Index": "715113",
    "RawText": "쓰던 다른 향수와 비교했을 때 이 제품의 향은 너무 약해서 아쉽습니다. 지속력도 매우 떨어집니다.",
    "Source": "쇼핑몰",
    "Domain": "화장품",
    "MainCategory": "남성화장품",
    "ProductName": "OO 몽** 레전드 EDT 100ml",
    "ReviewScore": "3",
    "Syllable": "54",
    "Word": "14",
    "RDate": "20170328",
    "GeneralPolarity": "-1",
    "Aspects": [
      {
        "Aspect": "향",
        "SentimentText": "향은 너무 약해서 아쉽습니다.",
        "SentimentWord": "4",
        "SentimentPolarity": "-1"
      },
      {
        "Aspect": "지속력/유지력",
        "SentimentText": "지속력도 매우 떨어집니다.",
        "SentimentWord": "3",
        "SentimentPolarity": "-1"
      }
    ]
  },
  {
    "Index": "715240",
    "RawText": "지인이 추천해서 OOO 사용하다 이 제품으로 구매했어요. 향은 좋은데, 지속력이 짧아요. 출근할 때 뿌리고 회사 도착하면 향이 남아 있지 않네요.",
    "Source": "쇼핑몰",
    "Domain": "화장품",
    "MainCategory": "남성화장품",
    "ProductName": "OO 몽** 레전드 EDT 100ml",
    "ReviewScore": "5",
    "Syllable": "81",
    "Word": "20",
    "RDate": "20180211",
    "GeneralPolarity": "-1",
    "Aspects": [
      {
        "Aspect": "향",
        "SentimentText": "향은 좋은데, ",
        "SentimentWord": "2",
        "SentimentPolarity": "1"
      },
      {
        "Aspect": "지속력/유지력",
        "SentimentText": "지속력이 짧아요. ",
        "SentimentWord": "2",
        "SentimentPolarity": "-1"
      },
      {
        "Aspect": "지속력/유지력",
        "SentimentText": "출근할 때 뿌리고 회사 도착하면 향이 남아 있지 않네요.",
        "SentimentWord": "9",
        "SentimentPolarity": "-1"
      }
    ]
  },
  {
    "Index": "715282",
    "RawText": "처음 사용하는 제품인데 용량이 너무 작은 것 같습니다. 용량이 크게 나오면 좋을 것 같습니다.",
    "Source": "쇼핑몰",
    "Domain": "화장품",
    "MainCategory": "남성화장품",
    "ProductName": "OO 몽** 레전드 EDT 100ml",
    "ReviewScore": "5",
    "Syllable": "52",
    "Word": "14",
    "RDate": "20201118",
    "GeneralPolarity": "-1",
    "Aspects": [
      {
        "Aspect": "용량",
        "SentimentText": "용량이 너무 작은 것 같습니다.",
        "SentimentWord": "5",
        "SentimentPolarity": "-1"
      },
      {
        "Aspect": "용량",
        "SentimentText": "용량이 크게 나오면 좋을 것 같습니다.",
        "SentimentWord": "6",
        "SentimentPolarity": "-1"
      }
    ]
  },
  {
    "Index": "715291",
    "RawText": "좀 강한 향을 좋아하는데 향이 너무 은은해서 아쉽네요. 저처럼 강한 향기를 원하시는 분은 피하셔야 할 것 같습니다. 향이 약해서 지속력도 오래가지 않네요.",
    "Source": "쇼핑몰",
    "Domain": "화장품",
    "MainCategory": "남성화장품",
    "ProductName": "OO 몽** 레전드 EDT 100ml",
    "ReviewScore": "5",
    "Syllable": "86",
    "Word": "22",
    "RDate": "20161101",
    "GeneralPolarity": "-1",
    "Aspects": [
      {
        "Aspect": "향",
        "SentimentText": "향이 너무 은은해서 아쉽네요. ",
        "SentimentWord": "4",
        "SentimentPolarity": "-1"
      },
      {
        "Aspect": "향",
        "SentimentText": "강한 향기를 원하시는 분은 피하셔야 할 것 같습니다. ",
        "SentimentWord": "8",
        "SentimentPolarity": "-1"
      },
      {
        "Aspect": "향",
        "SentimentText": "향이 약해서 ",
        "SentimentWord": "2",
        "SentimentPolarity": "-1"
      },
      {
        "Aspect": "지속력/유지력",
        "SentimentText": "지속력도 오래가지 않네요.",
        "SentimentWord": "3",
        "SentimentPolarity": "-1"
      }
    ]
  },
  {
    "Index": "715312",
    "RawText": "매장에서 사려니 가격이 부담되더라고요. 그래서 인터넷 쇼핑몰에서 구매했는데 할인을 못 받아서 생각보다 비싸게 산 거 같아서 아쉬워요.",
    "Source": "쇼핑몰",
    "Domain": "화장품",
    "MainCategory": "남성화장품",
    "ProductName": "OO 몽** 레전드 EDT 100ml",
    "ReviewScore": "3",
    "Syllable": "74",
    "Word": "17",
    "RDate": "20170127",
    "GeneralPolarity": "-1",
    "Aspects": [
      {
        "Aspect": "가격",
        "SentimentText": "가격이 부담되더라고요.",
        "SentimentWord": "2",
        "SentimentPolarity": "-1"
      },
      {
        "Aspect": "가격",
        "SentimentText": "할인을 못 받아서 생각보다 비싸게 산 거 같아서 아쉬워요.",
        "SentimentWord": "9",
        "SentimentPolarity": "-1"
      }
    ]
  },
  {
    "Index": "715315",
    "RawText": "배송이 너무 느렸습니다. 백화점 상품인데 너무 느리네요. 용량도 생각보다 작고 가격도 엄청 비쌉니다.",
    "Source": "쇼핑몰",
    "Domain": "화장품",
    "MainCategory": "남성화장품",
    "ProductName": "OO 몽** 레전드 EDT 100ml",
    "ReviewScore": "4",
    "Syllable": "56",
    "Word": "13",
    "RDate": "20170303",
    "GeneralPolarity": "-1",
    "Aspects": [
      {
        "Aspect": "용량",
        "SentimentText": "용량도 생각보다 작고",
        "SentimentWord": "3",
        "SentimentPolarity": "-1"
      },
      {
        "Aspect": "가격",
        "SentimentText": "가격도 엄청 비쌉니다.",
        "SentimentWord": "3",
        "SentimentPolarity": "-1"
      }
    ]
  },
  {
    "Index": "715336",
    "RawText": "뚜껑이 별 모양이라 이쁘지만, 뚜껑을 세울 수가 없고 굴러 다닙니다. 향은 향긋하고 달달한 향이 나네요. 향 지속력은 보통이네요.",
    "Source": "쇼핑몰",
    "Domain": "화장품",
    "MainCategory": "남성화장품",
    "ProductName": "OO 몽** 레전드 EDT 100ml",
    "ReviewScore": "3",
    "Syllable": "72",
    "Word": "18",
    "RDate": "20170126",
    "GeneralPolarity": "0",
    "Aspects": [
      {
        "Aspect": "용기",
        "SentimentText": "뚜껑이 별 모양이라 이쁘지만, ",
        "SentimentWord": "4",
        "SentimentPolarity": "1"
      },
      {
        "Aspect": "용기",
        "SentimentText": "뚜껑을 세울 수가 없고 굴러 다닙니다. ",
        "SentimentWord": "6",
        "SentimentPolarity": "-1"
      },
      {
        "Aspect": "향",
        "SentimentText": "향은 향긋하고 ",
        "SentimentWord": "2",
        "SentimentPolarity": "1"
      },
      {
        "Aspect": "향",
        "SentimentText": "달달한 향이 나네요.",
        "SentimentWord": "3",
        "SentimentPolarity": "1"
      },
      {
        "Aspect": "지속력/유지력",
        "SentimentText": "향 지속력은 보통이네요.",
        "SentimentWord": "3",
        "SentimentPolarity": "0"
      }
    ]
  },
  {
    "Index": "715410",
    "RawText": "후기가 좋아서 샀는데 제가 좋아하는 향은 아니네요. 여름에 쓸 향수를 찾고 있었는데 여름에는 어울리지 않는 향이네요. 지속력도 짧아요. 재구매는 안 할 거 같습니다.",
    "Source": "쇼핑몰",
    "Domain": "화장품",
    "MainCategory": "남성화장품",
    "ProductName": "OO 몽** 레전드 EDT 100ml",
    "ReviewScore": "5",
    "Syllable": "92",
    "Word": "23",
    "RDate": "20190923",
    "GeneralPolarity": "-1",
    "Aspects": [
      {
        "Aspect": "향",
        "SentimentText": "제가 좋아하는 향은 아니네요.",
        "SentimentWord": "4",
        "SentimentPolarity": "-1"
      },
      {
        "Aspect": "향",
        "SentimentText": "여름에는 어울리지 않는 향이네요. ",
        "SentimentWord": "4",
        "SentimentPolarity": "-1"
      },
      {
        "Aspect": "지속력/유지력",
        "SentimentText": "지속력도 짧아요.",
        "SentimentWord": "2",
        "SentimentPolarity": "-1"
      }
    ]
  },
  {
    "Index": "715417",
    "RawText": "처음으로 주문했어요. 향이 은은하니 튀지 않는 향이라 좋습니다. 다쓰면 재구매 예정이에요. 만족합니다.",
    "Source": "쇼핑몰",
    "Domain": "화장품",
    "MainCategory": "남성화장품",
    "ProductName": "OO 몽** 레전드 EDT 100ml",
    "ReviewScore": "5",
    "Syllable": "57",
    "Word": "12",
    "RDate": "20190813",
    "GeneralPolarity": "1",
    "Aspects": [
      {
        "Aspect": "향",
        "SentimentText": "향이 은은하니 ",
        "SentimentWord": "2",
        "SentimentPolarity": "1"
      },
      {
        "Aspect": "향",
        "SentimentText": "튀지 않는 향이라 좋습니다. ",
        "SentimentWord": "4",
        "SentimentPolarity": "1"
      }
    ]
  },
  {
    "Index": "715440",
    "RawText": "오랫동안 사용하고 있는 향수입니다. 용량도 크고 저렴하게 구입한 것 같아서 만족해요.",
    "Source": "쇼핑몰",
    "Domain": "화장품",
    "MainCategory": "남성화장품",
    "ProductName": "OO 몽** 레전드 EDT 100ml",
    "ReviewScore": "5",
    "Syllable": "47",
    "Word": "11",
    "RDate": "20210507",
    "GeneralPolarity": "1",
    "Aspects": [
      {
        "Aspect": "용량",
        "SentimentText": "용량도 크고",
        "SentimentWord": "2",
        "SentimentPolarity": "1"
      },
      {
        "Aspect": "가격",
        "SentimentText": "저렴하게 구입한 것 같아서 만족해요.",
        "SentimentWord": "5",
        "SentimentPolarity": "1"
      }
    ]
  },
  {
    "Index": "715446",
    "RawText": "향수 많이 써봤는데 여기 제품 완전 별로네요. 향이 뿌리면서 바로 날아가는지 아무런 향도 안 나고 가격이 싼 것도 아닌데 OOO 다른 곳에 구입한 건 이렇지 않았는데 정품이 아닌 거 같네요.",
    "Source": "쇼핑몰",
    "Domain": "화장품",
    "MainCategory": "남성화장품",
    "ProductName": "OO 몽** 레전드 EDT 100ml",
    "ReviewScore": "1",
    "Syllable": "106",
    "Word": "30",
    "RDate": "20190802",
    "GeneralPolarity": "-1",
    "Aspects": [
      {
        "Aspect": "지속력/유지력",
        "SentimentText": "향이 뿌리면서 바로 날아가는지",
        "SentimentWord": "4",
        "SentimentPolarity": "-1"
      },
      {
        "Aspect": "향",
        "SentimentText": "아무런 향도 안 나고",
        "SentimentWord": "4",
        "SentimentPolarity": "-1"
      },
      {
        "Aspect": "가격",
        "SentimentText": "가격이 싼 것도 아닌데 ",
        "SentimentWord": "4",
        "SentimentPolarity": "-1"
      }
    ]
  },
  {
    "Index": "715528",
    "RawText": "남편이 향이 좋아 만족합니다. 가격도 면세점과 비슷하게 저렴하게 샀습니다.",
    "Source": "쇼핑몰",
    "Domain": "화장품",
    "MainCategory": "남성화장품",
    "ProductName": "OO 몽** 레전드 EDT 100ml",
    "ReviewScore": "5",
    "Syllable": "41",
    "Word": "9",
    "RDate": "20190319",
    "GeneralPolarity": "1",
    "Aspects": [
      {
        "Aspect": "향",
        "SentimentText": "향이 좋아 만족합니다.",
        "SentimentWord": "3",
        "SentimentPolarity": "1"
      },
      {
        "Aspect": "가격",
        "SentimentText": "가격도 면세점과 비슷하게 저렴하게 샀습니다.",
        "SentimentWord": "5",
        "SentimentPolarity": "1"
      }
    ]
  },
  {
    "Index": "715623",
    "RawText": "배송이 빨라서 좋네요. 단점은 처음 분사했을때 알콜냄새가 심합니다. 상품 특성 인듯해요. 조금 지나면 마음에 드는 향이 나는데 지속력이 길지는 않아서 아쉽네요.  .",
    "Source": "쇼핑몰",
    "Domain": "화장품",
    "MainCategory": "남성화장품",
    "ProductName": "OO 몽** 레전드 EDT 100ml",
    "ReviewScore": "5",
    "Syllable": "92",
    "Word": "22",
    "RDate": "20201230",
    "GeneralPolarity": "-1",
    "Aspects": [
      {
        "Aspect": "향",
        "SentimentText": "처음 분사했을때 알콜냄새가 심합니다. ",
        "SentimentWord": "4",
        "SentimentPolarity": "-1"
      },
      {
        "Aspect": "향",
        "SentimentText": "조금 지나면 마음에 드는 향이 나는데",
        "SentimentWord": "6",
        "SentimentPolarity": "1"
      },
      {
        "Aspect": "지속력/유지력",
        "SentimentText": "지속력이 길지는 않아서 아쉽네요.  ",
        "SentimentWord": "4",
        "SentimentPolarity": "-1"
      }
    ]
  },
  {
    "Index": "715640",
    "RawText": "몇년째 이 뚜왈렛 향수를 잘 쓰고 있어요. 사계절 모두 사용하기 좋아요. 향이 상쾌하네요. 이런 무더위에도 빛을 발하는 여러 후속 모델들이 등장하고 있지만 처음의 그 강렬한 향은 이 제품이 최고인 것 같네요.",
    "Source": "쇼핑몰",
    "Domain": "화장품",
    "MainCategory": "남성화장품",
    "ProductName": "OO 몽** 레전드 EDT 100ml",
    "ReviewScore": "5",
    "Syllable": "116",
    "Word": "31",
    "RDate": "20210727",
    "GeneralPolarity": "1",
    "Aspects": [
      {
        "Aspect": "기능/효과",
        "SentimentText": "사계절 모두 사용하기 좋아요. ",
        "SentimentWord": "4",
        "SentimentPolarity": "1"
      },
      {
        "Aspect": "향",
        "SentimentText": "향이 상쾌하네요. ",
        "SentimentWord": "2",
        "SentimentPolarity": "1"
      },
      {
        "Aspect": "향",
        "SentimentText": "처음의 그 강렬한 향은 이 제품이 최고인 것 같네요.",
        "SentimentWord": "9",
        "SentimentPolarity": "1"
      }
    ]
  },
  {
    "Index": "715641",
    "RawText": "남편 생일 선물로 급하게 구매했습니다. 남성적인 향이라 맘에 들지만, 향이 약간 올드한 느낌입니다.",
    "Source": "쇼핑몰",
    "Domain": "화장품",
    "MainCategory": "남성화장품",
    "ProductName": "OO 몽** 레전드 EDT 100ml",
    "ReviewScore": "5",
    "Syllable": "55",
    "Word": "13",
    "RDate": "20210829",
    "GeneralPolarity": "0",
    "Aspects": [
      {
        "Aspect": "향",
        "SentimentText": "남성적인 향이라 맘에 들지만, ",
        "SentimentWord": "4",
        "SentimentPolarity": "1"
      },
      {
        "Aspect": "향",
        "SentimentText": "향이 약간 올드한 느낌입니다. ",
        "SentimentWord": "4",
        "SentimentPolarity": "-1"
      }
    ]
  },
  {
    "Index": "715653",
    "RawText": "가격 대비 품질이 좋지 않습니다. 여기서 너무 비싸게 구입한 것 같습니다. 가격이 더 저렴해야 될 것 같습니다.",
    "Source": "쇼핑몰",
    "Domain": "화장품",
    "MainCategory": "남성화장품",
    "ProductName": "OO 몽** 레전드 EDT 100ml",
    "ReviewScore": "5",
    "Syllable": "62",
    "Word": "17",
    "RDate": "20220307",
    "GeneralPolarity": "-1",
    "Aspects": [
      {
        "Aspect": "품질",
        "SentimentText": "가격 대비 품질이 좋지 않습니다.",
        "SentimentWord": "5",
        "SentimentPolarity": "-1"
      },
      {
        "Aspect": "가격",
        "SentimentText": "너무 비싸게 구입한 것 같습니다.",
        "SentimentWord": "5",
        "SentimentPolarity": "-1"
      },
      {
        "Aspect": "가격",
        "SentimentText": "가격이 더 저렴해야 될 것 같습니다.",
        "SentimentWord": "6",
        "SentimentPolarity": "-1"
      }
    ]
  },
  {
    "Index": "715667",
    "RawText": "향이 좀 더 오래 갔으면 좋겠습니다. 지속력이 너무 짧네요. 그리고 향도 너무 은은해서 남자가 사용하기는 별로인 것 같아요.",
    "Source": "쇼핑몰",
    "Domain": "화장품",
    "MainCategory": "남성화장품",
    "ProductName": "OO 몽** 레전드 EDT 100ml",
    "ReviewScore": "4",
    "Syllable": "69",
    "Word": "18",
    "RDate": "20210715",
    "GeneralPolarity": "-1",
    "Aspects": [
      {
        "Aspect": "지속력/유지력",
        "SentimentText": "향이 좀 더 오래 갔으면 좋겠습니다. ",
        "SentimentWord": "6",
        "SentimentPolarity": "-1"
      },
      {
        "Aspect": "지속력/유지력",
        "SentimentText": "지속력이 너무 짧네요. ",
        "SentimentWord": "3",
        "SentimentPolarity": "-1"
      },
      {
        "Aspect": "향",
        "SentimentText": "향도 너무 은은해서 남자가 사용하기는 별로인 것 같아요.",
        "SentimentWord": "8",
        "SentimentPolarity": "-1"
      }
    ]
  },
  {
    "Index": "715675",
    "RawText": "원래 사용하던 향수 입니다.  남동생 생일에 선물해줬습니다. 향이 좋아서 아주 좋아합니다. 여름에 사용하기 좋은 향수입니다.",
    "Source": "쇼핑몰",
    "Domain": "화장품",
    "MainCategory": "남성화장품",
    "ProductName": "OO 아** EDT 125ml",
    "ReviewScore": "5",
    "Syllable": "69",
    "Word": "15",
    "RDate": "20210924",
    "GeneralPolarity": "1",
    "Aspects": [
      {
        "Aspect": "향",
        "SentimentText": "향이 좋아서",
        "SentimentWord": "2",
        "SentimentPolarity": "1"
      },
      {
        "Aspect": "기능/효과",
        "SentimentText": "여름에 사용하기 좋은 향수입니다.",
        "SentimentWord": "4",
        "SentimentPolarity": "1"
      }
    ]
  },
  {
    "Index": "715690",
    "RawText": "완전 좋습니다. 정말 좋습니다. 향기도 좋고 아들이 엄청 좋아해요. 정말 좋습니다. 향이 좋아서 하루가 즐겁다고 엄청뿌려대고 있어요. 가격이 저렴해  세일 할 때 많이 사놓으려고 두개 구입했어요.",
    "Source": "쇼핑몰",
    "Domain": "화장품",
    "MainCategory": "남성화장품",
    "ProductName": "OO 아** EDT 125ml",
    "ReviewScore": "5",
    "Syllable": "109",
    "Word": "26",
    "RDate": "20200516",
    "GeneralPolarity": "1",
    "Aspects": [
      {
        "Aspect": "향",
        "SentimentText": "향기도 좋고 ",
        "SentimentWord": "2",
        "SentimentPolarity": "1"
      },
      {
        "Aspect": "향",
        "SentimentText": "향이 좋아서 ",
        "SentimentWord": "2",
        "SentimentPolarity": "1"
      },
      {
        "Aspect": "가격",
        "SentimentText": "가격이 저렴해  ",
        "SentimentWord": "2",
        "SentimentPolarity": "1"
      }
    ]
  },
  {
    "Index": "715730",
    "RawText": "매장에서 시향해 보고 샀습니다. 은은하게 기분 좋은 향이라 마음에 듭니다.",
    "Source": "쇼핑몰",
    "Domain": "화장품",
    "MainCategory": "남성화장품",
    "ProductName": "OO 아** EDT 125ml",
    "ReviewScore": "5",
    "Syllable": "41",
    "Word": "10",
    "RDate": "20200607",
    "GeneralPolarity": "1",
    "Aspects": [
      {
        "Aspect": "향",
        "SentimentText": "은은하게",
        "SentimentWord": "1",
        "SentimentPolarity": "1"
      },
      {
        "Aspect": "향",
        "SentimentText": "기분 좋은 향이라 마음에 듭니다.",
        "SentimentWord": "5",
        "SentimentPolarity": "1"
      }
    ]
  },
  {
    "Index": "715760",
    "RawText": "남편이 좋아해서 계속 사 줍니다. 향이 은은하고 화장품 향과 섞여도 자연스럽고 좋습니다.",
    "Source": "쇼핑몰",
    "Domain": "화장품",
    "MainCategory": "남성화장품",
    "ProductName": "OO 아** EDT 125ml",
    "ReviewScore": "5",
    "Syllable": "49",
    "Word": "12",
    "RDate": "20200625",
    "GeneralPolarity": "1",
    "Aspects": [
      {
        "Aspect": "향",
        "SentimentText": "향이 은은하고",
        "SentimentWord": "2",
        "SentimentPolarity": "1"
      },
      {
        "Aspect": "향",
        "SentimentText": "화장품 향과 섞여도 자연스럽고 좋습니다.",
        "SentimentWord": "5",
        "SentimentPolarity": "1"
      }
    ]
  },
  {
    "Index": "715766",
    "RawText": "선물하려고 구입했습니다. 젊은 사람들이 쓰기에 좋은 향인 것 같습니다. 향이 무난합니다.",
    "Source": "쇼핑몰",
    "Domain": "화장품",
    "MainCategory": "남성화장품",
    "ProductName": "OO 아** EDT 125ml",
    "ReviewScore": "5",
    "Syllable": "49",
    "Word": "11",
    "RDate": "20200627",
    "GeneralPolarity": "1",
    "Aspects": [
      {
        "Aspect": "편의성/활용성",
        "SentimentText": "젊은 사람들이 쓰기에 좋은 향인 것 같습니다.",
        "SentimentWord": "7",
        "SentimentPolarity": "1"
      },
      {
        "Aspect": "향",
        "SentimentText": "향이 무난합니다.",
        "SentimentWord": "2",
        "SentimentPolarity": "1"
      }
    ]
  },
  {
    "Index": "715773",
    "RawText": "지속력이 좋지 않습니다. 가격도 비싼 편이고 향이 강해서 좋지 않습니다.",
    "Source": "쇼핑몰",
    "Domain": "화장품",
    "MainCategory": "남성화장품",
    "ProductName": "OO 아** EDT 125ml",
    "ReviewScore": "5",
    "Syllable": "40",
    "Word": "10",
    "RDate": "20200701",
    "GeneralPolarity": "-1",
    "Aspects": [
      {
        "Aspect": "지속력/유지력",
        "SentimentText": "지속력이 좋지 않습니다.",
        "SentimentWord": "3",
        "SentimentPolarity": "-1"
      },
      {
        "Aspect": "가격",
        "SentimentText": "가격도 비싼 편이고",
        "SentimentWord": "3",
        "SentimentPolarity": "-1"
      },
      {
        "Aspect": "향",
        "SentimentText": "향이 강해서 좋지 않습니다.",
        "SentimentWord": "4",
        "SentimentPolarity": "-1"
      }
    ]
  },
  {
    "Index": "715781",
    "RawText": "가격이 비싸지만 OOO 향수 궁금해서 처음 구매해 봤어요. 향기가 제 취향이 아니네요.",
    "Source": "쇼핑몰",
    "Domain": "화장품",
    "MainCategory": "남성화장품",
    "ProductName": "OO 아** EDT 125ml",
    "ReviewScore": "5",
    "Syllable": "48",
    "Word": "12",
    "RDate": "20200703",
    "GeneralPolarity": "-1",
    "Aspects": [
      {
        "Aspect": "가격",
        "SentimentText": "가격이 비싸지만",
        "SentimentWord": "2",
        "SentimentPolarity": "-1"
      },
      {
        "Aspect": "향",
        "SentimentText": "향기가 제 취향이 아니네요. ",
        "SentimentWord": "4",
        "SentimentPolarity": "-1"
      }
    ]
  },
  {
    "Index": "715785",
    "RawText": "지속력은 별로지만 향수 싫어하는 사람도 불쾌하지 않은 은은한 향이에요. 좋아요.",
    "Source": "쇼핑몰",
    "Domain": "화장품",
    "MainCategory": "남성화장품",
    "ProductName": "OO 아** EDT 125ml",
    "ReviewScore": "5",
    "Syllable": "44",
    "Word": "10",
    "RDate": "20200707",
    "GeneralPolarity": "1",
    "Aspects": [
      {
        "Aspect": "지속력/유지력",
        "SentimentText": "지속력은 별로지만",
        "SentimentWord": "2",
        "SentimentPolarity": "-1"
      },
      {
        "Aspect": "향",
        "SentimentText": "향수 싫어하는 사람도 불쾌하지 않은 은은한 향이에요.",
        "SentimentWord": "7",
        "SentimentPolarity": "1"
      }
    ]
  },
  {
    "Index": "715825",
    "RawText": "생일선물로 줬는데 좋아합니다. 옛날부터 계속 쓰던 향이라 거부감 없어요. 타 사이트보다 싸게 샀고 뽁뽁이랑 해서 배송도 안전하게 와서 좋았어요. 다 쓰면 또 여기서 주문할꺼예요. 감사합니다.",
    "Source": "쇼핑몰",
    "Domain": "화장품",
    "MainCategory": "남성화장품",
    "ProductName": "OO 아** EDT 125ml",
    "ReviewScore": "5",
    "Syllable": "106",
    "Word": "25",
    "RDate": "20211003",
    "GeneralPolarity": "1",
    "Aspects": [
      {
        "Aspect": "향",
        "SentimentText": "옛날부터 계속 쓰던 향이라 거부감 없어요. ",
        "SentimentWord": "6",
        "SentimentPolarity": "1"
      },
      {
        "Aspect": "가격",
        "SentimentText": "타 사이트보다 싸게 샀고",
        "SentimentWord": "4",
        "SentimentPolarity": "1"
      }
    ]
  },
  {
    "Index": "715845",
    "RawText": "향 추천 받고 구매했는데 제가 좋아하는 ㅇㅇ랑 향이 비슷합니다. 잔향이 정말 좋은 향수입니다. 맘에 듭니다.",
    "Source": "쇼핑몰",
    "Domain": "화장품",
    "MainCategory": "남성화장품",
    "ProductName": "OO 아** EDT 125ml",
    "ReviewScore": "5",
    "Syllable": "60",
    "Word": "15",
    "RDate": "20201219",
    "GeneralPolarity": "1",
    "Aspects": [
      {
        "Aspect": "향",
        "SentimentText": "제가 좋아하는 ㅇㅇ랑 향이 비슷합니다.",
        "SentimentWord": "5",
        "SentimentPolarity": "1"
      },
      {
        "Aspect": "향",
        "SentimentText": "잔향이 정말 좋은 향수입니다. ",
        "SentimentWord": "4",
        "SentimentPolarity": "1"
      }
    ]
  },
  {
    "Index": "715853",
    "RawText": "남자친구가 제일 좋아하는 향수라고 해서 샀어요. 향이 은은하고 좋습니다. 지속력은 살짝 아쉬워요. 다음에도 사러 올게요.",
    "Source": "쇼핑몰",
    "Domain": "화장품",
    "MainCategory": "남성화장품",
    "ProductName": "OO 아** EDT 125ml",
    "ReviewScore": "5",
    "Syllable": "67",
    "Word": "15",
    "RDate": "20210208",
    "GeneralPolarity": "1",
    "Aspects": [
      {
        "Aspect": "향",
        "SentimentText": "향이 은은하고 좋습니다.",
        "SentimentWord": "3",
        "SentimentPolarity": "1"
      },
      {
        "Aspect": "지속력/유지력",
        "SentimentText": "지속력은 살짝 아쉬워요.",
        "SentimentWord": "3",
        "SentimentPolarity": "-1"
      }
    ]
  },
  {
    "Index": "715920",
    "RawText": "남자 향수로 향기가 이만한 스테디셀러가 없다고 해도 과언은 아닐 것 같아요. 사계절 내내 쓰기 가장 좋습니다.",
    "Source": "쇼핑몰",
    "Domain": "화장품",
    "MainCategory": "남성화장품",
    "ProductName": "OO 아** EDT 125ml",
    "ReviewScore": "5",
    "Syllable": "61",
    "Word": "16",
    "RDate": "20220607",
    "GeneralPolarity": "1",
    "Aspects": [
      {
        "Aspect": "향",
        "SentimentText": "남자 향수로 향기가 이만한 스테디셀러가 없다고 해도 과언은 아닐 것 같아요. ",
        "SentimentWord": "11",
        "SentimentPolarity": "1"
      },
      {
        "Aspect": "기능/효과",
        "SentimentText": "사계절 내내 쓰기 가장 좋습니다. ",
        "SentimentWord": "5",
        "SentimentPolarity": "1"
      }
    ]
  },
  {
    "Index": "715927",
    "RawText": "다들 좋다고 해서 리뷰 좀 찾아보고 선택했습니다. 왜 인기가 많은지 알겠네요. 향이 진하지 않고 은은해서 좋습니다. 선물 포장까시 해 줘서 더 좋습니다.",
    "Source": "쇼핑몰",
    "Domain": "화장품",
    "MainCategory": "남성화장품",
    "ProductName": "OO 아** EDT 125ml",
    "ReviewScore": "5",
    "Syllable": "85",
    "Word": "22",
    "RDate": "20201017",
    "GeneralPolarity": "1",
    "Aspects": [
      {
        "Aspect": "향",
        "SentimentText": "향이 진하지 않고",
        "SentimentWord": "3",
        "SentimentPolarity": "1"
      },
      {
        "Aspect": "향",
        "SentimentText": "은은해서 좋습니다.",
        "SentimentWord": "2",
        "SentimentPolarity": "1"
      }
    ]
  },
  {
    "Index": "715957",
    "RawText": "쓰던 거 보다 저렴하게 샀어요.  사계절 쓰기 무난한 향이네요. 향 지속성은 약해요.",
    "Source": "쇼핑몰",
    "Domain": "화장품",
    "MainCategory": "남성화장품",
    "ProductName": "OO 아** EDT 125ml",
    "ReviewScore": "5",
    "Syllable": "47",
    "Word": "12",
    "RDate": "20210421",
    "GeneralPolarity": "1",
    "Aspects": [
      {
        "Aspect": "가격",
        "SentimentText": "저렴하게 샀어요.  ",
        "SentimentWord": "2",
        "SentimentPolarity": "1"
      },
      {
        "Aspect": "기능/효과",
        "SentimentText": "사계절 쓰기 무난한 향이네요.",
        "SentimentWord": "4",
        "SentimentPolarity": "1"
      },
      {
        "Aspect": "지속력/유지력",
        "SentimentText": "향 지속성은 약해요.",
        "SentimentWord": "3",
        "SentimentPolarity": "-1"
      }
    ]
  },
  {
    "Index": "715966",
    "RawText": "형 생일 선물을 찾다가 구매했어요. 예전에 친구가 쓰던 향수인데 물어봐서 알게 된 제품입니다. 향이 강하지 않아서 좋고 은은한 향입니다. 30대 후반 남성들이 사용하기 좋을 것 같습니다. 차분한 향기라 좋고 잔향이 진하지 않아서 좋습니다. 사람이 많은 회사에 근무하시는 분들이 사용하기 좋을 것 같습니다. 잔향은 꽃 향기가 어우러져 은은한 향기가 더해집니다. 향이 진하지 않아서 부담 없어요. 가격도 비싸지 않아서 선물하기 부담스럽지 않습니다. 형 생일 선물로 고민하다가 여러 제품을 쇼핑몰에서 비교 분석하다가 구매했습니다. 쇼핑몰마다 가격이 다 다르게 판매되고 있습니다. 그 중에서 oo가 가장 저렴해서 구입하게 되었습니다. 배송도 하루 만에 도착해서 늦지 않게 포장할 수 있었습니다.",
    "Source": "쇼핑몰",
    "Domain": "화장품",
    "MainCategory": "남성화장품",
    "ProductName": "OO 아** EDT 125ml",
    "ReviewScore": "5",
    "Syllable": "384",
    "Word": "92",
    "RDate": "20210501",
    "GeneralPolarity": "1",
    "Aspects": [
      {
        "Aspect": "향",
        "SentimentText": "향이 강하지 않아서 좋고",
        "SentimentWord": "4",
        "SentimentPolarity": "1"
      },
      {
        "Aspect": "향",
        "SentimentText": "은은한 향입니다.",
        "SentimentWord": "2",
        "SentimentPolarity": "1"
      },
      {
        "Aspect": "편의성/활용성",
        "SentimentText": "30대 후반 남성들이 사용하기 좋을 것 같습니다.",
        "SentimentWord": "7",
        "SentimentPolarity": "1"
      },
      {
        "Aspect": "향",
        "SentimentText": "차분한 향기라 좋고",
        "SentimentWord": "3",
        "SentimentPolarity": "1"
      },
      {
        "Aspect": "향",
        "SentimentText": "잔향이 진하지 않아서 좋습니다.",
        "SentimentWord": "4",
        "SentimentPolarity": "1"
      },
      {
        "Aspect": "편의성/활용성",
        "SentimentText": "사람이 많은 회사에 근무하시는 분들이 사용하기 좋을 것 같습니다.",
        "SentimentWord": "9",
        "SentimentPolarity": "1"
      },
      {
        "Aspect": "향",
        "SentimentText": "잔향은 꽃 향기가 어우러져 은은한 향기가 더해집니다.",
        "SentimentWord": "7",
        "SentimentPolarity": "1"
      },
      {
        "Aspect": "향",
        "SentimentText": "향이 진하지 않아서 부담 없어요.",
        "SentimentWord": "5",
        "SentimentPolarity": "1"
      },
      {
        "Aspect": "가격",
        "SentimentText": "가격도 비싸지 않아서",
        "SentimentWord": "3",
        "SentimentPolarity": "1"
      },
      {
        "Aspect": "가격",
        "SentimentText": "oo가 가장 저렴해서",
        "SentimentWord": "3",
        "SentimentPolarity": "1"
      }
    ]
  },
  {
    "Index": "715977",
    "RawText": "은은하고 고급스러운 향이에요. 매일 뿌리는 향수라서 자주 구매합니다. 번창하세요.",
    "Source": "쇼핑몰",
    "Domain": "화장품",
    "MainCategory": "남성화장품",
    "ProductName": "OO 아** EDT 125ml",
    "ReviewScore": "5",
    "Syllable": "45",
    "Word": "9",
    "RDate": "20210713",
    "GeneralPolarity": "1",
    "Aspects": [
      {
        "Aspect": "향",
        "SentimentText": "은은하고",
        "SentimentWord": "1",
        "SentimentPolarity": "1"
      },
      {
        "Aspect": "향",
        "SentimentText": "고급스러운 향이에요.",
        "SentimentWord": "2",
        "SentimentPolarity": "1"
      }
    ]
  },
  {
    "Index": "715990",
    "RawText": "선물 용으로 구매했네요. 선물 포장도 깔끔하고 배송도 빨라서 너무 좋았습니다. 향은 직접 맡진 않아서 모르지만 가격도 적당하고 용량도 적당해서 좋습니다.",
    "Source": "쇼핑몰",
    "Domain": "화장품",
    "MainCategory": "남성화장품",
    "ProductName": "OO 아** EDT 125ml",
    "ReviewScore": "5",
    "Syllable": "85",
    "Word": "20",
    "RDate": "20191231",
    "GeneralPolarity": "1",
    "Aspects": [
      {
        "Aspect": "가격",
        "SentimentText": "가격도 적당하고",
        "SentimentWord": "2",
        "SentimentPolarity": "1"
      },
      {
        "Aspect": "용량",
        "SentimentText": "용량도 적당해서",
        "SentimentWord": "2",
        "SentimentPolarity": "1"
      }
    ]
  },
  {
    "Index": "716005",
    "RawText": "자주 쓰는 향수 입니다. 용량도 크고 가격도 저렴하게 잘 구입했습니다. 배송도 빨라서 만족해요.",
    "Source": "쇼핑몰",
    "Domain": "화장품",
    "MainCategory": "남성화장품",
    "ProductName": "OO 아** EDT 125ml",
    "ReviewScore": "5",
    "Syllable": "53",
    "Word": "13",
    "RDate": "20170305",
    "GeneralPolarity": "1",
    "Aspects": [
      {
        "Aspect": "용량",
        "SentimentText": "용량도 크고",
        "SentimentWord": "2",
        "SentimentPolarity": "1"
      },
      {
        "Aspect": "가격",
        "SentimentText": "가격도 저렴하게 잘 구입했습니다.",
        "SentimentWord": "4",
        "SentimentPolarity": "1"
      }
    ]
  },
  {
    "Index": "716038",
    "RawText": "후기 보고 남편한테 선물하려고 주문했는데 향이 생각보다 좋지 않습니다. 향이 너무 강해서 사용하기 꺼려집니다.",
    "Source": "쇼핑몰",
    "Domain": "화장품",
    "MainCategory": "남성화장품",
    "ProductName": "OO 아** EDT 125ml",
    "ReviewScore": "5",
    "Syllable": "61",
    "Word": "14",
    "RDate": "20190103",
    "GeneralPolarity": "-1",
    "Aspects": [
      {
        "Aspect": "향",
        "SentimentText": "향이 생각보다 좋지 않습니다.",
        "SentimentWord": "4",
        "SentimentPolarity": "-1"
      },
      {
        "Aspect": "향",
        "SentimentText": "향이 너무 강해서 사용하기 꺼려집니다.",
        "SentimentWord": "5",
        "SentimentPolarity": "-1"
      }
    ]
  },
  {
    "Index": "716094",
    "RawText": "시향해보고 처음샀는데 배송도 빠르고 가격도 착하니 좋습니다. 저희 신랑이 남자다운 향이 나는 향수라며 좋아합니다.",
    "Source": "쇼핑몰",
    "Domain": "화장품",
    "MainCategory": "남성화장품",
    "ProductName": "OO 아** EDT 125ml",
    "ReviewScore": "5",
    "Syllable": "63",
    "Word": "14",
    "RDate": "20200409",
    "GeneralPolarity": "1",
    "Aspects": [
      {
        "Aspect": "가격",
        "SentimentText": "가격도 착하니 좋습니다. ",
        "SentimentWord": "3",
        "SentimentPolarity": "1"
      },
      {
        "Aspect": "향",
        "SentimentText": "남자다운 향이 나는 향수라며 좋아합니다. ",
        "SentimentWord": "5",
        "SentimentPolarity": "1"
      }
    ]
  },
  {
    "Index": "716132",
    "RawText": "배송도 엄청 느렸고 제품 포장도 잘 안되어서 왔습니다. 향은 너무 강해서 아쉽습니다. 지속력도 없는 것 같아요.",
    "Source": "쇼핑몰",
    "Domain": "화장품",
    "MainCategory": "남성화장품",
    "ProductName": "OO 아** EDT 125ml",
    "ReviewScore": "5",
    "Syllable": "62",
    "Word": "16",
    "RDate": "20200618",
    "GeneralPolarity": "-1",
    "Aspects": [
      {
        "Aspect": "향",
        "SentimentText": "향은 너무 강해서 아쉽습니다.",
        "SentimentWord": "4",
        "SentimentPolarity": "-1"
      },
      {
        "Aspect": "지속력/유지력",
        "SentimentText": "지속력도 없는 것 같아요.",
        "SentimentWord": "4",
        "SentimentPolarity": "-1"
      }
    ]
  },
  {
    "Index": "716156",
    "RawText": "남자 향수인데 향이 은은해서 좋습니다. 시중 가격보다 엄청 저렴하게 구입했습니다.",
    "Source": "쇼핑몰",
    "Domain": "화장품",
    "MainCategory": "남성화장품",
    "ProductName": "OO 아** EDT 125ml",
    "ReviewScore": "5",
    "Syllable": "45",
    "Word": "10",
    "RDate": "20210826",
    "GeneralPolarity": "1",
    "Aspects": [
      {
        "Aspect": "향",
        "SentimentText": "향이 은은해서 좋습니다.",
        "SentimentWord": "3",
        "SentimentPolarity": "1"
      },
      {
        "Aspect": "가격",
        "SentimentText": "시중 가격보다 엄청 저렴하게 구입했습니다.",
        "SentimentWord": "5",
        "SentimentPolarity": "1"
      }
    ]
  },
  {
    "Index": "716195",
    "RawText": "저는 향이 좋은거 같은데 남편은 향이 지속력이 조금 약하다고 하네요. 쇼핑백도 같이 배송됐습니다.",
    "Source": "쇼핑몰",
    "Domain": "화장품",
    "MainCategory": "남성화장품",
    "ProductName": "OO 아** EDT 125ml",
    "ReviewScore": "5",
    "Syllable": "54",
    "Word": "13",
    "RDate": "20220527",
    "GeneralPolarity": "0",
    "Aspects": [
      {
        "Aspect": "향",
        "SentimentText": "저는 향이 좋은거 같은데",
        "SentimentWord": "4",
        "SentimentPolarity": "1"
      },
      {
        "Aspect": "지속력/유지력",
        "SentimentText": "남편은 향이 지속력이 조금 약하다고 하네요.",
        "SentimentWord": "6",
        "SentimentPolarity": "-1"
      }
    ]
  },
  {
    "Index": "716248",
    "RawText": "남편이 원해서 이번에 바꿔봤는데 향이 좋지 않네요. 지속력도 안 좋습니다.",
    "Source": "쇼핑몰",
    "Domain": "화장품",
    "MainCategory": "남성화장품",
    "ProductName": "OO 아** EDT 125ml",
    "ReviewScore": "4",
    "Syllable": "41",
    "Word": "10",
    "RDate": "20161019",
    "GeneralPolarity": "-1",
    "Aspects": [
      {
        "Aspect": "향",
        "SentimentText": "향이 좋지 않네요.",
        "SentimentWord": "3",
        "SentimentPolarity": "-1"
      },
      {
        "Aspect": "지속력/유지력",
        "SentimentText": "지속력도 안 좋습니다.",
        "SentimentWord": "3",
        "SentimentPolarity": "-1"
      }
    ]
  },
  {
    "Index": "716255",
    "RawText": "ㅇㅇ만 쓰다 ㅇㅇㅇ를 써보니 생각보다 향이 강합니다. 겨울에 쓰면 좋겠어요.",
    "Source": "쇼핑몰",
    "Domain": "화장품",
    "MainCategory": "남성화장품",
    "ProductName": "OO 아** EDT 125ml",
    "ReviewScore": "5",
    "Syllable": "42",
    "Word": "10",
    "RDate": "20160724",
    "GeneralPolarity": "0",
    "Aspects": [
      {
        "Aspect": "향",
        "SentimentText": "생각보다 향이 강합니다.",
        "SentimentWord": "3",
        "SentimentPolarity": "-1"
      },
      {
        "Aspect": "기능/효과",
        "SentimentText": "겨울에 쓰면 좋겠어요.",
        "SentimentWord": "3",
        "SentimentPolarity": "1"
      }
    ]
  },
  {
    "Index": "716294",
    "RawText": "작은 용량 75ml 주문시 사은품으로 125ml 왔는데 너무 좋아요. 근데 박스랑 향수뚜껑이 없어요.",
    "Source": "쇼핑몰",
    "Domain": "화장품",
    "MainCategory": "남성화장품",
    "ProductName": "OO 아** EDT 125ml",
    "ReviewScore": "4",
    "Syllable": "56",
    "Word": "13",
    "RDate": "20170426",
    "GeneralPolarity": "0",
    "Aspects": [
      {
        "Aspect": "제품구성",
        "SentimentText": "사은품으로 125ml 왔는데 너무 좋아요.",
        "SentimentWord": "5",
        "SentimentPolarity": "1"
      },
      {
        "Aspect": "용기",
        "SentimentText": "향수뚜껑이 없어요. ",
        "SentimentWord": "2",
        "SentimentPolarity": "-1"
      }
    ]
  },
  {
    "Index": "716304",
    "RawText": "믿고 사는 ㅇㅇ 역시 ㅇㅇ 에서 사야 합니다. 분사력이 너무 좋습니다. 여기에서 저렴하게 구매해서 다른 사이트에서 구입한 향수 돈이 아깝네요. 분사가 잘돼 뿌리기 편하네요. 앞으로 계속 ㅇㅇ에서 구입 하려고 합니다.",
    "Source": "쇼핑몰",
    "Domain": "화장품",
    "MainCategory": "남성화장품",
    "ProductName": "OO 아** EDT 125ml",
    "ReviewScore": "5",
    "Syllable": "120",
    "Word": "30",
    "RDate": "20210111",
    "GeneralPolarity": "1",
    "Aspects": [
      {
        "Aspect": "편의성/활용성",
        "SentimentText": "분사력이 너무 좋습니다. ",
        "SentimentWord": "3",
        "SentimentPolarity": "1"
      },
      {
        "Aspect": "가격",
        "SentimentText": "저렴하게 구매해서 ",
        "SentimentWord": "2",
        "SentimentPolarity": "1"
      },
      {
        "Aspect": "편의성/활용성",
        "SentimentText": "분사가 잘돼 뿌리기 편하네요",
        "SentimentWord": "4",
        "SentimentPolarity": "1"
      }
    ]
  },
  {
    "Index": "716394",
    "RawText": "향기도 좋고 은은하니 마음에 듭니다. 가격도 괜찮고 배송도 빠릅니다.",
    "Source": "쇼핑몰",
    "Domain": "화장품",
    "MainCategory": "남성화장품",
    "ProductName": "OO 아** EDT 125ml",
    "ReviewScore": "5",
    "Syllable": "38",
    "Word": "9",
    "RDate": "20161010",
    "GeneralPolarity": "1",
    "Aspects": [
      {
        "Aspect": "향",
        "SentimentText": "향기도 좋고",
        "SentimentWord": "2",
        "SentimentPolarity": "1"
      },
      {
        "Aspect": "향",
        "SentimentText": "은은하니 마음에 듭니다.",
        "SentimentWord": "3",
        "SentimentPolarity": "1"
      },
      {
        "Aspect": "가격",
        "SentimentText": "가격도 괜찮고",
        "SentimentWord": "2",
        "SentimentPolarity": "1"
      }
    ]
  },
  {
    "Index": "716395",
    "RawText": "진짜 좋아요. 향도 좋고 배송도 빠르고 가격도 저렴하게 잘 산거 같아요. 향도 오래 지속되고 좋습니다. 강력 추천해요.",
    "Source": "쇼핑몰",
    "Domain": "화장품",
    "MainCategory": "남성화장품",
    "ProductName": "OO 아** EDT 125ml",
    "ReviewScore": "5",
    "Syllable": "66",
    "Word": "17",
    "RDate": "20161011",
    "GeneralPolarity": "1",
    "Aspects": [
      {
        "Aspect": "향",
        "SentimentText": "향도 좋고 ",
        "SentimentWord": "2",
        "SentimentPolarity": "1"
      },
      {
        "Aspect": "가격",
        "SentimentText": "가격도 저렴하게 ",
        "SentimentWord": "2",
        "SentimentPolarity": "1"
      },
      {
        "Aspect": "지속력/유지력",
        "SentimentText": "향도 오래 지속되고 좋습니다. ",
        "SentimentWord": "4",
        "SentimentPolarity": "1"
      }
    ]
  },
  {
    "Index": "716399",
    "RawText": "새벽에 주문 했는데 다음 날에 배송이 왔습니다. 배송도 빠른 편이고 가격이 너무 저렴해서 마음에 들어요. 품질도 정말 좋은 것 같습니다. 추천해요.",
    "Source": "쇼핑몰",
    "Domain": "화장품",
    "MainCategory": "남성화장품",
    "ProductName": "OO 아** EDT 125ml",
    "ReviewScore": "5",
    "Syllable": "82",
    "Word": "21",
    "RDate": "20161117",
    "GeneralPolarity": "1",
    "Aspects": [
      {
        "Aspect": "가격",
        "SentimentText": "가격이 너무 저렴해서 마음에 들어요.",
        "SentimentWord": "5",
        "SentimentPolarity": "1"
      },
      {
        "Aspect": "품질",
        "SentimentText": "품질도 정말 좋은 것 같습니다.",
        "SentimentWord": "5",
        "SentimentPolarity": "1"
      }
    ]
  },
  {
    "Index": "716404",
    "RawText": "일등 향수라 해서 주문했는데 향이 괜찮은 것 같아요. 향이 조금 색달라요. 원래 ㅇㅇ쓰다가 바꿨어요. 좋은 것 같습니다.",
    "Source": "쇼핑몰",
    "Domain": "화장품",
    "MainCategory": "남성화장품",
    "ProductName": "OO 아** EDT 125ml",
    "ReviewScore": "5",
    "Syllable": "67",
    "Word": "17",
    "RDate": "20170201",
    "GeneralPolarity": "1",
    "Aspects": [
      {
        "Aspect": "향",
        "SentimentText": "향이 괜찮은 것 같아요",
        "SentimentWord": "4",
        "SentimentPolarity": "1"
      },
      {
        "Aspect": "향",
        "SentimentText": "향이 조금 색달라요",
        "SentimentWord": "3",
        "SentimentPolarity": "1"
      }
    ]
  },
  {
    "Index": "716410",
    "RawText": "정품 싸게 사서 좋아요. 다른데는 이 가격이면 테스트 상품으로 캡도 없고 그러던데 그런것도 없고 배송은 뽁뽁이 많이해서 안깨지게 빨리 왔어요. 향은 워낙 좋은 걸로 유명해서 설명안해서 아실꺼예요.",
    "Source": "쇼핑몰",
    "Domain": "화장품",
    "MainCategory": "남성화장품",
    "ProductName": "OO 아** EDT 125ml",
    "ReviewScore": "5",
    "Syllable": "109",
    "Word": "27",
    "RDate": "20170205",
    "GeneralPolarity": "1",
    "Aspects": [
      {
        "Aspect": "가격",
        "SentimentText": "정품 싸게 사서 좋아요.",
        "SentimentWord": "4",
        "SentimentPolarity": "1"
      },
      {
        "Aspect": "향",
        "SentimentText": "향은 워낙 좋은 걸로 유명해서 설명안해서 아실꺼예요.",
        "SentimentWord": "7",
        "SentimentPolarity": "1"
      }
    ]
  },
  {
    "Index": "716416",
    "RawText": "ㅇㅇㅇ 항수 아빠가 쓰시던 향수라 고민없이 구입했는데 향이 달라졌어요. 아저씨 냄새 같네요. 비싸게 샀는데 아쉬워요.",
    "Source": "쇼핑몰",
    "Domain": "화장품",
    "MainCategory": "남성화장품",
    "ProductName": "OO 아** EDT 125ml",
    "ReviewScore": "5",
    "Syllable": "65",
    "Word": "15",
    "RDate": "20170512",
    "GeneralPolarity": "-1",
    "Aspects": [
      {
        "Aspect": "향",
        "SentimentText": "향이 달라졌어요. ",
        "SentimentWord": "2",
        "SentimentPolarity": "-1"
      },
      {
        "Aspect": "향",
        "SentimentText": "아저씨 냄새 같네요. ",
        "SentimentWord": "3",
        "SentimentPolarity": "-1"
      },
      {
        "Aspect": "가격",
        "SentimentText": "비싸게 샀는데 아쉬워요. ",
        "SentimentWord": "3",
        "SentimentPolarity": "-1"
      }
    ]
  },
  {
    "Index": "716444",
    "RawText": "배송도 빠르고 향이 너무 흔한 향이라 좋지 않습니다. 용기도 마음에 들지 않습니다. 추천하지 않아요.",
    "Source": "쇼핑몰",
    "Domain": "화장품",
    "MainCategory": "남성화장품",
    "ProductName": "OO 아** EDT 125ml",
    "ReviewScore": "5",
    "Syllable": "56",
    "Word": "14",
    "RDate": "20190329",
    "GeneralPolarity": "-1",
    "Aspects": [
      {
        "Aspect": "향",
        "SentimentText": "향이 너무 흔한 향이라 좋지 않습니다.",
        "SentimentWord": "6",
        "SentimentPolarity": "-1"
      },
      {
        "Aspect": "용기",
        "SentimentText": "용기도 마음에 들지 않습니다.",
        "SentimentWord": "4",
        "SentimentPolarity": "-1"
      }
    ]
  },
  {
    "Index": "716455",
    "RawText": "개인적으로 향수를 좋아해서 많이 써 봤는데 이 제품이 샘플을 제일 많이 주는 것 같습니다. 향도 뿌리면 기분이 좋아져요.",
    "Source": "쇼핑몰",
    "Domain": "화장품",
    "MainCategory": "남성화장품",
    "ProductName": "OO 아** EDT 125ml",
    "ReviewScore": "5",
    "Syllable": "67",
    "Word": "18",
    "RDate": "20220304",
    "GeneralPolarity": "1",
    "Aspects": [
      {
        "Aspect": "제품구성",
        "SentimentText": "샘플을 제일 많이 주는 것 같습니다.",
        "SentimentWord": "6",
        "SentimentPolarity": "1"
      },
      {
        "Aspect": "향",
        "SentimentText": "향도 뿌리면 기분이 좋아져요.",
        "SentimentWord": "4",
        "SentimentPolarity": "1"
      }
    ]
  },
  {
    "Index": "716456",
    "RawText": "처음 썼던 같은 제품하고 향이 미세하게 차이가 있어서 아쉽네요. 향이 더 안 좋아진 것 같아요. 신경을 안 쓴다면 모르겠지만 저는 예민해서 바로 티가 나네요. 가격 대비 품질이 좋지 않은 것 같습니다. 유통기한도 짧은 제품이 왔네요.",
    "Source": "쇼핑몰",
    "Domain": "화장품",
    "MainCategory": "남성화장품",
    "ProductName": "OO 아** EDT 125ml",
    "ReviewScore": "5",
    "Syllable": "130",
    "Word": "35",
    "RDate": "20220312",
    "GeneralPolarity": "-1",
    "Aspects": [
      {
        "Aspect": "향",
        "SentimentText": "향이 미세하게 차이가 있어서 아쉽네요.",
        "SentimentWord": "5",
        "SentimentPolarity": "-1"
      },
      {
        "Aspect": "향",
        "SentimentText": "향이 더 안 좋아진 것 같아요.",
        "SentimentWord": "6",
        "SentimentPolarity": "-1"
      },
      {
        "Aspect": "품질",
        "SentimentText": "가격 대비 품질이 좋지 않은 것 같습니다.",
        "SentimentWord": "7",
        "SentimentPolarity": "-1"
      },
      {
        "Aspect": "유통기한",
        "SentimentText": "유통기한도 짧은 제품이 왔네요.",
        "SentimentWord": "4",
        "SentimentPolarity": "-1"
      }
    ]
  },
  {
    "Index": "716477",
    "RawText": "사고 싶었던 향수인데 좋은 가격에 좋은 구성으로 나와서 샀습니다. 강하지 않은 은은한 향 좋습니다.",
    "Source": "쇼핑몰",
    "Domain": "화장품",
    "MainCategory": "남성화장품",
    "ProductName": "OO 아** EDT 125ml",
    "ReviewScore": "5",
    "Syllable": "55",
    "Word": "14",
    "RDate": "20180227",
    "GeneralPolarity": "1",
    "Aspects": [
      {
        "Aspect": "가격",
        "SentimentText": "좋은 가격에",
        "SentimentWord": "2",
        "SentimentPolarity": "1"
      },
      {
        "Aspect": "제품구성",
        "SentimentText": "좋은 구성으로 나와서",
        "SentimentWord": "3",
        "SentimentPolarity": "1"
      },
      {
        "Aspect": "향",
        "SentimentText": "강하지 않은",
        "SentimentWord": "2",
        "SentimentPolarity": "1"
      },
      {
        "Aspect": "향",
        "SentimentText": "은은한 향 좋습니다.",
        "SentimentWord": "3",
        "SentimentPolarity": "1"
      }
    ]
  },
  {
    "Index": "716512",
    "RawText": "향이 질려서 좋지 않네요. 가을에 사용하기 안 좋은 것 같습니다. 추천하지 않아요.",
    "Source": "쇼핑몰",
    "Domain": "화장품",
    "MainCategory": "남성화장품",
    "ProductName": "OO 아** EDT 125ml",
    "ReviewScore": "5",
    "Syllable": "46",
    "Word": "12",
    "RDate": "20181028",
    "GeneralPolarity": "-1",
    "Aspects": [
      {
        "Aspect": "향",
        "SentimentText": "향이 질려서 좋지 않네요.",
        "SentimentWord": "4",
        "SentimentPolarity": "-1"
      },
      {
        "Aspect": "기능/효과",
        "SentimentText": "가을에 사용하기 안 좋은 것 같습니다.",
        "SentimentWord": "6",
        "SentimentPolarity": "-1"
      }
    ]
  },
  {
    "Index": "716528",
    "RawText": "평소 꿀에 절인 타바코 혹은 우디향을 선호하는데요. 빈티지는 우디하고 달달한 향이 잔향으로 남아서 매우 취향 저격인 향이에요. 처음엔 약간 남자 스킨향이 나서 별로네요.",
    "Source": "쇼핑몰",
    "Domain": "화장품",
    "MainCategory": "남성화장품",
    "ProductName": "OO 아** EDT 125ml",
    "ReviewScore": "5",
    "Syllable": "94",
    "Word": "23",
    "RDate": "20190119",
    "GeneralPolarity": "1",
    "Aspects": [
      {
        "Aspect": "향",
        "SentimentText": "우디하고 달달한 향이 잔향으로 남아서",
        "SentimentWord": "5",
        "SentimentPolarity": "1"
      },
      {
        "Aspect": "향",
        "SentimentText": "처음엔 약간 남자 스킨향이 나서 별로네요.",
        "SentimentWord": "6",
        "SentimentPolarity": "-1"
      },
      {
        "Aspect": "향",
        "SentimentText": "매우 취향 저격인 향이에요.",
        "SentimentWord": "4",
        "SentimentPolarity": "1"
      }
    ]
  },
  {
    "Index": "716540",
    "RawText": "온라인몰 상품이어서 정품인지 가품인지 고민하지 않고 살 수 있어서 좋았어요. 근데 가격은 비싸고 양은 적네요.",
    "Source": "쇼핑몰",
    "Domain": "화장품",
    "MainCategory": "남성화장품",
    "ProductName": "OO 아** EDT 125ml",
    "ReviewScore": "5",
    "Syllable": "61",
    "Word": "15",
    "RDate": "20190311",
    "GeneralPolarity": "-1",
    "Aspects": [
      {
        "Aspect": "가격",
        "SentimentText": "가격은 비싸고 ",
        "SentimentWord": "2",
        "SentimentPolarity": "-1"
      },
      {
        "Aspect": "용량",
        "SentimentText": "양은 적네요. ",
        "SentimentWord": "2",
        "SentimentPolarity": "-1"
      }
    ]
  },
  {
    "Index": "716588",
    "RawText": "남편이 선물 받아서 썼는데 다 썼다고 다시 사 달라고 해서 주문했습니다. 향이 좋아서 마음에 듭니다. 용량만 더 커지면 좋겠어요.",
    "Source": "쇼핑몰",
    "Domain": "화장품",
    "MainCategory": "남성화장품",
    "ProductName": "OO 아** EDT 125ml",
    "ReviewScore": "5",
    "Syllable": "72",
    "Word": "19",
    "RDate": "20180602",
    "GeneralPolarity": "1",
    "Aspects": [
      {
        "Aspect": "향",
        "SentimentText": "향이 좋아서 마음에 듭니다.",
        "SentimentWord": "4",
        "SentimentPolarity": "1"
      },
      {
        "Aspect": "용량",
        "SentimentText": "용량만 더 커지면 좋겠어요.",
        "SentimentWord": "4",
        "SentimentPolarity": "-1"
      }
    ]
  },
  {
    "Index": "716590",
    "RawText": "저렴한 가격에 잘 구매했습니다. 향이 너무 좋습니다. 가격이 싸서 정말 좋은 것 같습니다. 다음에도 기대할게요.",
    "Source": "쇼핑몰",
    "Domain": "화장품",
    "MainCategory": "남성화장품",
    "ProductName": "OO 아** EDT 125ml",
    "ReviewScore": "5",
    "Syllable": "62",
    "Word": "15",
    "RDate": "20190104",
    "GeneralPolarity": "1",
    "Aspects": [
      {
        "Aspect": "가격",
        "SentimentText": "저렴한 가격에 잘 구매했습니다.",
        "SentimentWord": "4",
        "SentimentPolarity": "1"
      },
      {
        "Aspect": "향",
        "SentimentText": "향이 너무 좋습니다.",
        "SentimentWord": "3",
        "SentimentPolarity": "1"
      },
      {
        "Aspect": "가격",
        "SentimentText": "가격이 싸서 정말 좋은 것 같습니다.",
        "SentimentWord": "6",
        "SentimentPolarity": "1"
      }
    ]
  },
  {
    "Index": "716612",
    "RawText": "제품이 궁금해서 처음 주문했는데 가격이 저렴하지 않고 유통기한도 짧은 제품이 와서 아쉽습니다.",
    "Source": "쇼핑몰",
    "Domain": "화장품",
    "MainCategory": "남성화장품",
    "ProductName": "OO 아** EDT 125ml",
    "ReviewScore": "4",
    "Syllable": "52",
    "Word": "12",
    "RDate": "20220118",
    "GeneralPolarity": "-1",
    "Aspects": [
      {
        "Aspect": "가격",
        "SentimentText": "가격이 저렴하지 않고",
        "SentimentWord": "3",
        "SentimentPolarity": "-1"
      },
      {
        "Aspect": "유통기한",
        "SentimentText": "유통기한도 짧은 제품이 와서 아쉽습니다.",
        "SentimentWord": "5",
        "SentimentPolarity": "-1"
      }
    ]
  },
  {
    "Index": "716638",
    "RawText": "남편이 다른 향보다 이 향이 좋다고 해서 계속 사는 향수네요. 다양하게 써봤는데 저도 이 향수가 제일 향이 좋은 것 같아 추천합니다.",
    "Source": "쇼핑몰",
    "Domain": "화장품",
    "MainCategory": "남성화장품",
    "ProductName": "OO 아** EDT 125ml",
    "ReviewScore": "5",
    "Syllable": "74",
    "Word": "21",
    "RDate": "20210525",
    "GeneralPolarity": "1",
    "Aspects": [
      {
        "Aspect": "향",
        "SentimentText": "이 향이 좋다고 해서",
        "SentimentWord": "4",
        "SentimentPolarity": "1"
      },
      {
        "Aspect": "향",
        "SentimentText": "제일 향이 좋은 것 같아 추천합니다.",
        "SentimentWord": "6",
        "SentimentPolarity": "1"
      }
    ]
  },
  {
    "Index": "716680",
    "RawText": "배송도 빠르게 온 것 같고 포장도 잘 왔고 샘플도 와서 기분이 좋았습니다. 가격이 제일 저렴한 것 같아서 만족해요.",
    "Source": "쇼핑몰",
    "Domain": "화장품",
    "MainCategory": "남성화장품",
    "ProductName": "OO 쿨 워터 맨 EDT 125ml",
    "ReviewScore": "5",
    "Syllable": "64",
    "Word": "18",
    "RDate": "20220819",
    "GeneralPolarity": "1",
    "Aspects": [
      {
        "Aspect": "제품구성",
        "SentimentText": "샘플도 와서 기분이 좋았습니다.",
        "SentimentWord": "4",
        "SentimentPolarity": "1"
      },
      {
        "Aspect": "가격",
        "SentimentText": "가격이 제일 저렴한 것 같아서 만족해요.",
        "SentimentWord": "6",
        "SentimentPolarity": "1"
      }
    ]
  },
  {
    "Index": "716685",
    "RawText": "OO쇼핑 행사 기간에 저렴하게 잘 구매 했어요. 향도 은은해서 좋습니다. 재구매 의사 있어요.",
    "Source": "쇼핑몰",
    "Domain": "화장품",
    "MainCategory": "남성화장품",
    "ProductName": "OO 쿨 워터 맨 EDT 125ml",
    "ReviewScore": "5",
    "Syllable": "52",
    "Word": "13",
    "RDate": "20220815",
    "GeneralPolarity": "1",
    "Aspects": [
      {
        "Aspect": "가격",
        "SentimentText": "저렴하게 잘 구매 했어요.",
        "SentimentWord": "4",
        "SentimentPolarity": "1"
      },
      {
        "Aspect": "향",
        "SentimentText": "향도 은은해서 좋습니다.",
        "SentimentWord": "3",
        "SentimentPolarity": "1"
      }
    ]
  },
  {
    "Index": "716723",
    "RawText": "빠른 배송에 항상 감사드려요. 여름에 사용하기 좋고 가성비 좋은 향수네요.",
    "Source": "쇼핑몰",
    "Domain": "화장품",
    "MainCategory": "남성화장품",
    "ProductName": "OO 쿨 워터 맨 EDT 125ml",
    "ReviewScore": "5",
    "Syllable": "41",
    "Word": "10",
    "RDate": "20220616",
    "GeneralPolarity": "1",
    "Aspects": [
      {
        "Aspect": "기능/효과",
        "SentimentText": "여름에 사용하기 좋고",
        "SentimentWord": "3",
        "SentimentPolarity": "1"
      },
      {
        "Aspect": "가격",
        "SentimentText": "가성비 좋은 향수네요.",
        "SentimentWord": "3",
        "SentimentPolarity": "1"
      }
    ]
  },
  {
    "Index": "716735",
    "RawText": "남편이 사용하던 향수인데 이제 아들도 쓰겠다고 하네요. 향이 은은하고 좋다고 합니다. 제가 맡기에는 향이 별로인데 남자들은 좋은가 봐요.",
    "Source": "쇼핑몰",
    "Domain": "화장품",
    "MainCategory": "남성화장품",
    "ProductName": "OO 쿨 워터 맨 EDT 125ml",
    "ReviewScore": "5",
    "Syllable": "76",
    "Word": "18",
    "RDate": "20220520",
    "GeneralPolarity": "0",
    "Aspects": [
      {
        "Aspect": "향",
        "SentimentText": "향이 은은하고 좋다고 합니다.",
        "SentimentWord": "4",
        "SentimentPolarity": "1"
      },
      {
        "Aspect": "향",
        "SentimentText": "제가 맡기에는 향이 별로인데",
        "SentimentWord": "4",
        "SentimentPolarity": "-1"
      }
    ]
  },
  {
    "Index": "716754",
    "RawText": "자주 사용하는 향수라 저렴하게 구매했습니다. 가격도 착하고 향도 오래가고 흠잡을 것이 없습니다.",
    "Source": "쇼핑몰",
    "Domain": "화장품",
    "MainCategory": "남성화장품",
    "ProductName": "OO 쿨 워터 맨 EDT 125ml",
    "ReviewScore": "5",
    "Syllable": "53",
    "Word": "12",
    "RDate": "20220425",
    "GeneralPolarity": "1",
    "Aspects": [
      {
        "Aspect": "가격",
        "SentimentText": "저렴하게 구매했습니다.",
        "SentimentWord": "2",
        "SentimentPolarity": "1"
      },
      {
        "Aspect": "가격",
        "SentimentText": "가격도 착하고",
        "SentimentWord": "2",
        "SentimentPolarity": "1"
      },
      {
        "Aspect": "지속력/유지력",
        "SentimentText": "향도 오래가고",
        "SentimentWord": "2",
        "SentimentPolarity": "1"
      }
    ]
  },
  {
    "Index": "716794",
    "RawText": "향이 자극적이라서 좋지 않고 여름에 사용하기 안 좋은 것 같습니다.",
    "Source": "쇼핑몰",
    "Domain": "화장품",
    "MainCategory": "남성화장품",
    "ProductName": "OO 쿨 워터 맨 EDT 125ml",
    "ReviewScore": "5",
    "Syllable": "37",
    "Word": "10",
    "RDate": "20220311",
    "GeneralPolarity": "-1",
    "Aspects": [
      {
        "Aspect": "향",
        "SentimentText": "향이 자극적이라서 좋지 않고",
        "SentimentWord": "4",
        "SentimentPolarity": "-1"
      },
      {
        "Aspect": "기능/효과",
        "SentimentText": "여름에 사용하기 안 좋은 것 같습니다.",
        "SentimentWord": "6",
        "SentimentPolarity": "-1"
      }
    ]
  },
  {
    "Index": "716865",
    "RawText": "향이 부담스럽지 않아서 좋은 것 같습니다. 가격이 저렴하다고 생각이 듭니다. 모든 연령이 사용하기 좋은 향인 것 같습니다. 사용감도 좋습니다. 옷에 뿌릴 때 향이 더 좋은 것 같습니다. 데일리로 사용하기 좋은 향수입니다. 유통기한도 넉넉해서 마음에 들어요.",
    "Source": "쇼핑몰",
    "Domain": "화장품",
    "MainCategory": "남성화장품",
    "ProductName": "OO 쿨 워터 맨 EDT 125ml",
    "ReviewScore": "5",
    "Syllable": "143",
    "Word": "35",
    "RDate": "20211201",
    "GeneralPolarity": "1",
    "Aspects": [
      {
        "Aspect": "향",
        "SentimentText": "향이 부담스럽지 않아서 좋은 것 같습니다.",
        "SentimentWord": "6",
        "SentimentPolarity": "1"
      },
      {
        "Aspect": "가격",
        "SentimentText": "가격이 저렴하다고 생각이 듭니다.",
        "SentimentWord": "4",
        "SentimentPolarity": "1"
      },
      {
        "Aspect": "편의성/활용성",
        "SentimentText": "모든 연령이 사용하기 좋은 향인 것 같습니다.",
        "SentimentWord": "7",
        "SentimentPolarity": "1"
      },
      {
        "Aspect": "사용감",
        "SentimentText": "사용감도 좋습니다.",
        "SentimentWord": "2",
        "SentimentPolarity": "1"
      },
      {
        "Aspect": "향",
        "SentimentText": "옷에 뿌릴 때 향이 더 좋은 것 같습니다.",
        "SentimentWord": "8",
        "SentimentPolarity": "1"
      },
      {
        "Aspect": "편의성/활용성",
        "SentimentText": " 데일리로 사용하기 좋은 향수입니다.",
        "SentimentWord": "4",
        "SentimentPolarity": "1"
      },
      {
        "Aspect": "유통기한",
        "SentimentText": "유통기한도 넉넉해서 마음에 들어요.",
        "SentimentWord": "4",
        "SentimentPolarity": "1"
      }
    ]
  },
  {
    "Index": "716922",
    "RawText": "오랜만에 사용해봐서 내가 착각하고 있는지는 몰라도 향이 거의 없는 것 같아서 아쉽습니다. 일반 스킨보다 향이 안 좋은 것 같아요.",
    "Source": "쇼핑몰",
    "Domain": "화장품",
    "MainCategory": "남성화장품",
    "ProductName": "OO 쿨 워터 맨 EDT 125ml",
    "ReviewScore": "5",
    "Syllable": "72",
    "Word": "19",
    "RDate": "20210902",
    "GeneralPolarity": "-1",
    "Aspects": [
      {
        "Aspect": "향",
        "SentimentText": "향이 거의 없는 것 같아서 아쉽습니다.",
        "SentimentWord": "6",
        "SentimentPolarity": "-1"
      },
      {
        "Aspect": "향",
        "SentimentText": "일반 스킨보다 향이 안 좋은 것 같아요.",
        "SentimentWord": "7",
        "SentimentPolarity": "-1"
      }
    ]
  },
  {
    "Index": "716967",
    "RawText": "향이 너무 은은하고 좋아요. 가격도 저렴하게 잘 구매해서 만족합니다.",
    "Source": "쇼핑몰",
    "Domain": "화장품",
    "MainCategory": "남성화장품",
    "ProductName": "OO 쿨 워터 맨 EDT 125ml",
    "ReviewScore": "5",
    "Syllable": "38",
    "Word": "9",
    "RDate": "20210701",
    "GeneralPolarity": "1",
    "Aspects": [
      {
        "Aspect": "향",
        "SentimentText": "향이 너무 은은하고 좋아요. ",
        "SentimentWord": "4",
        "SentimentPolarity": "1"
      },
      {
        "Aspect": "가격",
        "SentimentText": "가격도 저렴하게 잘 구매해서 만족합니다.",
        "SentimentWord": "5",
        "SentimentPolarity": "1"
      }
    ]
  },
  {
    "Index": "716969",
    "RawText": "예전 생각나서 구매했습니다. 향은 오래 가서 좋고 향이 강해서 좋은 것 같습니다. 잘 사용하겠습니다.",
    "Source": "쇼핑몰",
    "Domain": "화장품",
    "MainCategory": "남성화장품",
    "ProductName": "OO 쿨 워터 맨 EDT 125ml",
    "ReviewScore": "3",
    "Syllable": "56",
    "Word": "14",
    "RDate": "20210629",
    "GeneralPolarity": "1",
    "Aspects": [
      {
        "Aspect": "지속력/유지력",
        "SentimentText": "향은 오래 가서 좋고",
        "SentimentWord": "4",
        "SentimentPolarity": "1"
      },
      {
        "Aspect": "향",
        "SentimentText": "향이 강해서 좋은 것 같습니다.",
        "SentimentWord": "5",
        "SentimentPolarity": "1"
      }
    ]
  },
  {
    "Index": "716977",
    "RawText": "오랫동안 이 제품이 사랑을 받는 이유가 있다고 생각합니다. 최근에는 구하기 힘든 제품이 되었지만 잘 검색해서 찾아보니 제품이 나와서 저렴하게 구입한 것 같습니다. 향은 무난해서 좋은 것 같습니다. 특히 잔향이 은은해서 좋아요. 이 제품이 잘 팔리는 이유가 있다고 생각합니다. 여름 향수들은 지속력이 낮은 편이라 저는 대용량 향수를 좋아합니다. 이 제품도 용량이 커서 좋은 것 같습니다. 하지만 자주 쓰다 보니 금방 줄어드는 것 같기는 하네요. 다음에는 용량이 더 크게 나오면 좋을 것 같습니다. 다음에도 좋은 기회로 구매할 수 있으면 좋을 것 같습니다. 가격 저렴하게 잘 구매한 것 같습니다.",
    "Source": "쇼핑몰",
    "Domain": "화장품",
    "MainCategory": "남성화장품",
    "ProductName": "OO 쿨 워터 맨 EDT 125ml",
    "ReviewScore": "5",
    "Syllable": "331",
    "Word": "86",
    "RDate": "20210622",
    "GeneralPolarity": "1",
    "Aspects": [
      {
        "Aspect": "가격",
        "SentimentText": "저렴하게 구입한 것 같습니다.",
        "SentimentWord": "4",
        "SentimentPolarity": "1"
      },
      {
        "Aspect": "향",
        "SentimentText": "향은 무난해서 좋은 것 같습니다.",
        "SentimentWord": "5",
        "SentimentPolarity": "1"
      },
      {
        "Aspect": "향",
        "SentimentText": "잔향이 은은해서 좋아요.",
        "SentimentWord": "3",
        "SentimentPolarity": "1"
      },
      {
        "Aspect": "용량",
        "SentimentText": "용량이 커서 좋은 것 같습니다.",
        "SentimentWord": "5",
        "SentimentPolarity": "1"
      },
      {
        "Aspect": "용량",
        "SentimentText": "다음에는 용량이 더 크게 나오면 좋을 것 같습니다.",
        "SentimentWord": "8",
        "SentimentPolarity": "-1"
      },
      {
        "Aspect": "가격",
        "SentimentText": "가격 저렴하게 잘 구매한 것 같습니다.",
        "SentimentWord": "6",
        "SentimentPolarity": "1"
      }
    ]
  },
  {
    "Index": "716979",
    "RawText": "오랫만에 ㅇㅇㅇ 주문합니다. 남자향수로 향이 좀 가볍기는 한데 여름에 사용하기 좋아 구매했어요. 가격대비 용량이 좀 작아서 아쉽네요.",
    "Source": "쇼핑몰",
    "Domain": "화장품",
    "MainCategory": "남성화장품",
    "ProductName": "OO 쿨 워터 맨 EDT 125ml",
    "ReviewScore": "4",
    "Syllable": "74",
    "Word": "17",
    "RDate": "20210618",
    "GeneralPolarity": "0",
    "Aspects": [
      {
        "Aspect": "향",
        "SentimentText": "남자향수로 향이 좀 가볍기는 한데 ",
        "SentimentWord": "5",
        "SentimentPolarity": "-1"
      },
      {
        "Aspect": "기능/효과",
        "SentimentText": "여름에 사용하기 좋아 구매했어요. ",
        "SentimentWord": "4",
        "SentimentPolarity": "1"
      },
      {
        "Aspect": "용량",
        "SentimentText": "가격대비 용량이 좀 작아서 아쉽네요. ",
        "SentimentWord": "5",
        "SentimentPolarity": "-1"
      }
    ]
  },
  {
    "Index": "716999",
    "RawText": "향이 좀 가볍네요. 여름철 쿨한 기분을 마구들게 하는 향인데 지속력이 약해요.",
    "Source": "쇼핑몰",
    "Domain": "화장품",
    "MainCategory": "남성화장품",
    "ProductName": "OO 쿨 워터 맨 EDT 125ml",
    "ReviewScore": "5",
    "Syllable": "43",
    "Word": "11",
    "RDate": "20210602",
    "GeneralPolarity": "-1",
    "Aspects": [
      {
        "Aspect": "향",
        "SentimentText": "향이 좀 가볍네요. ",
        "SentimentWord": "3",
        "SentimentPolarity": "-1"
      },
      {
        "Aspect": "향",
        "SentimentText": "여름철 쿨한 기분을 마구들게 하는 향인데",
        "SentimentWord": "6",
        "SentimentPolarity": "1"
      },
      {
        "Aspect": "지속력/유지력",
        "SentimentText": "지속력이 약해요. ",
        "SentimentWord": "2",
        "SentimentPolarity": "-1"
      }
    ]
  },
  {
    "Index": "717004",
    "RawText": "배송이 빨리 왔습니다. 여름에 어울리는 향이에요. 첫 향은 그리 좋은지 모르겠지만 잔향이 은은해서 좋습니다.",
    "Source": "쇼핑몰",
    "Domain": "화장품",
    "MainCategory": "남성화장품",
    "ProductName": "OO 쿨 워터 맨 EDT 125ml",
    "ReviewScore": "4",
    "Syllable": "60",
    "Word": "14",
    "RDate": "20210527",
    "GeneralPolarity": "1",
    "Aspects": [
      {
        "Aspect": "향",
        "SentimentText": "여름에 어울리는 향이에요.",
        "SentimentWord": "3",
        "SentimentPolarity": "1"
      },
      {
        "Aspect": "향",
        "SentimentText": "첫 향은 그리 좋은지 모르겠지만",
        "SentimentWord": "5",
        "SentimentPolarity": "-1"
      },
      {
        "Aspect": "향",
        "SentimentText": "잔향이 은은해서 좋습니다.",
        "SentimentWord": "3",
        "SentimentPolarity": "1"
      }
    ]
  },
  {
    "Index": "717023",
    "RawText": "남자 향수지만 향이 좋습니다. 다만 지속력이 짧아서 아쉬운 것 같습니다.",
    "Source": "쇼핑몰",
    "Domain": "화장품",
    "MainCategory": "남성화장품",
    "ProductName": "OO 쿨 워터 맨 EDT 125ml",
    "ReviewScore": "5",
    "Syllable": "40",
    "Word": "10",
    "RDate": "20210512",
    "GeneralPolarity": "0",
    "Aspects": [
      {
        "Aspect": "향",
        "SentimentText": "향이 좋습니다.",
        "SentimentWord": "2",
        "SentimentPolarity": "1"
      },
      {
        "Aspect": "지속력/유지력",
        "SentimentText": "지속력이 짧아서 아쉬운 것 같습니다.",
        "SentimentWord": "5",
        "SentimentPolarity": "-1"
      }
    ]
  },
  {
    "Index": "717075",
    "RawText": "가격 정말 착하고 양 많고 향 좋고 지속력도 괜찮습니다. 추천 드리는 제품입니다.",
    "Source": "쇼핑몰",
    "Domain": "화장품",
    "MainCategory": "남성화장품",
    "ProductName": "OO 쿨 워터 맨 EDT 125ml",
    "ReviewScore": "5",
    "Syllable": "45",
    "Word": "12",
    "RDate": "20210322",
    "GeneralPolarity": "1",
    "Aspects": [
      {
        "Aspect": "가격",
        "SentimentText": "가격 정말 착하고",
        "SentimentWord": "3",
        "SentimentPolarity": "1"
      },
      {
        "Aspect": "용량",
        "SentimentText": "양 많고",
        "SentimentWord": "2",
        "SentimentPolarity": "1"
      },
      {
        "Aspect": "향",
        "SentimentText": "향 좋고",
        "SentimentWord": "2",
        "SentimentPolarity": "1"
      },
      {
        "Aspect": "지속력/유지력",
        "SentimentText": "지속력도 괜찮습니다.",
        "SentimentWord": "2",
        "SentimentPolarity": "1"
      }
    ]
  },
  {
    "Index": "717128",
    "RawText": "이 제품은 가성비 최고의 제품입니다. 향에 대해 중요하게 생각하는 편이라 집에 있을 때도 집에 은은한 향이 날 수 있도록 관리하는 편입니다. 그동안 다양한 향수 제품을 사용했어요. 어떤 제품은 향이 너무 강해서 밀폐된 사무실이나 대중교통에서는 사용하지 못합니다. 그런데 이 제품은 향기가 과하게 진하지 않고 지속력도 좋아서 괜찮은 것 같습니다. 신체 부위 뿐 아니라 옷의 안쪽에도 뿌리고 있습니다. 집과 사무실에 하나씩 두고 사용했더니 사람들이 향이 좋다고 물어보네요. 만족합니다.",
    "Source": "쇼핑몰",
    "Domain": "화장품",
    "MainCategory": "남성화장품",
    "ProductName": "OO 쿨 워터 맨 EDT 125ml",
    "ReviewScore": "5",
    "Syllable": "269",
    "Word": "66",
    "RDate": "20201205",
    "GeneralPolarity": "1",
    "Aspects": [
      {
        "Aspect": "가격",
        "SentimentText": "가성비 최고의 제품입니다.",
        "SentimentWord": "3",
        "SentimentPolarity": "1"
      },
      {
        "Aspect": "향",
        "SentimentText": "향기가 과하게 진하지 않고",
        "SentimentWord": "4",
        "SentimentPolarity": "1"
      },
      {
        "Aspect": "지속력/유지력",
        "SentimentText": "지속력도 좋아서",
        "SentimentWord": "2",
        "SentimentPolarity": "1"
      },
      {
        "Aspect": "향",
        "SentimentText": "사람들이 향이 좋다고 물어보네요.",
        "SentimentWord": "4",
        "SentimentPolarity": "1"
      }
    ]
  },
  {
    "Index": "717131",
    "RawText": "시아버지께서 좋아하시는 향수라 생신 선물로 보내드렸습니다. 역시 좋아하시네요. 향이 은은하게 오래간다고 합니다.",
    "Source": "쇼핑몰",
    "Domain": "화장품",
    "MainCategory": "남성화장품",
    "ProductName": "OO 쿨 워터 맨 EDT 125ml",
    "ReviewScore": "5",
    "Syllable": "62",
    "Word": "12",
    "RDate": "20201203",
    "GeneralPolarity": "1",
    "Aspects": [
      {
        "Aspect": "향",
        "SentimentText": "향이 은은하게",
        "SentimentWord": "2",
        "SentimentPolarity": "1"
      },
      {
        "Aspect": "지속력/유지력",
        "SentimentText": "오래간다고 합니다.",
        "SentimentWord": "2",
        "SentimentPolarity": "1"
      }
    ]
  },
  {
    "Index": "717232",
    "RawText": "타사 제품만 수년간 사용하다가 새로운 향 찾던 중 추천받아서 구매하게 되었습니다. 첫 향이 스킨 향 비슷해서 마음에 들고 잔항이 은은해서 좋아요. 시원한 느낌의 향이라서 만족스러워요.",
    "Source": "쇼핑몰",
    "Domain": "화장품",
    "MainCategory": "남성화장품",
    "ProductName": "OO 쿨 워터 맨 EDT 125ml",
    "ReviewScore": "5",
    "Syllable": "102",
    "Word": "25",
    "RDate": "20200716",
    "GeneralPolarity": "1",
    "Aspects": [
      {
        "Aspect": "향",
        "SentimentText": "첫 향이 스킨 향 비슷해서 마음에 들고",
        "SentimentWord": "7",
        "SentimentPolarity": "1"
      },
      {
        "Aspect": "향",
        "SentimentText": "잔항이 은은해서 좋아요. ",
        "SentimentWord": "3",
        "SentimentPolarity": "1"
      },
      {
        "Aspect": "향",
        "SentimentText": "시원한 느낌의 향이라서 만족스러워요.",
        "SentimentWord": "4",
        "SentimentPolarity": "1"
      }
    ]
  },
  {
    "Index": "717277",
    "RawText": "이 제품은 저렴한 가격이라 좋고 남성스러운 향이 좋아서 마음에 듭니다. 다만 지속력은 살짝 떨어지는 것 같습니다.",
    "Source": "쇼핑몰",
    "Domain": "화장품",
    "MainCategory": "남성화장품",
    "ProductName": "OO 쿨 워터 맨 EDT 125ml",
    "ReviewScore": "5",
    "Syllable": "63",
    "Word": "16",
    "RDate": "20200601",
    "GeneralPolarity": "1",
    "Aspects": [
      {
        "Aspect": "가격",
        "SentimentText": "저렴한 가격이라 좋고",
        "SentimentWord": "3",
        "SentimentPolarity": "1"
      },
      {
        "Aspect": "향",
        "SentimentText": "남성스러운 향이 좋아서 마음에 듭니다.",
        "SentimentWord": "5",
        "SentimentPolarity": "1"
      },
      {
        "Aspect": "지속력/유지력",
        "SentimentText": "지속력은 살짝 떨어지는 것 같습니다.",
        "SentimentWord": "5",
        "SentimentPolarity": "-1"
      }
    ]
  },
  {
    "Index": "717333",
    "RawText": "가격 대비 향이 좋네요. 첫 향은 진해서 살짝 아쉽지만 잔향이 너무나 좋아서 만족합니다.",
    "Source": "쇼핑몰",
    "Domain": "화장품",
    "MainCategory": "남성화장품",
    "ProductName": "OO 쿨 워터 맨 EDT 125ml",
    "ReviewScore": "5",
    "Syllable": "49",
    "Word": "13",
    "RDate": "20200318",
    "GeneralPolarity": "1",
    "Aspects": [
      {
        "Aspect": "향",
        "SentimentText": "가격 대비 향이 좋네요.",
        "SentimentWord": "4",
        "SentimentPolarity": "1"
      },
      {
        "Aspect": "향",
        "SentimentText": "첫 향은 진해서 살짝 아쉽지만",
        "SentimentWord": "5",
        "SentimentPolarity": "-1"
      },
      {
        "Aspect": "향",
        "SentimentText": "잔향이 너무나 좋아서 만족합니다.",
        "SentimentWord": "4",
        "SentimentPolarity": "1"
      }
    ]
  }
]