[
  {
    "Index": "685735",
    "RawText": "이것저것 바르는 거 싫어하는 편인데 이 제품은 편하다고 하길래 구매해 봤어요. 그런데 제형이 묽어서 바르기 불편하고 가성비가 좋지 않아요. 재구매는 안 할 거 같아요.",
    "Source": "쇼핑몰",
    "Domain": "화장품",
    "MainCategory": "남성화장품",
    "ProductName": "OO 한** 올인원 200ml 1개",
    "ReviewScore": "5",
    "Syllable": "93",
    "Word": "24",
    "RDate": "20220312",
    "GeneralPolarity": "-1",
    "Aspects": [
      {
        "Aspect": "제형",
        "SentimentText": "제형이 묽어서",
        "SentimentWord": "2",
        "SentimentPolarity": "-1"
      },
      {
        "Aspect": "편의성/활용성",
        "SentimentText": "바르기 불편하고 ",
        "SentimentWord": "2",
        "SentimentPolarity": "-1"
      },
      {
        "Aspect": "가격",
        "SentimentText": "가성비가 좋지 않아요. ",
        "SentimentWord": "3",
        "SentimentPolarity": "-1"
      }
    ]
  },
  {
    "Index": "685738",
    "RawText": "가격도 저렴하고 구성이 넉넉해서 좋아요. 구성품들은 여행 가서 쓰기 좋을 것 같아요. 만족합니다.",
    "Source": "쇼핑몰",
    "Domain": "화장품",
    "MainCategory": "남성화장품",
    "ProductName": "OO 아** 맨 올인원 120ml 1개",
    "ReviewScore": "5",
    "Syllable": "54",
    "Word": "13",
    "RDate": "20210716",
    "GeneralPolarity": "1",
    "Aspects": [
      {
        "Aspect": "제품구성",
        "SentimentText": "가격도 저렴하고 ",
        "SentimentWord": "2",
        "SentimentPolarity": "1"
      },
      {
        "Aspect": "제품구성",
        "SentimentText": "구성이 넉넉해서 좋아요. ",
        "SentimentWord": "3",
        "SentimentPolarity": "1"
      },
      {
        "Aspect": "편의성/활용성",
        "SentimentText": "구성품들은 여행 가서 쓰기 좋을 것 같아요. ",
        "SentimentWord": "7",
        "SentimentPolarity": "1"
      }
    ]
  },
  {
    "Index": "685739",
    "RawText": "향이 고급지고 은은해요. 발림은 부드럽고, 끈적이지 않구요. 타사 제품도 써 봤지만 올인원이라 편한데 이런 제품은 역시 ㅇㅇㅇ가 제일 좋은 것 같아요. 참고로 함께 온 저 썬크림도 매우 좋아요. 샘플 사용해보고 이번 여름에 본품 구매했는데 끈적이는거 싫어하시는 분들께 추천합니다. 제품은 아래의 사진대로 받았어요.",
    "Source": "쇼핑몰",
    "Domain": "화장품",
    "MainCategory": "남성화장품",
    "ProductName": "OO 아** 맨 올인원 120ml 1개",
    "ReviewScore": "5",
    "Syllable": "175",
    "Word": "42",
    "RDate": "20210815",
    "GeneralPolarity": "1",
    "Aspects": [
      {
        "Aspect": "향",
        "SentimentText": "향이 고급지고 은은해요.",
        "SentimentWord": "3",
        "SentimentPolarity": "1"
      },
      {
        "Aspect": "발림성",
        "SentimentText": "발림은 부드럽고, ",
        "SentimentWord": "2",
        "SentimentPolarity": "1"
      },
      {
        "Aspect": "흡수력",
        "SentimentText": "끈적이지 않구요. ",
        "SentimentWord": "2",
        "SentimentPolarity": "1"
      },
      {
        "Aspect": "편의성/활용성",
        "SentimentText": "올인원이라 편한데",
        "SentimentWord": "2",
        "SentimentPolarity": "1"
      },
      {
        "Aspect": "제품구성",
        "SentimentText": "함께 온 저 썬크림도 매우 좋아요",
        "SentimentWord": "6",
        "SentimentPolarity": "1"
      }
    ]
  },
  {
    "Index": "685742",
    "RawText": "스킨과 로션을 따로 쓰는 거를 안 좋아해서 올인원을 선호하는 남편에게 사줬습니다. 가격 대비 품질이 너무 좋습니다. 너무 좋아서 한 달 만에 다 사용했습니다. 최근에 구성이 좋게 나와서 재구매했습니다. 향도 자극적이지 않고 발림성도 좋습니다.",
    "Source": "쇼핑몰",
    "Domain": "화장품",
    "MainCategory": "남성화장품",
    "ProductName": "OO 아** 맨 올인원 120ml 1개",
    "ReviewScore": "5",
    "Syllable": "135",
    "Word": "33",
    "RDate": "20210611",
    "GeneralPolarity": "1",
    "Aspects": [
      {
        "Aspect": "품질",
        "SentimentText": "가격 대비 품질이 너무 좋습니다.",
        "SentimentWord": "5",
        "SentimentPolarity": "1"
      },
      {
        "Aspect": "제품구성",
        "SentimentText": "구성이 좋게 나와서 재구매했습니다.",
        "SentimentWord": "4",
        "SentimentPolarity": "1"
      },
      {
        "Aspect": "향",
        "SentimentText": "향도 자극적이지 않고",
        "SentimentWord": "3",
        "SentimentPolarity": "1"
      },
      {
        "Aspect": "발림성",
        "SentimentText": "발림성도 좋습니다.",
        "SentimentWord": "2",
        "SentimentPolarity": "1"
      }
    ]
  },
  {
    "Index": "685743",
    "RawText": "남성용 화장품은 처음 구매해요. 올인원 제품이라 남편이 편하게 사용하네요. 유분기도 잘 잡아주고 발림성도 좋고 촉촉함이 느껴지는 것 같아 좋네요.",
    "Source": "쇼핑몰",
    "Domain": "화장품",
    "MainCategory": "남성화장품",
    "ProductName": "OO 아** 맨 올인원 120ml 1개",
    "ReviewScore": "5",
    "Syllable": "81",
    "Word": "19",
    "RDate": "20210705",
    "GeneralPolarity": "1",
    "Aspects": [
      {
        "Aspect": "편의성/활용성",
        "SentimentText": "올인원 제품이라 남편이 편하게 사용하네요.",
        "SentimentWord": "5",
        "SentimentPolarity": "1"
      },
      {
        "Aspect": "보습력/수분감/쿨링감",
        "SentimentText": "유분기도 잘 잡아주고",
        "SentimentWord": "3",
        "SentimentPolarity": "1"
      },
      {
        "Aspect": "발림성",
        "SentimentText": "발림성도 좋고",
        "SentimentWord": "2",
        "SentimentPolarity": "1"
      },
      {
        "Aspect": "보습력/수분감/쿨링감",
        "SentimentText": "촉촉함이 느껴지는 것 같아 좋네요.",
        "SentimentWord": "5",
        "SentimentPolarity": "1"
      }
    ]
  },
  {
    "Index": "685744",
    "RawText": "피부가 건조한 아빠한테 선물했습니다. 스킨 로션 따로 바르시는걸 좋아하지 않으셔서 올인원세트로 구입했는데, 한번만 발라서 편하다고 하셨어요. 얼굴이 당김이 심해져서 고민중이였는데, 당김도 덜하고 부드럽게 잘 발려서 여러모로 만족하고 계세요. 좋은 가격에 잘 구입해서 좋아요.",
    "Source": "쇼핑몰",
    "Domain": "화장품",
    "MainCategory": "남성화장품",
    "ProductName": "OO 아** 맨 올인원 120ml 1개",
    "ReviewScore": "5",
    "Syllable": "153",
    "Word": "33",
    "RDate": "20210705",
    "GeneralPolarity": "1",
    "Aspects": [
      {
        "Aspect": "편의성/활용성",
        "SentimentText": "한번만 발라서 편하다고 하셨어요. ",
        "SentimentWord": "4",
        "SentimentPolarity": "1"
      },
      {
        "Aspect": "보습력/수분감/쿨링감",
        "SentimentText": "당김도 덜하고 ",
        "SentimentWord": "2",
        "SentimentPolarity": "1"
      },
      {
        "Aspect": "발림성",
        "SentimentText": "부드럽게 잘 발려서",
        "SentimentWord": "3",
        "SentimentPolarity": "1"
      },
      {
        "Aspect": "가격",
        "SentimentText": "좋은 가격에 잘 구입해서 좋아요. ",
        "SentimentWord": "5",
        "SentimentPolarity": "1"
      }
    ]
  },
  {
    "Index": "685747",
    "RawText": "여러 개 쓰기 귀찮아하는 남편에게 딱 인 화장품입니다. 올인원으로 한번에 채워지는 것 같아 좋아요. 이번 처음 구매는 아니에요. 자꾸 재구매하게 만드네요.",
    "Source": "쇼핑몰",
    "Domain": "화장품",
    "MainCategory": "남성화장품",
    "ProductName": "OO 아** 맨 올인원 120ml 1개",
    "ReviewScore": "5",
    "Syllable": "86",
    "Word": "21",
    "RDate": "20210810",
    "GeneralPolarity": "1",
    "Aspects": [
      {
        "Aspect": "편의성/활용성",
        "SentimentText": "여러 개 쓰기 귀찮아하는 남편에게 딱 인 화장품입니다.",
        "SentimentWord": "8",
        "SentimentPolarity": "1"
      },
      {
        "Aspect": "편의성/활용성",
        "SentimentText": "올인원으로 한번에 채워지는 것 같아 좋아요. ",
        "SentimentWord": "6",
        "SentimentPolarity": "1"
      }
    ]
  },
  {
    "Index": "685762",
    "RawText": "세일해서 저렴하게 구입했습니다. 구성품도 좋고 샘플도 더 챙겨주시는 센스! 고마워요.",
    "Source": "쇼핑몰",
    "Domain": "화장품",
    "MainCategory": "남성화장품",
    "ProductName": "OO 아** 맨 올인원 120ml 1개",
    "ReviewScore": "5",
    "Syllable": "47",
    "Word": "10",
    "RDate": "20210423",
    "GeneralPolarity": "1",
    "Aspects": [
      {
        "Aspect": "가격",
        "SentimentText": "세일해서 저렴하게 구입했습니다. ",
        "SentimentWord": "3",
        "SentimentPolarity": "1"
      },
      {
        "Aspect": "제품구성",
        "SentimentText": "구성품도 좋고",
        "SentimentWord": "2",
        "SentimentPolarity": "1"
      },
      {
        "Aspect": "제품구성",
        "SentimentText": "샘플도 더 챙겨주시는 센스! ",
        "SentimentWord": "4",
        "SentimentPolarity": "1"
      }
    ]
  },
  {
    "Index": "685777",
    "RawText": "남편과 아들이 같이 사용하고 있습니다. 올인원이라 사용하기 편하다고 합니다. 추가 구성품도 많고 가격도 저렴하게 잘 샀습니다. 앞으로도 계속 사용할 것 같습니다.",
    "Source": "쇼핑몰",
    "Domain": "화장품",
    "MainCategory": "남성화장품",
    "ProductName": "OO 아** 맨 올인원 120ml 1개",
    "ReviewScore": "5",
    "Syllable": "90",
    "Word": "21",
    "RDate": "20210716",
    "GeneralPolarity": "1",
    "Aspects": [
      {
        "Aspect": "편의성/활용성",
        "SentimentText": "올인원이라 사용하기 편하다고 합니다.",
        "SentimentWord": "4",
        "SentimentPolarity": "1"
      },
      {
        "Aspect": "제품구성",
        "SentimentText": "추가 구성품도 많고",
        "SentimentWord": "3",
        "SentimentPolarity": "1"
      },
      {
        "Aspect": "가격",
        "SentimentText": "가격도 저렴하게 잘 샀습니다. ",
        "SentimentWord": "4",
        "SentimentPolarity": "1"
      }
    ]
  },
  {
    "Index": "685780",
    "RawText": "남자 화장품 중에 이 제품이 괜찮은 듯합니다. 수분감도 있고 스킨로션 따로 안 쓰고 한번에 해결돼서 좋아요. 향은 은은하면 좋을 것 같네요.",
    "Source": "쇼핑몰",
    "Domain": "화장품",
    "MainCategory": "남성화장품",
    "ProductName": "OO 아** 맨 올인원 120ml 1개",
    "ReviewScore": "5",
    "Syllable": "78",
    "Word": "21",
    "RDate": "20210727",
    "GeneralPolarity": "1",
    "Aspects": [
      {
        "Aspect": "보습력/수분감/쿨링감",
        "SentimentText": "수분감도 있고",
        "SentimentWord": "2",
        "SentimentPolarity": "1"
      },
      {
        "Aspect": "편의성/활용성",
        "SentimentText": "스킨로션 따로 안 쓰고 한번에 해결돼서 좋아요.",
        "SentimentWord": "7",
        "SentimentPolarity": "1"
      },
      {
        "Aspect": "향",
        "SentimentText": "향은 은은하면 좋을 것 같네요.",
        "SentimentWord": "5",
        "SentimentPolarity": "-1"
      }
    ]
  },
  {
    "Index": "685785",
    "RawText": "울 아들이 간편하게 바르는걸 원해서 이제품을 선택 했는데 정말 사용하기 편하고 딱 피부에 잘 맞아서 만족해요.",
    "Source": "쇼핑몰",
    "Domain": "화장품",
    "MainCategory": "남성화장품",
    "ProductName": "OO 아** 맨 올인원 120ml 1개",
    "ReviewScore": "5",
    "Syllable": "61",
    "Word": "16",
    "RDate": "20210807",
    "GeneralPolarity": "1",
    "Aspects": [
      {
        "Aspect": "편의성/활용성",
        "SentimentText": "정말 사용하기 편하고",
        "SentimentWord": "3",
        "SentimentPolarity": "1"
      },
      {
        "Aspect": "기능/효과",
        "SentimentText": "딱 피부에 잘 맞아서 만족해요. ",
        "SentimentWord": "5",
        "SentimentPolarity": "1"
      }
    ]
  },
  {
    "Index": "685796",
    "RawText": "상품 품질이 좋아 마음에 듭니다. 남성 화장품은 가끔 향이 강한 경우가 있어서 조심스럽게 구입했는데 향도 은은하고 발림도 부드럽네요.",
    "Source": "쇼핑몰",
    "Domain": "화장품",
    "MainCategory": "남성화장품",
    "ProductName": "OO 아** 맨 올인원 120ml 1개",
    "ReviewScore": "5",
    "Syllable": "74",
    "Word": "18",
    "RDate": "20211201",
    "GeneralPolarity": "1",
    "Aspects": [
      {
        "Aspect": "품질",
        "SentimentText": "상품 품질이 좋아 마음에 듭니다.",
        "SentimentWord": "5",
        "SentimentPolarity": "1"
      },
      {
        "Aspect": "향",
        "SentimentText": "향도 은은하고",
        "SentimentWord": "2",
        "SentimentPolarity": "1"
      },
      {
        "Aspect": "발림성",
        "SentimentText": "발림도 부드럽네요.",
        "SentimentWord": "2",
        "SentimentPolarity": "1"
      }
    ]
  },
  {
    "Index": "685798",
    "RawText": "항상 쓰던 제품이에요. 올인원이라 간편해서 마음에 들어요. 샘플도 많고 종류도 다양해서 좋았어요. 계속 사용할 것 같습니다.",
    "Source": "쇼핑몰",
    "Domain": "화장품",
    "MainCategory": "남성화장품",
    "ProductName": "OO 아** 맨 올인원 120ml 1개",
    "ReviewScore": "5",
    "Syllable": "69",
    "Word": "16",
    "RDate": "20211226",
    "GeneralPolarity": "1",
    "Aspects": [
      {
        "Aspect": "편의성/활용성",
        "SentimentText": "올인원이라 간편해서 마음에 들어요.",
        "SentimentWord": "4",
        "SentimentPolarity": "1"
      },
      {
        "Aspect": "제품구성",
        "SentimentText": "샘플도 많고 종류도 다양해서 좋았어요. ",
        "SentimentWord": "5",
        "SentimentPolarity": "1"
      }
    ]
  },
  {
    "Index": "685807",
    "RawText": "좋은 가격에 샘플도 많아서 맘에 들어요. 아빠께 선물드리려고 구매했는데 신랑도 원해서 추가 주문했습니다. 평소 아무것도 안 바르던 신랑이 올인원이라 사용하기 편해서 잘 바릅니다.",
    "Source": "쇼핑몰",
    "Domain": "화장품",
    "MainCategory": "남성화장품",
    "ProductName": "OO 아** 맨 올인원 120ml 1개",
    "ReviewScore": "5",
    "Syllable": "99",
    "Word": "23",
    "RDate": "20220122",
    "GeneralPolarity": "1",
    "Aspects": [
      {
        "Aspect": "가격",
        "SentimentText": "좋은 가격에 ",
        "SentimentWord": "2",
        "SentimentPolarity": "1"
      },
      {
        "Aspect": "제품구성",
        "SentimentText": "샘플도 많아서 맘에 들어요.  ",
        "SentimentWord": "4",
        "SentimentPolarity": "1"
      },
      {
        "Aspect": "편의성/활용성",
        "SentimentText": "올인원이라 사용하기 편해서 잘 바릅니다.",
        "SentimentWord": "5",
        "SentimentPolarity": "1"
      }
    ]
  },
  {
    "Index": "685808",
    "RawText": "여러가지 챙겨 바르기 귀찮아하시는 아버지한테 선물로 보내드렸는데, 사용하기 편하다고 하시네요. 가격도 저렴하고 샘플도 많이 챙겨주셔서 좋았어요.",
    "Source": "쇼핑몰",
    "Domain": "화장품",
    "MainCategory": "남성화장품",
    "ProductName": "OO 아** 맨 올인원 120ml 1개",
    "ReviewScore": "5",
    "Syllable": "80",
    "Word": "16",
    "RDate": "20220122",
    "GeneralPolarity": "1",
    "Aspects": [
      {
        "Aspect": "편의성/활용성",
        "SentimentText": "사용하기 편하다고 하시네요. ",
        "SentimentWord": "3",
        "SentimentPolarity": "1"
      },
      {
        "Aspect": "가격",
        "SentimentText": "가격도 저렴하고",
        "SentimentWord": "2",
        "SentimentPolarity": "1"
      },
      {
        "Aspect": "제품구성",
        "SentimentText": "샘플도 많이 챙겨주셔서 좋았어요.",
        "SentimentWord": "4",
        "SentimentPolarity": "1"
      }
    ]
  },
  {
    "Index": "685809",
    "RawText": "아무것도 얼굴에 바르지 않아 거칠기 이를데가 없는 남편을 두었는데요. 순한 아기것부터 남성미 넘치는것까지 다 사다줘도 코딱지만큼 짜서 손바닥데 다 비비던 양반인데 이건 잘 챙겨바르네요. 일단 향이 너무 좋습니다. 바르면서 다니니 확실히 얼굴톤도 좋아보입니다. 데리고 어디 나가기 좋네요.",
    "Source": "쇼핑몰",
    "Domain": "화장품",
    "MainCategory": "남성화장품",
    "ProductName": "OO 아** 맨 올인원 120ml 1개",
    "ReviewScore": "5",
    "Syllable": "160",
    "Word": "37",
    "RDate": "20220203",
    "GeneralPolarity": "1",
    "Aspects": [
      {
        "Aspect": "향",
        "SentimentText": "향이 너무 좋습니다. ",
        "SentimentWord": "3",
        "SentimentPolarity": "1"
      },
      {
        "Aspect": "윤기/피부(톤)",
        "SentimentText": "확실히 얼굴톤도 좋아보입니다. ",
        "SentimentWord": "3",
        "SentimentPolarity": "1"
      }
    ]
  },
  {
    "Index": "685812",
    "RawText": "올인원이라 사용하기 편해서 계속해서 사용하게 됩니다. 향도 괜찮습니다. 타 제품보다 용량이 적어서 자주 구매해야 하는 게 좀 번거롭네요.",
    "Source": "쇼핑몰",
    "Domain": "화장품",
    "MainCategory": "남성화장품",
    "ProductName": "OO 아** 맨 올인원 120ml 1개",
    "ReviewScore": "5",
    "Syllable": "76",
    "Word": "18",
    "RDate": "20220210",
    "GeneralPolarity": "1",
    "Aspects": [
      {
        "Aspect": "편의성/활용성",
        "SentimentText": "올인원이라 사용하기 편해서",
        "SentimentWord": "3",
        "SentimentPolarity": "1"
      },
      {
        "Aspect": "향",
        "SentimentText": "향도 괜찮습니다.",
        "SentimentWord": "2",
        "SentimentPolarity": "1"
      },
      {
        "Aspect": "용량",
        "SentimentText": "용량이 적어서",
        "SentimentWord": "2",
        "SentimentPolarity": "-1"
      }
    ]
  },
  {
    "Index": "685816",
    "RawText": "남편이 샘플로 준 화장품을 먼저 사용중이라 아직 본품은 개봉도 안하고도 샘플만으로도 품질이 좋다고 합니다. 샘플로 주신 폼클렌징도 너무 좋다고 해요.",
    "Source": "쇼핑몰",
    "Domain": "화장품",
    "MainCategory": "남성화장품",
    "ProductName": "OO 아** 맨 올인원 120ml 1개",
    "ReviewScore": "5",
    "Syllable": "83",
    "Word": "20",
    "RDate": "20220320",
    "GeneralPolarity": "1",
    "Aspects": [
      {
        "Aspect": "품질",
        "SentimentText": "샘플만으로도 품질이 좋다고 합니다.",
        "SentimentWord": "4",
        "SentimentPolarity": "1"
      },
      {
        "Aspect": "제품구성",
        "SentimentText": "샘플로 주신 폼클렌징도 너무 좋다고 해요. ",
        "SentimentWord": "6",
        "SentimentPolarity": "1"
      }
    ]
  },
  {
    "Index": "685819",
    "RawText": "남편이 올인원이라 쓰기 편하고 흡수도 잘 되어서 얼굴 당기는 것도 없다고 합니다. 이번에 저렴하게 구매하고 샘플도 있어서 좋았습니다.",
    "Source": "쇼핑몰",
    "Domain": "화장품",
    "MainCategory": "남성화장품",
    "ProductName": "OO 아** 맨 올인원 120ml 1개",
    "ReviewScore": "5",
    "Syllable": "74",
    "Word": "18",
    "RDate": "20220330",
    "GeneralPolarity": "1",
    "Aspects": [
      {
        "Aspect": "편의성/활용성",
        "SentimentText": "올인원이라 쓰기 편하고",
        "SentimentWord": "3",
        "SentimentPolarity": "1"
      },
      {
        "Aspect": "흡수력",
        "SentimentText": "흡수도 잘 되어서",
        "SentimentWord": "3",
        "SentimentPolarity": "1"
      },
      {
        "Aspect": "보습력/수분감/쿨링감",
        "SentimentText": "얼굴 당기는 것도 없다고 합니다.",
        "SentimentWord": "5",
        "SentimentPolarity": "1"
      },
      {
        "Aspect": "가격",
        "SentimentText": "저렴하게 구매하고",
        "SentimentWord": "2",
        "SentimentPolarity": "1"
      },
      {
        "Aspect": "제품구성",
        "SentimentText": "샘플도 있어서 좋았습니다.",
        "SentimentWord": "3",
        "SentimentPolarity": "1"
      }
    ]
  },
  {
    "Index": "685820",
    "RawText": "너무 마음에 듭니다. 추천해요. 제가 항상 주문해서 신랑쓰는 제품이에요. 보시다시피 이렇게 샘플로 오는게 많네요. 가격도 착합니다.",
    "Source": "쇼핑몰",
    "Domain": "화장품",
    "MainCategory": "남성화장품",
    "ProductName": "OO 아** 맨 올인원 120ml 1개",
    "ReviewScore": "5",
    "Syllable": "73",
    "Word": "16",
    "RDate": "20220401",
    "GeneralPolarity": "1",
    "Aspects": [
      {
        "Aspect": "제품구성",
        "SentimentText": "샘플로 오는게 많네요. ",
        "SentimentWord": "3",
        "SentimentPolarity": "1"
      },
      {
        "Aspect": "가격",
        "SentimentText": "가격도 착합니다.",
        "SentimentWord": "2",
        "SentimentPolarity": "1"
      }
    ]
  },
  {
    "Index": "685823",
    "RawText": "좋은 가격에 잘 구매했습니다. 아들과 남편이 사용하는 제품이네요. 한 가지만 바르면 되니 사용하기 편해서 항상 사용하네요. 촉촉하면서 끈적이지 않다고 합니다.",
    "Source": "쇼핑몰",
    "Domain": "화장품",
    "MainCategory": "남성화장품",
    "ProductName": "OO 아** 맨 올인원 120ml 1개",
    "ReviewScore": "5",
    "Syllable": "88",
    "Word": "20",
    "RDate": "20220419",
    "GeneralPolarity": "1",
    "Aspects": [
      {
        "Aspect": "가격",
        "SentimentText": "좋은 가격에 잘 구매했습니다.",
        "SentimentWord": "4",
        "SentimentPolarity": "1"
      },
      {
        "Aspect": "편의성/활용성",
        "SentimentText": "한 가지만 바르면 되니 사용하기 편해서",
        "SentimentWord": "6",
        "SentimentPolarity": "1"
      },
      {
        "Aspect": "보습력/수분감/쿨링감",
        "SentimentText": "촉촉하면서",
        "SentimentWord": "1",
        "SentimentPolarity": "1"
      },
      {
        "Aspect": "흡수력",
        "SentimentText": "끈적이지 않다고 합니다.",
        "SentimentWord": "3",
        "SentimentPolarity": "1"
      }
    ]
  },
  {
    "Index": "685825",
    "RawText": "상품 품질이 좋은 것 같습니다. 남편 올인원으로 써보라고 구매했어요. 1+1 행사도 하지 않고 저렴하지 않은 가격에 구매했네요.",
    "Source": "쇼핑몰",
    "Domain": "화장품",
    "MainCategory": "남성화장품",
    "ProductName": "OO 아** 맨 올인원 120ml 1개",
    "ReviewScore": "5",
    "Syllable": "71",
    "Word": "17",
    "RDate": "20220426",
    "GeneralPolarity": "0",
    "Aspects": [
      {
        "Aspect": "품질",
        "SentimentText": "상품 품질이 좋은 것 같습니다. ",
        "SentimentWord": "5",
        "SentimentPolarity": "1"
      },
      {
        "Aspect": "제품구성",
        "SentimentText": "1+1 행사도 하지 않고",
        "SentimentWord": "4",
        "SentimentPolarity": "-1"
      },
      {
        "Aspect": "가격",
        "SentimentText": "저렴하지 않은 가격에 구매했네요.",
        "SentimentWord": "4",
        "SentimentPolarity": "-1"
      }
    ]
  },
  {
    "Index": "685852",
    "RawText": "향기도 맘에 들고, 용기도 맘에 들고 무엇보다 보습력이 좋습니다. 잘 사용하겠습니다.",
    "Source": "쇼핑몰",
    "Domain": "화장품",
    "MainCategory": "남성화장품",
    "ProductName": "OO 아** 맨 올인원 120ml 1개",
    "ReviewScore": "5",
    "Syllable": "47",
    "Word": "11",
    "RDate": "20210511",
    "GeneralPolarity": "1",
    "Aspects": [
      {
        "Aspect": "향",
        "SentimentText": "향기도 맘에 들고,",
        "SentimentWord": "3",
        "SentimentPolarity": "1"
      },
      {
        "Aspect": "용기",
        "SentimentText": "용기도 맘에 들고",
        "SentimentWord": "3",
        "SentimentPolarity": "1"
      },
      {
        "Aspect": "보습력/수분감/쿨링감",
        "SentimentText": "보습력이 좋습니다.",
        "SentimentWord": "2",
        "SentimentPolarity": "1"
      }
    ]
  },
  {
    "Index": "685853",
    "RawText": "기름기 적고 끈적이지 않아 좋다고 합니다.  이거 한개만 발라도 되서 편하대요.",
    "Source": "쇼핑몰",
    "Domain": "화장품",
    "MainCategory": "남성화장품",
    "ProductName": "OO 아** 맨 올인원 120ml 1개",
    "ReviewScore": "5",
    "Syllable": "44",
    "Word": "11",
    "RDate": "20210512",
    "GeneralPolarity": "1",
    "Aspects": [
      {
        "Aspect": "보습력/수분감/쿨링감",
        "SentimentText": "기름기 적고 ",
        "SentimentWord": "2",
        "SentimentPolarity": "1"
      },
      {
        "Aspect": "흡수력",
        "SentimentText": "끈적이지 않아 좋다고 합니다. ",
        "SentimentWord": "4",
        "SentimentPolarity": "1"
      },
      {
        "Aspect": "편의성/활용성",
        "SentimentText": "이거 한개만 발라도 되서 편하대요.",
        "SentimentWord": "5",
        "SentimentPolarity": "1"
      }
    ]
  },
  {
    "Index": "685858",
    "RawText": "친구가 추천해서 구매했습니다. 사용해보니 산뜻해서 좋습니다. 배송비가 있어서 가성비가 좋은지 모르겠습니다. 제품에 불만은 없네요.",
    "Source": "쇼핑몰",
    "Domain": "화장품",
    "MainCategory": "남성화장품",
    "ProductName": "OO 아** 맨 올인원 120ml 1개",
    "ReviewScore": "5",
    "Syllable": "72",
    "Word": "14",
    "RDate": "20210625",
    "GeneralPolarity": "1",
    "Aspects": [
      {
        "Aspect": "흡수력",
        "SentimentText": "산뜻해서 좋습니다.",
        "SentimentWord": "2",
        "SentimentPolarity": "1"
      },
      {
        "Aspect": "가격",
        "SentimentText": "가성비가 좋은지 모르겠습니다.",
        "SentimentWord": "3",
        "SentimentPolarity": "0"
      }
    ]
  },
  {
    "Index": "685859",
    "RawText": "몇 년째 사용하고 있는 화장품이네요. 올인원이라 간편하고 제형의 끈적임도 많지 않아 산뜻하네요. 한동안은 바꾸지 않고 계속 사용할 것 같아요.",
    "Source": "쇼핑몰",
    "Domain": "화장품",
    "MainCategory": "남성화장품",
    "ProductName": "OO 아** 맨 올인원 120ml 1개",
    "ReviewScore": "5",
    "Syllable": "79",
    "Word": "19",
    "RDate": "20210707",
    "GeneralPolarity": "1",
    "Aspects": [
      {
        "Aspect": "편의성/활용성",
        "SentimentText": "올인원이라 간편하고",
        "SentimentWord": "2",
        "SentimentPolarity": "1"
      },
      {
        "Aspect": "제형",
        "SentimentText": "제형의 끈적임도 많지 않아",
        "SentimentWord": "4",
        "SentimentPolarity": "1"
      },
      {
        "Aspect": "흡수력",
        "SentimentText": "산뜻하네요.",
        "SentimentWord": "1",
        "SentimentPolarity": "1"
      }
    ]
  },
  {
    "Index": "685877",
    "RawText": "ㅇㅇㅇ 사용하다가 일본제품이라고 해서 이 제품을 사용하고 있는데 용량도 적당하고 향도 좋습니다.",
    "Source": "쇼핑몰",
    "Domain": "화장품",
    "MainCategory": "남성화장품",
    "ProductName": "OO 아** 맨 올인원 120ml 1개",
    "ReviewScore": "5",
    "Syllable": "53",
    "Word": "12",
    "RDate": "20220318",
    "GeneralPolarity": "1",
    "Aspects": [
      {
        "Aspect": "용량",
        "SentimentText": "용량도 적당하고",
        "SentimentWord": "2",
        "SentimentPolarity": "1"
      },
      {
        "Aspect": "향",
        "SentimentText": "향도 좋습니다.",
        "SentimentWord": "2",
        "SentimentPolarity": "1"
      }
    ]
  },
  {
    "Index": "685879",
    "RawText": "배송 빠르고 발림이 좋습니다. 끈적한 제형이 아니라 좋고 보습력도 다른 것에 비해 좋네요. 피부 트러블도 없고 앞으로는 ooo로 정착합니다.",
    "Source": "쇼핑몰",
    "Domain": "화장품",
    "MainCategory": "남성화장품",
    "ProductName": "OO 아** 맨 올인원 120ml 1개",
    "ReviewScore": "5",
    "Syllable": "78",
    "Word": "19",
    "RDate": "20220729",
    "GeneralPolarity": "1",
    "Aspects": [
      {
        "Aspect": "발림성",
        "SentimentText": "발림이 좋습니다.",
        "SentimentWord": "2",
        "SentimentPolarity": "1"
      },
      {
        "Aspect": "제형",
        "SentimentText": "끈적한 제형이 아니라 좋고",
        "SentimentWord": "4",
        "SentimentPolarity": "1"
      },
      {
        "Aspect": "보습력/수분감/쿨링감",
        "SentimentText": "보습력도 다른 것에 비해 좋네요.",
        "SentimentWord": "5",
        "SentimentPolarity": "1"
      },
      {
        "Aspect": "자극성",
        "SentimentText": "피부 트러블도 없고",
        "SentimentWord": "3",
        "SentimentPolarity": "1"
      }
    ]
  },
  {
    "Index": "685881",
    "RawText": "향 강한편입니다. 하나만 발라도 되서 편한데 보습력은 좀 부족하네요. 배송은 엄청 빠릅니다.",
    "Source": "쇼핑몰",
    "Domain": "화장품",
    "MainCategory": "남성화장품",
    "ProductName": "OO 아** 맨 올인원 120ml 1개",
    "ReviewScore": "5",
    "Syllable": "51",
    "Word": "12",
    "RDate": "20210902",
    "GeneralPolarity": "-1",
    "Aspects": [
      {
        "Aspect": "향",
        "SentimentText": "향 강한편입니다. ",
        "SentimentWord": "2",
        "SentimentPolarity": "-1"
      },
      {
        "Aspect": "편의성/활용성",
        "SentimentText": "하나만 발라도 되서 편한데 ",
        "SentimentWord": "4",
        "SentimentPolarity": "1"
      },
      {
        "Aspect": "보습력/수분감/쿨링감",
        "SentimentText": " 보습력은 좀 부족하네요. ",
        "SentimentWord": "3",
        "SentimentPolarity": "-1"
      }
    ]
  },
  {
    "Index": "685886",
    "RawText": "배송도 너무 빠르고 제품도 꼼꼼하게 잘 포장해서 보내주셨네요. 가격도 저렴하고 보내주신 사은품도 잘 사용하겠습니다.",
    "Source": "쇼핑몰",
    "Domain": "화장품",
    "MainCategory": "남성화장품",
    "ProductName": "OO 아** 맨 올인원 120ml 1개",
    "ReviewScore": "5",
    "Syllable": "64",
    "Word": "14",
    "RDate": "20220213",
    "GeneralPolarity": "1",
    "Aspects": [
      {
        "Aspect": "가격",
        "SentimentText": "가격도 저렴하고 ",
        "SentimentWord": "2",
        "SentimentPolarity": "1"
      },
      {
        "Aspect": "제품구성",
        "SentimentText": "사은품도 잘 사용하겠습니다.",
        "SentimentWord": "3",
        "SentimentPolarity": "1"
      }
    ]
  },
  {
    "Index": "685923",
    "RawText": "선물도 하고 저도 써보려고 구입했는데 배송이 오래 걸렸어요. 쇼핑백이 있어서 좋았고 상품 구성도 좋습니다. 하나로 해결할 수 있어서 좋아요.",
    "Source": "쇼핑몰",
    "Domain": "화장품",
    "MainCategory": "남성화장품",
    "ProductName": "OO 아** 맨 올인원 120ml 1개",
    "ReviewScore": "5",
    "Syllable": "78",
    "Word": "19",
    "RDate": "20220217",
    "GeneralPolarity": "1",
    "Aspects": [
      {
        "Aspect": "제품구성",
        "SentimentText": "상품 구성도 좋습니다. ",
        "SentimentWord": "3",
        "SentimentPolarity": "1"
      },
      {
        "Aspect": "편의성/활용성",
        "SentimentText": "하나로 해결할 수 있어서 좋아요.",
        "SentimentWord": "5",
        "SentimentPolarity": "1"
      }
    ]
  },
  {
    "Index": "685933",
    "RawText": "평이 좋아 구매해 봤어요. 본품, 클렌저, 선블럭, 샘플 4종 들어있어 좋고. 쇼핑백도 보내주셨어요. 할인도 많이해서 좋았습니다.",
    "Source": "쇼핑몰",
    "Domain": "화장품",
    "MainCategory": "남성화장품",
    "ProductName": "OO 아** 맨 올인원 120ml 1개",
    "ReviewScore": "5",
    "Syllable": "72",
    "Word": "16",
    "RDate": "20220217",
    "GeneralPolarity": "1",
    "Aspects": [
      {
        "Aspect": "제품구성",
        "SentimentText": "본품, 클렌저, 선블럭, 샘플 4종 들어있어 좋고",
        "SentimentWord": "7",
        "SentimentPolarity": "1"
      },
      {
        "Aspect": "가격",
        "SentimentText": "할인도 많이해서 좋았습니다. ",
        "SentimentWord": "3",
        "SentimentPolarity": "1"
      }
    ]
  },
  {
    "Index": "685936",
    "RawText": "가격대비 용량이 넉넉해서 좋아요. 사은품도 많아서 좋았어요. 이거 하나로 해결할 수 있어서 저것 바를 시간이 없는 남성분들에게 딱입니다.",
    "Source": "쇼핑몰",
    "Domain": "화장품",
    "MainCategory": "남성화장품",
    "ProductName": "OO 아** 맨 올인원 120ml 1개",
    "ReviewScore": "5",
    "Syllable": "76",
    "Word": "18",
    "RDate": "20220218",
    "GeneralPolarity": "1",
    "Aspects": [
      {
        "Aspect": "용량",
        "SentimentText": "가격대비 용량이 넉넉해서 좋아요.",
        "SentimentWord": "4",
        "SentimentPolarity": "1"
      },
      {
        "Aspect": "제품구성",
        "SentimentText": "사은품도 많아서 좋았어요.",
        "SentimentWord": "3",
        "SentimentPolarity": "1"
      },
      {
        "Aspect": "편의성/활용성",
        "SentimentText": "이거 하나로 해결할 수 있어서 저것 바를 시간이 없는 남성분들에게 딱입니다.",
        "SentimentWord": "11",
        "SentimentPolarity": "1"
      }
    ]
  },
  {
    "Index": "685961",
    "RawText": "친구에게 선물했는데, 발림성이 좋다고 하네요. 센스있게 샘플도 보내주셔서 만족스러워 합니다. 선물용으로 제격이네요.",
    "Source": "쇼핑몰",
    "Domain": "화장품",
    "MainCategory": "남성화장품",
    "ProductName": "OO 아** 맨 올인원 120ml 1개",
    "ReviewScore": "5",
    "Syllable": "64",
    "Word": "12",
    "RDate": "20220310",
    "GeneralPolarity": "1",
    "Aspects": [
      {
        "Aspect": "발림성",
        "SentimentText": "발림성이 좋다고 하네요.",
        "SentimentWord": "3",
        "SentimentPolarity": "1"
      },
      {
        "Aspect": "제품구성",
        "SentimentText": "센스있게 샘플도 보내주셔서 만족스러워 합니다. ",
        "SentimentWord": "5",
        "SentimentPolarity": "1"
      }
    ]
  },
  {
    "Index": "685965",
    "RawText": "남편이 이것만 써서 알아보다가 OO쇼핑에서 쿠폰 이용해서 저렴하게 구입했어요. 바뀐 용기가 예쁘네요.",
    "Source": "쇼핑몰",
    "Domain": "화장품",
    "MainCategory": "남성화장품",
    "ProductName": "OO 아** 맨 올인원 120ml 1개",
    "ReviewScore": "5",
    "Syllable": "56",
    "Word": "12",
    "RDate": "20210416",
    "GeneralPolarity": "1",
    "Aspects": [
      {
        "Aspect": "가격",
        "SentimentText": "OO쇼핑에서 쿠폰 이용해서 저렴하게 구입했어요.",
        "SentimentWord": "5",
        "SentimentPolarity": "1"
      },
      {
        "Aspect": "용기",
        "SentimentText": "바뀐 용기가 예쁘네요.",
        "SentimentWord": "3",
        "SentimentPolarity": "1"
      }
    ]
  },
  {
    "Index": "685984",
    "RawText": "처음으로 구매했어요. 올인원이라 간편해서 좋은데, 지성 피부인데 유분이 많은지 끈적거리네요.",
    "Source": "쇼핑몰",
    "Domain": "화장품",
    "MainCategory": "남성화장품",
    "ProductName": "OO 아** 맨 올인원 120ml 1개",
    "ReviewScore": "5",
    "Syllable": "51",
    "Word": "10",
    "RDate": "20210610",
    "GeneralPolarity": "-1",
    "Aspects": [
      {
        "Aspect": "편의성/활용성",
        "SentimentText": "올인원이라 간편해서 좋은데, ",
        "SentimentWord": "3",
        "SentimentPolarity": "1"
      },
      {
        "Aspect": "피부타입",
        "SentimentText": "지성 피부인데 유분이 많은지 끈적거리네요. ",
        "SentimentWord": "5",
        "SentimentPolarity": "-1"
      },
      {
        "Aspect": "보습력/수분감/쿨링감",
        "SentimentText": "유분이 많은지 끈적거리네요. ",
        "SentimentWord": "3",
        "SentimentPolarity": "-1"
      },
      {
        "Aspect": "흡수력",
        "SentimentText": "끈적거리네요. ",
        "SentimentWord": "1",
        "SentimentPolarity": "-1"
      }
    ]
  },
  {
    "Index": "685996",
    "RawText": "배송 빠르고 제품은 좋은 듯 해요. 향이 좀 안 맞긴 하는데 이건 개인취향이라서요. 가성비 좋아요,",
    "Source": "쇼핑몰",
    "Domain": "화장품",
    "MainCategory": "남성화장품",
    "ProductName": "OO 아** 맨 올인원 120ml 1개",
    "ReviewScore": "5",
    "Syllable": "55",
    "Word": "15",
    "RDate": "20210723",
    "GeneralPolarity": "0",
    "Aspects": [
      {
        "Aspect": "향",
        "SentimentText": "향이 좀 안 맞긴 하는데 ",
        "SentimentWord": "5",
        "SentimentPolarity": "-1"
      },
      {
        "Aspect": "가격",
        "SentimentText": "가성비 좋아요, ",
        "SentimentWord": "2",
        "SentimentPolarity": "1"
      }
    ]
  },
  {
    "Index": "686002",
    "RawText": "남편과, 아들 주려고 샀는데 향기도 좋고 촉촉하다고 합니다. 어렸을때 ㅇㅇㅇ 사용했던 기억이 있어요.",
    "Source": "쇼핑몰",
    "Domain": "화장품",
    "MainCategory": "남성화장품",
    "ProductName": "OO 아** 맨 올인원 120ml 1개",
    "ReviewScore": "5",
    "Syllable": "56",
    "Word": "13",
    "RDate": "20220416",
    "GeneralPolarity": "1",
    "Aspects": [
      {
        "Aspect": "향",
        "SentimentText": "향기도 좋고 ",
        "SentimentWord": "2",
        "SentimentPolarity": "1"
      },
      {
        "Aspect": "보습력/수분감/쿨링감",
        "SentimentText": "촉촉하다고 합니다.",
        "SentimentWord": "2",
        "SentimentPolarity": "1"
      }
    ]
  },
  {
    "Index": "686006",
    "RawText": "올인원이라 간편해서 몇 년째 쓰고 있어요. 다만 용기 개선이 좀 있었으면 합니다. 용기 안에 내용물이 얼마 남았는지 확인이 되었으면 좋겠습니다.",
    "Source": "쇼핑몰",
    "Domain": "화장품",
    "MainCategory": "남성화장품",
    "ProductName": "OO 아** 맨 올인원 120ml 1개",
    "ReviewScore": "5",
    "Syllable": "80",
    "Word": "20",
    "RDate": "20210512",
    "GeneralPolarity": "1",
    "Aspects": [
      {
        "Aspect": "편의성/활용성",
        "SentimentText": "올인원이라 간편해서 몇 년째 쓰고 있어요.",
        "SentimentWord": "6",
        "SentimentPolarity": "1"
      },
      {
        "Aspect": "용기",
        "SentimentText": "용기 개선이 좀 있었으면 합니다. ",
        "SentimentWord": "5",
        "SentimentPolarity": "-1"
      },
      {
        "Aspect": "용기",
        "SentimentText": "용기 안에 내용물이 얼마 남았는지 확인이 되었으면 좋겠습니다.",
        "SentimentWord": "8",
        "SentimentPolarity": "-1"
      }
    ]
  },
  {
    "Index": "686007",
    "RawText": "평소에 사용하는 제품입니다. 핫딜 상품으로 완전 저렴하게 구입했습니다. 무엇보다 올인원이라 사용하기 편해서 좋습니다.",
    "Source": "쇼핑몰",
    "Domain": "화장품",
    "MainCategory": "남성화장품",
    "ProductName": "OO 아** 맨 올인원 120ml 1개",
    "ReviewScore": "5",
    "Syllable": "65",
    "Word": "13",
    "RDate": "20210517",
    "GeneralPolarity": "1",
    "Aspects": [
      {
        "Aspect": "가격",
        "SentimentText": "핫딜 상품으로 완전 저렴하게 ",
        "SentimentWord": "4",
        "SentimentPolarity": "1"
      },
      {
        "Aspect": "편의성/활용성",
        "SentimentText": "올인원이라 사용하기 편해서 좋습니다.",
        "SentimentWord": "4",
        "SentimentPolarity": "1"
      }
    ]
  },
  {
    "Index": "686021",
    "RawText": "싸게 잘 구입했어요. 선크림 포함이라 저녁에 바르기는 불편해요. 선크림 없는 올인원도 구매해야겠어요.",
    "Source": "쇼핑몰",
    "Domain": "화장품",
    "MainCategory": "남성화장품",
    "ProductName": "OO 아** 맨 올인원 120ml 1개",
    "ReviewScore": "5",
    "Syllable": "56",
    "Word": "12",
    "RDate": "20210423",
    "GeneralPolarity": "0",
    "Aspects": [
      {
        "Aspect": "가격",
        "SentimentText": "싸게 잘 구입했어요. ",
        "SentimentWord": "3",
        "SentimentPolarity": "1"
      },
      {
        "Aspect": "편의성/활용성",
        "SentimentText": "저녁에 바르기는 불편해요.",
        "SentimentWord": "3",
        "SentimentPolarity": "-1"
      }
    ]
  },
  {
    "Index": "686029",
    "RawText": "올인원 제품은 두 번째로 사용해 보는데 향도 그렇고 촉촉한 느낌이 이 제품이 더 좋습니다. 저렴하게 잘 샀습니다.",
    "Source": "쇼핑몰",
    "Domain": "화장품",
    "MainCategory": "남성화장품",
    "ProductName": "OO 아** 맨 올인원 120ml 1개",
    "ReviewScore": "5",
    "Syllable": "63",
    "Word": "17",
    "RDate": "20210527",
    "GeneralPolarity": "1",
    "Aspects": [
      {
        "Aspect": "향",
        "SentimentText": "향도 그렇고 촉촉한 느낌이 이 제품이 더 좋습니다.",
        "SentimentWord": "8",
        "SentimentPolarity": "1"
      },
      {
        "Aspect": "보습력/수분감/쿨링감",
        "SentimentText": "촉촉한 느낌이 이 제품이 더 좋습니다.",
        "SentimentWord": "6",
        "SentimentPolarity": "1"
      },
      {
        "Aspect": "가격",
        "SentimentText": "저렴하게 잘 샀습니다.",
        "SentimentWord": "3",
        "SentimentPolarity": "1"
      }
    ]
  },
  {
    "Index": "686042",
    "RawText": "가격 저렴하고 유통 기한도 기네요. 아들이 평소 쓰는 제품이라 세개 주문 했습니다. 매일 쓰다보니 금방 쓰네요. 매장 보다 저렴 해서 좋긴 한데 같은 제품이길 바랍니다.",
    "Source": "쇼핑몰",
    "Domain": "화장품",
    "MainCategory": "남성화장품",
    "ProductName": "OO 아** 맨 올인원 120ml 1개",
    "ReviewScore": "5",
    "Syllable": "94",
    "Word": "25",
    "RDate": "20210712",
    "GeneralPolarity": "1",
    "Aspects": [
      {
        "Aspect": "가격",
        "SentimentText": "가격 저렴하고",
        "SentimentWord": "2",
        "SentimentPolarity": "1"
      },
      {
        "Aspect": "유통기한",
        "SentimentText": "유통 기한도 기네요.",
        "SentimentWord": "3",
        "SentimentPolarity": "1"
      },
      {
        "Aspect": "가격",
        "SentimentText": "매장 보다 저렴 해서 좋긴 한데 ",
        "SentimentWord": "6",
        "SentimentPolarity": "1"
      }
    ]
  },
  {
    "Index": "686050",
    "RawText": "올인원이라 간편해서 좋습니다. 용량은 적은 느낌이지만 재구매 하려고 합니다.",
    "Source": "쇼핑몰",
    "Domain": "화장품",
    "MainCategory": "남성화장품",
    "ProductName": "OO 아** 맨 올인원 120ml 1개",
    "ReviewScore": "4",
    "Syllable": "42",
    "Word": "9",
    "RDate": "20211106",
    "GeneralPolarity": "1",
    "Aspects": [
      {
        "Aspect": "편의성/활용성",
        "SentimentText": "올인원이라 간편해서 좋습니다. ",
        "SentimentWord": "3",
        "SentimentPolarity": "1"
      },
      {
        "Aspect": "용량",
        "SentimentText": "용량은 적은 느낌이지만 ",
        "SentimentWord": "3",
        "SentimentPolarity": "-1"
      }
    ]
  },
  {
    "Index": "686071",
    "RawText": "신경 안 쓰는 남편 때문에 구매했습니다. 향도 좋고 하나로 해결하니 사용하기 편해서 좋다고 하네요.",
    "Source": "쇼핑몰",
    "Domain": "화장품",
    "MainCategory": "남성화장품",
    "ProductName": "OO 아** 맨 올인원 120ml 1개",
    "ReviewScore": "5",
    "Syllable": "55",
    "Word": "14",
    "RDate": "20210620",
    "GeneralPolarity": "1",
    "Aspects": [
      {
        "Aspect": "향",
        "SentimentText": "향도 좋고",
        "SentimentWord": "2",
        "SentimentPolarity": "1"
      },
      {
        "Aspect": "편의성/활용성",
        "SentimentText": "하나로 해결하니 사용하기 편해서 좋다고 하네요. ",
        "SentimentWord": "6",
        "SentimentPolarity": "1"
      }
    ]
  },
  {
    "Index": "686076",
    "RawText": "배송은 빠르네요. 지성 피부인데 발림성이 가벼워 좋은 듯합니다. 오프라인보다 저렴하게 구입하고 쭉 사용했던 제품이라서 상품 만족해요.",
    "Source": "쇼핑몰",
    "Domain": "화장품",
    "MainCategory": "남성화장품",
    "ProductName": "OO 아** 맨 올인원 120ml 1개",
    "ReviewScore": "4",
    "Syllable": "74",
    "Word": "16",
    "RDate": "20210902",
    "GeneralPolarity": "1",
    "Aspects": [
      {
        "Aspect": "피부타입",
        "SentimentText": "지성 피부인데 발림성이 가벼워 좋은 듯합니다.",
        "SentimentWord": "6",
        "SentimentPolarity": "1"
      },
      {
        "Aspect": "발림성",
        "SentimentText": "발림성이 가벼워 좋은 듯합니다.",
        "SentimentWord": "4",
        "SentimentPolarity": "1"
      },
      {
        "Aspect": "가격",
        "SentimentText": "오프라인보다 저렴하게 구입하고",
        "SentimentWord": "3",
        "SentimentPolarity": "1"
      }
    ]
  },
  {
    "Index": "686101",
    "RawText": "OOO 올인원 제품을 쿠폰 사용 해서 저렴하게 구매해서 좋아요. 유통기한도 길고 사은품도 많아서 만족스러워요.",
    "Source": "쇼핑몰",
    "Domain": "화장품",
    "MainCategory": "남성화장품",
    "ProductName": "OO 아** 맨 올인원 120ml 1개",
    "ReviewScore": "5",
    "Syllable": "61",
    "Word": "14",
    "RDate": "20210624",
    "GeneralPolarity": "1",
    "Aspects": [
      {
        "Aspect": "가격",
        "SentimentText": "쿠폰 사용 해서 저렴하게 구매해서 좋아요.",
        "SentimentWord": "6",
        "SentimentPolarity": "1"
      },
      {
        "Aspect": "유통기한",
        "SentimentText": "유통기한도 길고 ",
        "SentimentWord": "2",
        "SentimentPolarity": "1"
      },
      {
        "Aspect": "제품구성",
        "SentimentText": "사은품도 많아서 만족스러워요.",
        "SentimentWord": "3",
        "SentimentPolarity": "1"
      }
    ]
  },
  {
    "Index": "686108",
    "RawText": "계속 사용하고 있는 제품입니다. 올인원이라 간편해서 남자들이 사용하기 딱입니다. 이번에는 샘플도 보내주셔서 좋았습니다.",
    "Source": "쇼핑몰",
    "Domain": "화장품",
    "MainCategory": "남성화장품",
    "ProductName": "OO 아** 맨 올인원 120ml 1개",
    "ReviewScore": "4",
    "Syllable": "66",
    "Word": "13",
    "RDate": "20210626",
    "GeneralPolarity": "1",
    "Aspects": [
      {
        "Aspect": "편의성/활용성",
        "SentimentText": "올인원이라 간편해서 남자들이 사용하기 딱입니다. ",
        "SentimentWord": "5",
        "SentimentPolarity": "1"
      },
      {
        "Aspect": "제품구성",
        "SentimentText": "샘플도 보내주셔서 좋았습니다.",
        "SentimentWord": "3",
        "SentimentPolarity": "1"
      }
    ]
  },
  {
    "Index": "686109",
    "RawText": "배송 총알이었어요. 사은품도 많고 가격이 생각보다 많이 싸서 바로 구매했어요.",
    "Source": "쇼핑몰",
    "Domain": "화장품",
    "MainCategory": "남성화장품",
    "ProductName": "OO 아** 맨 올인원 120ml 1개",
    "ReviewScore": "5",
    "Syllable": "43",
    "Word": "10",
    "RDate": "20210628",
    "GeneralPolarity": "1",
    "Aspects": [
      {
        "Aspect": "제품구성",
        "SentimentText": "사은품도 많고",
        "SentimentWord": "2",
        "SentimentPolarity": "1"
      },
      {
        "Aspect": "가격",
        "SentimentText": "가격이 생각보다 많이 싸서",
        "SentimentWord": "4",
        "SentimentPolarity": "1"
      }
    ]
  },
  {
    "Index": "686114",
    "RawText": "올인원이라 번거롭지 않고 바르기 편해서 신랑이 좋아합니다. 재구매해서 쟁여 놓고 사용합니다. 샘플이 많아서 정말 좋네요.",
    "Source": "쇼핑몰",
    "Domain": "화장품",
    "MainCategory": "남성화장품",
    "ProductName": "OO 아** 맨 올인원 120ml 1개",
    "ReviewScore": "5",
    "Syllable": "67",
    "Word": "15",
    "RDate": "20210630",
    "GeneralPolarity": "1",
    "Aspects": [
      {
        "Aspect": "편의성/활용성",
        "SentimentText": "올인원이라 번거롭지 않고 바르기 편해서 ",
        "SentimentWord": "5",
        "SentimentPolarity": "1"
      },
      {
        "Aspect": "제품구성",
        "SentimentText": " 샘플이 많아서 정말 좋네요.",
        "SentimentWord": "4",
        "SentimentPolarity": "1"
      }
    ]
  },
  {
    "Index": "686125",
    "RawText": "사용해보니 품질이 너무 좋아요 샘플도 넉넉하게 넣어서 보내주셨어요. 여름에 사용하기 좋을 것 같아요.",
    "Source": "쇼핑몰",
    "Domain": "화장품",
    "MainCategory": "남성화장품",
    "ProductName": "OO 아** 맨 올인원 120ml 1개",
    "ReviewScore": "5",
    "Syllable": "56",
    "Word": "13",
    "RDate": "20210705",
    "GeneralPolarity": "1",
    "Aspects": [
      {
        "Aspect": "품질",
        "SentimentText": "사용해보니 품질이 너무 좋아요",
        "SentimentWord": "4",
        "SentimentPolarity": "1"
      },
      {
        "Aspect": "제품구성",
        "SentimentText": "샘플도 넉넉하게 넣어서 보내주셨어요. ",
        "SentimentWord": "4",
        "SentimentPolarity": "1"
      },
      {
        "Aspect": "기능/효과",
        "SentimentText": "여름에 사용하기 좋을 것 같아요.",
        "SentimentWord": "5",
        "SentimentPolarity": "1"
      }
    ]
  },
  {
    "Index": "686127",
    "RawText": "포장 간결하고 배송도 빠르게 도착했습니다. 제품 구성을 선택할 수 있어 좋았습니다. 올인원이라 사용하기 편해서 좋아요.",
    "Source": "쇼핑몰",
    "Domain": "화장품",
    "MainCategory": "남성화장품",
    "ProductName": "OO 아** 맨 올인원 120ml 1개",
    "ReviewScore": "5",
    "Syllable": "66",
    "Word": "15",
    "RDate": "20210707",
    "GeneralPolarity": "1",
    "Aspects": [
      {
        "Aspect": "제품구성",
        "SentimentText": "제품 구성을 선택할 수 있어 좋았습니다. ",
        "SentimentWord": "6",
        "SentimentPolarity": "1"
      },
      {
        "Aspect": "편의성/활용성",
        "SentimentText": "올인원이라 사용하기 편해서 좋아요.",
        "SentimentWord": "4",
        "SentimentPolarity": "1"
      }
    ]
  },
  {
    "Index": "686146",
    "RawText": "아버지 쓰실 화장품을 찾다가 이걸 구매했어요. 올인원이라 귀찮게 스킨로션 따로 바를 필요 없고 여성용 화장품 회사라 그런지 제품도 좀 덜 자극적인것 같습니다. 무엇보다 가격도 합리적이에요.",
    "Source": "쇼핑몰",
    "Domain": "화장품",
    "MainCategory": "남성화장품",
    "ProductName": "OO 아** 맨 올인원 120ml 1개",
    "ReviewScore": "5",
    "Syllable": "105",
    "Word": "25",
    "RDate": "20210711",
    "GeneralPolarity": "1",
    "Aspects": [
      {
        "Aspect": "편의성/활용성",
        "SentimentText": "올인원이라 귀찮게 스킨로션 따로 바를 필요 없고",
        "SentimentWord": "7",
        "SentimentPolarity": "1"
      },
      {
        "Aspect": "자극성",
        "SentimentText": "제품도 좀 덜 자극적인것 같습니다. ",
        "SentimentWord": "5",
        "SentimentPolarity": "1"
      },
      {
        "Aspect": "가격",
        "SentimentText": "가격도 합리적이에요. ",
        "SentimentWord": "2",
        "SentimentPolarity": "1"
      }
    ]
  },
  {
    "Index": "686155",
    "RawText": "빅세일 할인 덕분에 저렴하게 구매해 좋습니다. 비닐 없는 친환경적 포장도 맘에 들어요. 올인원이라 간편해서 좋습니다.",
    "Source": "쇼핑몰",
    "Domain": "화장품",
    "MainCategory": "남성화장품",
    "ProductName": "OO 아** 맨 올인원 120ml 1개",
    "ReviewScore": "4",
    "Syllable": "65",
    "Word": "15",
    "RDate": "20210712",
    "GeneralPolarity": "1",
    "Aspects": [
      {
        "Aspect": "가격",
        "SentimentText": "빅세일 할인 덕분에 저렴하게 구매해 좋습니다. ",
        "SentimentWord": "6",
        "SentimentPolarity": "1"
      },
      {
        "Aspect": "편의성/활용성",
        "SentimentText": "올인원이라 간편해서 좋습니다.",
        "SentimentWord": "3",
        "SentimentPolarity": "1"
      }
    ]
  },
  {
    "Index": "686176",
    "RawText": "올인원이라 간편하게 바를 수 있다고 좋아합니다. 계속 이 제품을 사용할 것 같습니다. 감사하게도 사은품도 많이 받았습니다. 다 쓰고 또 구매할께요.",
    "Source": "쇼핑몰",
    "Domain": "화장품",
    "MainCategory": "남성화장품",
    "ProductName": "OO 아** 맨 올인원 120ml 1개",
    "ReviewScore": "5",
    "Syllable": "82",
    "Word": "20",
    "RDate": "20210714",
    "GeneralPolarity": "1",
    "Aspects": [
      {
        "Aspect": "편의성/활용성",
        "SentimentText": "올인원이라 간편하게 바를 수 있다고 좋아합니다.",
        "SentimentWord": "6",
        "SentimentPolarity": "1"
      },
      {
        "Aspect": "제품구성",
        "SentimentText": "사은품도 많이 받았습니다. ",
        "SentimentWord": "3",
        "SentimentPolarity": "1"
      }
    ]
  },
  {
    "Index": "686180",
    "RawText": "신랑이 사용하기 편해서 좋다고 항상 사용하는 제품입니다. 이번엔 세일해서 저렴하게 구매했어요.",
    "Source": "쇼핑몰",
    "Domain": "화장품",
    "MainCategory": "남성화장품",
    "ProductName": "OO 아** 맨 올인원 120ml 1개",
    "ReviewScore": "5",
    "Syllable": "52",
    "Word": "11",
    "RDate": "20210715",
    "GeneralPolarity": "1",
    "Aspects": [
      {
        "Aspect": "편의성/활용성",
        "SentimentText": "사용하기 편해서 좋다고 ",
        "SentimentWord": "3",
        "SentimentPolarity": "1"
      },
      {
        "Aspect": "가격",
        "SentimentText": "세일해서 저렴하게 ",
        "SentimentWord": "2",
        "SentimentPolarity": "1"
      }
    ]
  },
  {
    "Index": "686207",
    "RawText": "남편 사줬더니 올인원이 편하다고 이것만 사 달라고 합니다. 샘플도 많고 저렴하게 잘 샀습니다.",
    "Source": "쇼핑몰",
    "Domain": "화장품",
    "MainCategory": "남성화장품",
    "ProductName": "OO 아** 맨 올인원 120ml 1개",
    "ReviewScore": "5",
    "Syllable": "52",
    "Word": "13",
    "RDate": "20210723",
    "GeneralPolarity": "1",
    "Aspects": [
      {
        "Aspect": "편의성/활용성",
        "SentimentText": "올인원이 편하다고",
        "SentimentWord": "2",
        "SentimentPolarity": "1"
      },
      {
        "Aspect": "제품구성",
        "SentimentText": "샘플도 많고",
        "SentimentWord": "2",
        "SentimentPolarity": "1"
      },
      {
        "Aspect": "가격",
        "SentimentText": "저렴하게 잘 샀습니다.",
        "SentimentWord": "3",
        "SentimentPolarity": "1"
      }
    ]
  },
  {
    "Index": "686210",
    "RawText": "여러 가지 바르는 걸 귀찮아하는 남편에게 딱인 제품입니다. 이런 올인원 제품은 간편해서 정말 좋습니다.",
    "Source": "쇼핑몰",
    "Domain": "화장품",
    "MainCategory": "남성화장품",
    "ProductName": "OO 아** 맨 올인원 120ml 1개",
    "ReviewScore": "5",
    "Syllable": "57",
    "Word": "14",
    "RDate": "20210723",
    "GeneralPolarity": "1",
    "Aspects": [
      {
        "Aspect": "편의성/활용성",
        "SentimentText": "여러 가지 바르는 걸 귀찮아하는 남편에게 딱인 제품입니다. ",
        "SentimentWord": "8",
        "SentimentPolarity": "1"
      },
      {
        "Aspect": "편의성/활용성",
        "SentimentText": "이런 올인원 제품은 간편해서 정말 좋습니다.",
        "SentimentWord": "6",
        "SentimentPolarity": "1"
      }
    ]
  },
  {
    "Index": "686222",
    "RawText": "피부에 흡수가 잘 안되는지 번들거려서 못 바를 것 같아요. 용량도 많지 않네요.",
    "Source": "쇼핑몰",
    "Domain": "화장품",
    "MainCategory": "남성화장품",
    "ProductName": "OO 아** 맨 올인원 120ml 1개",
    "ReviewScore": "5",
    "Syllable": "44",
    "Word": "12",
    "RDate": "20210803",
    "GeneralPolarity": "-1",
    "Aspects": [
      {
        "Aspect": "흡수력",
        "SentimentText": "피부에 흡수가 잘 안되는지 ",
        "SentimentWord": "4",
        "SentimentPolarity": "-1"
      },
      {
        "Aspect": "흡수력",
        "SentimentText": "번들거려서 못 바를 것 같아요.",
        "SentimentWord": "5",
        "SentimentPolarity": "-1"
      },
      {
        "Aspect": "용량",
        "SentimentText": "용량도 많지 않네요.",
        "SentimentWord": "3",
        "SentimentPolarity": "-1"
      }
    ]
  },
  {
    "Index": "686235",
    "RawText": "피부 트러블도 없고 끈적임도 없어서 좋습니다. 향이 진하지 않아서 더욱 좋네요.",
    "Source": "쇼핑몰",
    "Domain": "화장품",
    "MainCategory": "남성화장품",
    "ProductName": "OO 아** 맨 올인원 120ml 1개",
    "ReviewScore": "4",
    "Syllable": "44",
    "Word": "11",
    "RDate": "20210828",
    "GeneralPolarity": "1",
    "Aspects": [
      {
        "Aspect": "자극성",
        "SentimentText": "피부 트러블도 없고",
        "SentimentWord": "3",
        "SentimentPolarity": "1"
      },
      {
        "Aspect": "흡수력",
        "SentimentText": "끈적임도 없어서 좋습니다. ",
        "SentimentWord": "3",
        "SentimentPolarity": "1"
      },
      {
        "Aspect": "향",
        "SentimentText": "향이 진하지 않아서 더욱 좋네요.",
        "SentimentWord": "5",
        "SentimentPolarity": "1"
      }
    ]
  },
  {
    "Index": "686256",
    "RawText": "올인원이라서 편하게 사용해서 좋습니다. 사은품도 많이 와서 만족스럽습니다. 간단하게 사용해서 좋은데 단점은 지속력이 없습니다. 그래도 쿠폰 사용해서 저렴하게 할인 받아서 좋습니다.",
    "Source": "쇼핑몰",
    "Domain": "화장품",
    "MainCategory": "남성화장품",
    "ProductName": "OO 아** 맨 올인원 120ml 1개",
    "ReviewScore": "5",
    "Syllable": "100",
    "Word": "21",
    "RDate": "20210909",
    "GeneralPolarity": "1",
    "Aspects": [
      {
        "Aspect": "편의성/활용성",
        "SentimentText": "올인원이라서 편하게 사용해서 좋습니다.",
        "SentimentWord": "4",
        "SentimentPolarity": "1"
      },
      {
        "Aspect": "제품구성",
        "SentimentText": "사은품도 많이 와서",
        "SentimentWord": "3",
        "SentimentPolarity": "1"
      },
      {
        "Aspect": "편의성/활용성",
        "SentimentText": "간단하게 사용해서 좋은데",
        "SentimentWord": "3",
        "SentimentPolarity": "1"
      },
      {
        "Aspect": "지속력/유지력",
        "SentimentText": "지속력이 없습니다.",
        "SentimentWord": "2",
        "SentimentPolarity": "-1"
      },
      {
        "Aspect": "가격",
        "SentimentText": "쿠폰 사용해서 저렴하게 할인 받아서",
        "SentimentWord": "5",
        "SentimentPolarity": "1"
      }
    ]
  },
  {
    "Index": "686262",
    "RawText": "올인원이라 남편이 쓰기 편하다고 좋아하네요. 사은품도 많이 보내주셔서 좋았네요. 다 쓰면 또 구매하겠습니다. 감사해요.",
    "Source": "쇼핑몰",
    "Domain": "화장품",
    "MainCategory": "남성화장품",
    "ProductName": "OO 아** 맨 올인원 120ml 1개",
    "ReviewScore": "5",
    "Syllable": "66",
    "Word": "14",
    "RDate": "20210910",
    "GeneralPolarity": "1",
    "Aspects": [
      {
        "Aspect": "편의성/활용성",
        "SentimentText": "올인원이라 남편이 쓰기 편하다고 좋아하네요. ",
        "SentimentWord": "5",
        "SentimentPolarity": "1"
      },
      {
        "Aspect": "제품구성",
        "SentimentText": "사은품도 많이 보내주셔서 좋았네요.",
        "SentimentWord": "4",
        "SentimentPolarity": "1"
      }
    ]
  },
  {
    "Index": "686267",
    "RawText": "이 제품은 처음 써보는데 남편이 촉촉해서 좋다고 합니다. 사은품도 푸짐하게 주셔서 감사합니다. 배송도 빨라서 좋았어요.",
    "Source": "쇼핑몰",
    "Domain": "화장품",
    "MainCategory": "남성화장품",
    "ProductName": "OO 아** 맨 올인원 120ml 1개",
    "ReviewScore": "5",
    "Syllable": "66",
    "Word": "15",
    "RDate": "20210913",
    "GeneralPolarity": "1",
    "Aspects": [
      {
        "Aspect": "보습력/수분감/쿨링감",
        "SentimentText": "촉촉해서 좋다고 합니다.",
        "SentimentWord": "3",
        "SentimentPolarity": "1"
      },
      {
        "Aspect": "제품구성",
        "SentimentText": "사은품도 푸짐하게 주셔서 감사합니다.",
        "SentimentWord": "4",
        "SentimentPolarity": "1"
      }
    ]
  },
  {
    "Index": "686276",
    "RawText": "남편 쓰는 제품인데 편하고 무난하게 쓰기 좋다고 합니다. 샘플을 본품용량으로 줘서 좋아요. 여행갈 때 사용하기 좋을것 같습니다.",
    "Source": "쇼핑몰",
    "Domain": "화장품",
    "MainCategory": "남성화장품",
    "ProductName": "OO 아** 맨 올인원 120ml 1개",
    "ReviewScore": "4",
    "Syllable": "71",
    "Word": "17",
    "RDate": "20211029",
    "GeneralPolarity": "1",
    "Aspects": [
      {
        "Aspect": "편의성/활용성",
        "SentimentText": "남편 쓰는 제품인데 편하고 무난하게 쓰기 좋다고 합니다. ",
        "SentimentWord": "8",
        "SentimentPolarity": "1"
      },
      {
        "Aspect": "제품구성",
        "SentimentText": " 샘플을 본품용량으로 줘서 좋아요.",
        "SentimentWord": "4",
        "SentimentPolarity": "1"
      },
      {
        "Aspect": "편의성/활용성",
        "SentimentText": "여행갈 때 사용하기 좋을것 같습니다. ",
        "SentimentWord": "5",
        "SentimentPolarity": "1"
      }
    ]
  },
  {
    "Index": "686285",
    "RawText": "남편에게 선물했는데, 향이 순해서 좋다고 하네요. 샘픔도 많이 보내주셔서 좋았습니다.",
    "Source": "쇼핑몰",
    "Domain": "화장품",
    "MainCategory": "남성화장품",
    "ProductName": "OO 아** 맨 올인원 120ml 1개",
    "ReviewScore": "5",
    "Syllable": "47",
    "Word": "10",
    "RDate": "20211030",
    "GeneralPolarity": "1",
    "Aspects": [
      {
        "Aspect": "향",
        "SentimentText": "향이 순해서 좋다고 하네요.",
        "SentimentWord": "4",
        "SentimentPolarity": "1"
      },
      {
        "Aspect": "제품구성",
        "SentimentText": "샘픔도 많이 보내주셔서 좋았습니다.",
        "SentimentWord": "4",
        "SentimentPolarity": "1"
      }
    ]
  },
  {
    "Index": "686290",
    "RawText": "택배비 포함하면 일반 매장보다 저렴하지 않네요. 사은품도 완전 별로예요.",
    "Source": "쇼핑몰",
    "Domain": "화장품",
    "MainCategory": "남성화장품",
    "ProductName": "OO 아** 맨 올인원 120ml 1개",
    "ReviewScore": "5",
    "Syllable": "40",
    "Word": "9",
    "RDate": "20211103",
    "GeneralPolarity": "-1",
    "Aspects": [
      {
        "Aspect": "가격",
        "SentimentText": "저렴하지 않네요. ",
        "SentimentWord": "2",
        "SentimentPolarity": "-1"
      },
      {
        "Aspect": "제품구성",
        "SentimentText": "사은품도 완전 별로예요.",
        "SentimentWord": "3",
        "SentimentPolarity": "-1"
      }
    ]
  },
  {
    "Index": "686297",
    "RawText": "배송도 빠르게 잘 왔습니다. 쿠폰 적용해서 저렴하게 구매했어요. 사은품도 보내주셔서 좋았어요.",
    "Source": "쇼핑몰",
    "Domain": "화장품",
    "MainCategory": "남성화장품",
    "ProductName": "OO 아** 맨 올인원 120ml 1개",
    "ReviewScore": "5",
    "Syllable": "52",
    "Word": "11",
    "RDate": "20211103",
    "GeneralPolarity": "1",
    "Aspects": [
      {
        "Aspect": "가격",
        "SentimentText": "쿠폰 적용해서 저렴하게",
        "SentimentWord": "3",
        "SentimentPolarity": "1"
      },
      {
        "Aspect": "제품구성",
        "SentimentText": "사은품도 보내주셔서 좋았어요.",
        "SentimentWord": "3",
        "SentimentPolarity": "1"
      }
    ]
  },
  {
    "Index": "686304",
    "RawText": "저렴한 가격에 샘플도 두둑히 잘 받았어요. 별말 없는거보니 예민한 남편 피부랑 잘 맞는것 같아요. 샘플도 양이 많아서 꽤 오래 써요.",
    "Source": "쇼핑몰",
    "Domain": "화장품",
    "MainCategory": "남성화장품",
    "ProductName": "OO 아** 맨 올인원 120ml 1개",
    "ReviewScore": "5",
    "Syllable": "74",
    "Word": "20",
    "RDate": "20211104",
    "GeneralPolarity": "1",
    "Aspects": [
      {
        "Aspect": "가격",
        "SentimentText": "저렴한 가격에 ",
        "SentimentWord": "2",
        "SentimentPolarity": "1"
      },
      {
        "Aspect": "제품구성",
        "SentimentText": "샘플도 두둑히 잘 받았어요. ",
        "SentimentWord": "4",
        "SentimentPolarity": "1"
      },
      {
        "Aspect": "기능/효과",
        "SentimentText": "예민한 남편 피부랑 잘 맞는것 같아요.",
        "SentimentWord": "6",
        "SentimentPolarity": "1"
      },
      {
        "Aspect": "제품구성",
        "SentimentText": "샘플도 양이 많아서 꽤 오래 써요. ",
        "SentimentWord": "6",
        "SentimentPolarity": "1"
      }
    ]
  },
  {
    "Index": "686312",
    "RawText": "같은 회사의 톤업 화장품 사용 했었는데 다른 제품 사용해볼려고 구매 했습니다. 배송 빠르고 쿠폰 사용해서 저렴하게 구매 한 것 같습니다. 샘플도 잘 사용할께요.",
    "Source": "쇼핑몰",
    "Domain": "화장품",
    "MainCategory": "남성화장품",
    "ProductName": "OO 아** 맨 올인원 120ml 1개",
    "ReviewScore": "5",
    "Syllable": "89",
    "Word": "23",
    "RDate": "20211106",
    "GeneralPolarity": "1",
    "Aspects": [
      {
        "Aspect": "가격",
        "SentimentText": "쿠폰 사용해서 저렴하게 구매 한 것 같습니다.",
        "SentimentWord": "7",
        "SentimentPolarity": "1"
      },
      {
        "Aspect": "제품구성",
        "SentimentText": "샘플도 잘 사용할께요.",
        "SentimentWord": "3",
        "SentimentPolarity": "1"
      }
    ]
  },
  {
    "Index": "686365",
    "RawText": "화장품 여러가지 바르기 귀찮아 하는 성격이라 한 번에 바르니 간편하고 좋습니다. 효과는 평범한 것 같아요.",
    "Source": "쇼핑몰",
    "Domain": "화장품",
    "MainCategory": "남성화장품",
    "ProductName": "OO 아** 맨 올인원 120ml 1개",
    "ReviewScore": "5",
    "Syllable": "59",
    "Word": "15",
    "RDate": "20211123",
    "GeneralPolarity": "1",
    "Aspects": [
      {
        "Aspect": "편의성/활용성",
        "SentimentText": "한 번에 바르니 간편하고 좋습니다.",
        "SentimentWord": "5",
        "SentimentPolarity": "1"
      },
      {
        "Aspect": "기능/효과",
        "SentimentText": "효과는 평범한 것 같아요.",
        "SentimentWord": "4",
        "SentimentPolarity": "0"
      }
    ]
  },
  {
    "Index": "686368",
    "RawText": "편하고 무난하게 사용하고 있습니다. 샘플도 넉넉하게 챙겨주셨네요. 사용기한 2024년까지로 좀 짧아요.",
    "Source": "쇼핑몰",
    "Domain": "화장품",
    "MainCategory": "남성화장품",
    "ProductName": "OO 아** 맨 올인원 120ml 1개",
    "ReviewScore": "4",
    "Syllable": "57",
    "Word": "11",
    "RDate": "20211124",
    "GeneralPolarity": "1",
    "Aspects": [
      {
        "Aspect": "편의성/활용성",
        "SentimentText": "편하고 무난하게 사용하고 있습니다.",
        "SentimentWord": "4",
        "SentimentPolarity": "1"
      },
      {
        "Aspect": "제품구성",
        "SentimentText": "샘플도 넉넉하게 챙겨주셨네요.",
        "SentimentWord": "3",
        "SentimentPolarity": "1"
      },
      {
        "Aspect": "유통기한",
        "SentimentText": "사용기한 2024년까지로 좀 짧아요. ",
        "SentimentWord": "4",
        "SentimentPolarity": "-1"
      }
    ]
  },
  {
    "Index": "686388",
    "RawText": "로션 잘 안바르는 신랑 때문에 샀는데 한번만 바르면되니까 괜찮다고 하네요. 사은품도 많아서 좋습니다.",
    "Source": "쇼핑몰",
    "Domain": "화장품",
    "MainCategory": "남성화장품",
    "ProductName": "OO 아** 맨 올인원 120ml 1개",
    "ReviewScore": "5",
    "Syllable": "56",
    "Word": "13",
    "RDate": "20211201",
    "GeneralPolarity": "1",
    "Aspects": [
      {
        "Aspect": "편의성/활용성",
        "SentimentText": "한번만 바르면되니까 괜찮다고 하네요.",
        "SentimentWord": "4",
        "SentimentPolarity": "1"
      },
      {
        "Aspect": "제품구성",
        "SentimentText": "사은품도 많아서 좋습니다. ",
        "SentimentWord": "3",
        "SentimentPolarity": "1"
      }
    ]
  },
  {
    "Index": "686390",
    "RawText": "늘 쓰던 브랜드가 있는데 양이 적어서 구매했습니다. 기존 제품에 비해 양이 많아서 좋습니다. 사은품도 빵빵하게 주셔서 좋았습니다.",
    "Source": "쇼핑몰",
    "Domain": "화장품",
    "MainCategory": "남성화장품",
    "ProductName": "OO 아** 맨 올인원 120ml 1개",
    "ReviewScore": "5",
    "Syllable": "72",
    "Word": "17",
    "RDate": "20211202",
    "GeneralPolarity": "1",
    "Aspects": [
      {
        "Aspect": "용량",
        "SentimentText": "양이 많아서 좋습니다. ",
        "SentimentWord": "3",
        "SentimentPolarity": "1"
      },
      {
        "Aspect": "제품구성",
        "SentimentText": "사은품도 빵빵하게 주셔서 좋았습니다.",
        "SentimentWord": "4",
        "SentimentPolarity": "1"
      }
    ]
  },
  {
    "Index": "686407",
    "RawText": "저렴하게 구매할 수 있어 좋았습니다. 샘플을 많이 챙겨주셔서 만족했어요. 샘플 양도 넉넉해서 오래 사용할 수 있을 것 같아요. 향도 자극적이지 않아서 좋아요.",
    "Source": "쇼핑몰",
    "Domain": "화장품",
    "MainCategory": "남성화장품",
    "ProductName": "OO 아** 맨 올인원 120ml 1개",
    "ReviewScore": "1",
    "Syllable": "88",
    "Word": "22",
    "RDate": "20211210",
    "GeneralPolarity": "1",
    "Aspects": [
      {
        "Aspect": "가격",
        "SentimentText": "저렴하게 구매할 수 있어 좋았습니다. ",
        "SentimentWord": "5",
        "SentimentPolarity": "1"
      },
      {
        "Aspect": "제품구성",
        "SentimentText": "샘플을 많이 챙겨주셔서 만족했어요.",
        "SentimentWord": "4",
        "SentimentPolarity": "1"
      },
      {
        "Aspect": "용량",
        "SentimentText": "샘플 양도 넉넉해서 오래 사용할 수 있을 것 같아요.",
        "SentimentWord": "9",
        "SentimentPolarity": "1"
      },
      {
        "Aspect": "향",
        "SentimentText": "향도 자극적이지 않아서 좋아요.",
        "SentimentWord": "4",
        "SentimentPolarity": "1"
      }
    ]
  },
  {
    "Index": "686408",
    "RawText": "딴건 ㅇㅇ에서 사서쓰면서 로션은 편하다며 이걸로 부탁하더라구요. 사은품이 본품 용량만큼이라 좋아요.",
    "Source": "쇼핑몰",
    "Domain": "화장품",
    "MainCategory": "남성화장품",
    "ProductName": "OO 아** 맨 올인원 120ml 1개",
    "ReviewScore": "5",
    "Syllable": "55",
    "Word": "11",
    "RDate": "20211210",
    "GeneralPolarity": "1",
    "Aspects": [
      {
        "Aspect": "편의성/활용성",
        "SentimentText": "로션은 편하다며 이걸로 부탁하더라구요. ",
        "SentimentWord": "4",
        "SentimentPolarity": "1"
      },
      {
        "Aspect": "용량",
        "SentimentText": "사은품이 본품 용량만큼이라 좋아요. ",
        "SentimentWord": "4",
        "SentimentPolarity": "1"
      }
    ]
  },
  {
    "Index": "686440",
    "RawText": "사무실에 두고 쓰는데 하나로 쓸 수 있어서 사용하기 편하고 촉촉해서 좋은 듯하네요. 향은 은은하면 좋을 것 같아요.",
    "Source": "쇼핑몰",
    "Domain": "화장품",
    "MainCategory": "남성화장품",
    "ProductName": "OO 아** 맨 올인원 120ml 1개",
    "ReviewScore": "5",
    "Syllable": "64",
    "Word": "17",
    "RDate": "20211222",
    "GeneralPolarity": "1",
    "Aspects": [
      {
        "Aspect": "편의성/활용성",
        "SentimentText": "하나로 쓸 수 있어서 사용하기 편하고 ",
        "SentimentWord": "6",
        "SentimentPolarity": "1"
      },
      {
        "Aspect": "보습력/수분감/쿨링감",
        "SentimentText": "촉촉해서 좋은 듯하네요. ",
        "SentimentWord": "3",
        "SentimentPolarity": "1"
      },
      {
        "Aspect": "향",
        "SentimentText": "향은 은은하면 좋을 것 같아요.",
        "SentimentWord": "5",
        "SentimentPolarity": "-1"
      }
    ]
  },
  {
    "Index": "686441",
    "RawText": "구성품이 마음에 들어요. 사은품도 많이 주시고 감사합니다. 남편 써보고 좋다 하면 또 구매하겠습니다.",
    "Source": "쇼핑몰",
    "Domain": "화장품",
    "MainCategory": "남성화장품",
    "ProductName": "OO 아** 맨 올인원 120ml 1개",
    "ReviewScore": "5",
    "Syllable": "56",
    "Word": "13",
    "RDate": "20211222",
    "GeneralPolarity": "1",
    "Aspects": [
      {
        "Aspect": "제품구성",
        "SentimentText": "구성품이 마음에 들어요.",
        "SentimentWord": "3",
        "SentimentPolarity": "1"
      },
      {
        "Aspect": "제품구성",
        "SentimentText": "사은품도 많이 주시고 감사합니다.",
        "SentimentWord": "4",
        "SentimentPolarity": "1"
      }
    ]
  },
  {
    "Index": "686459",
    "RawText": "원래 쓰던 제품인데 오랜만에 재구매 했어요. 올인원 제품이라 편하게 사용할 수 있어 좋은데 샘플이 1회용 달랑 하나라 아쉬워요.",
    "Source": "쇼핑몰",
    "Domain": "화장품",
    "MainCategory": "남성화장품",
    "ProductName": "OO 아** 맨 올인원 120ml 1개",
    "ReviewScore": "5",
    "Syllable": "71",
    "Word": "18",
    "RDate": "20211230",
    "GeneralPolarity": "0",
    "Aspects": [
      {
        "Aspect": "편의성/활용성",
        "SentimentText": "올인원 제품이라 편하게 사용할 수 있어 좋은데 ",
        "SentimentWord": "7",
        "SentimentPolarity": "1"
      },
      {
        "Aspect": "제품구성",
        "SentimentText": "샘플이 1회용 달랑 하나라 아쉬워요.",
        "SentimentWord": "5",
        "SentimentPolarity": "-1"
      }
    ]
  },
  {
    "Index": "686460",
    "RawText": "싸구려만 쓰다가 ㅇㅇㅇ 첨 써봤는데 신세계입니다. 작은 양으로 촉촉해집니다. 사은품도 좋고. 추천합니다.",
    "Source": "쇼핑몰",
    "Domain": "화장품",
    "MainCategory": "남성화장품",
    "ProductName": "OO 아** 맨 올인원 120ml 1개",
    "ReviewScore": "5",
    "Syllable": "58",
    "Word": "12",
    "RDate": "20211230",
    "GeneralPolarity": "1",
    "Aspects": [
      {
        "Aspect": "보습력/수분감/쿨링감",
        "SentimentText": "작은 양으로 촉촉해집니다. ",
        "SentimentWord": "3",
        "SentimentPolarity": "1"
      },
      {
        "Aspect": "제품구성",
        "SentimentText": "사은품도 좋고.",
        "SentimentWord": "2",
        "SentimentPolarity": "1"
      }
    ]
  },
  {
    "Index": "686461",
    "RawText": "OOO 올인원 구매했는데 사은품으로 샘플이 있어 좋았어요. 사용후 피부가 끈적이고 뜨는 느낌이 드네요.",
    "Source": "쇼핑몰",
    "Domain": "화장품",
    "MainCategory": "남성화장품",
    "ProductName": "OO 아** 맨 올인원 120ml 1개",
    "ReviewScore": "5",
    "Syllable": "57",
    "Word": "13",
    "RDate": "20211230",
    "GeneralPolarity": "-1",
    "Aspects": [
      {
        "Aspect": "제품구성",
        "SentimentText": "사은품으로 샘플이 있어 좋았어요. ",
        "SentimentWord": "4",
        "SentimentPolarity": "1"
      },
      {
        "Aspect": "흡수력",
        "SentimentText": "피부가 끈적이고 ",
        "SentimentWord": "2",
        "SentimentPolarity": "-1"
      },
      {
        "Aspect": "흡수력",
        "SentimentText": "뜨는 느낌이 드네요.",
        "SentimentWord": "3",
        "SentimentPolarity": "-1"
      }
    ]
  },
  {
    "Index": "686483",
    "RawText": "남편이 한번 써봤는데 발림성이 괜찮다고 해서 재구매했어요. 지난번보다 사은품이 많아서 좋습니다.",
    "Source": "쇼핑몰",
    "Domain": "화장품",
    "MainCategory": "남성화장품",
    "ProductName": "OO 아** 맨 올인원 120ml 1개",
    "ReviewScore": "5",
    "Syllable": "53",
    "Word": "11",
    "RDate": "20220108",
    "GeneralPolarity": "1",
    "Aspects": [
      {
        "Aspect": "발림성",
        "SentimentText": "발림성이 괜찮다고 해서 재구매했어요. ",
        "SentimentWord": "4",
        "SentimentPolarity": "1"
      },
      {
        "Aspect": "제품구성",
        "SentimentText": "지난번보다 사은품이 많아서 좋습니다.",
        "SentimentWord": "4",
        "SentimentPolarity": "1"
      }
    ]
  },
  {
    "Index": "686486",
    "RawText": "두번째 구매인데요. 향기도 괜찮고 발림성도 좋다고 하네요.",
    "Source": "쇼핑몰",
    "Domain": "화장품",
    "MainCategory": "남성화장품",
    "ProductName": "OO 아** 맨 올인원 120ml 1개",
    "ReviewScore": "4",
    "Syllable": "32",
    "Word": "7",
    "RDate": "20220110",
    "GeneralPolarity": "1",
    "Aspects": [
      {
        "Aspect": "향",
        "SentimentText": "향기도 괜찮고",
        "SentimentWord": "2",
        "SentimentPolarity": "1"
      },
      {
        "Aspect": "발림성",
        "SentimentText": "발림성도 좋다고 하네요. ",
        "SentimentWord": "3",
        "SentimentPolarity": "1"
      }
    ]
  },
  {
    "Index": "686488",
    "RawText": "남편이 필요하다고 해서 주문했는데 아들이 사용해보더니 보습이 좋다고 합니다. 올인원이라 사용하기 편합니다.",
    "Source": "쇼핑몰",
    "Domain": "화장품",
    "MainCategory": "남성화장품",
    "ProductName": "OO 아** 맨 올인원 120ml 1개",
    "ReviewScore": "5",
    "Syllable": "59",
    "Word": "12",
    "RDate": "20220111",
    "GeneralPolarity": "1",
    "Aspects": [
      {
        "Aspect": "보습력/수분감/쿨링감",
        "SentimentText": "보습이 좋다고 합니다.",
        "SentimentWord": "3",
        "SentimentPolarity": "1"
      },
      {
        "Aspect": "편의성/활용성",
        "SentimentText": "올인원이라 사용하기 편합니다.",
        "SentimentWord": "3",
        "SentimentPolarity": "1"
      }
    ]
  },
  {
    "Index": "686492",
    "RawText": "빠르고 간편하게 사용하기 좋아요. 바름과 동시에 번들거림 없이 흡수도 빨라서 너무 좋습니다.",
    "Source": "쇼핑몰",
    "Domain": "화장품",
    "MainCategory": "남성화장품",
    "ProductName": "OO 아** 맨 올인원 120ml 1개",
    "ReviewScore": "5",
    "Syllable": "51",
    "Word": "12",
    "RDate": "20220112",
    "GeneralPolarity": "1",
    "Aspects": [
      {
        "Aspect": "편의성/활용성",
        "SentimentText": "빠르고 간편하게 사용하기 좋아요. ",
        "SentimentWord": "4",
        "SentimentPolarity": "1"
      },
      {
        "Aspect": "흡수력",
        "SentimentText": " 번들거림 없이 ",
        "SentimentWord": "2",
        "SentimentPolarity": "1"
      },
      {
        "Aspect": "흡수력",
        "SentimentText": "흡수도 빨라서 너무 좋습니다.",
        "SentimentWord": "4",
        "SentimentPolarity": "1"
      }
    ]
  },
  {
    "Index": "686504",
    "RawText": "아침에 일어나서 세수할 때 피부가 부드러워요. 꾸준히 바르니 피부가 좋아진 느낌이 듭니다. 추천합니다.",
    "Source": "쇼핑몰",
    "Domain": "화장품",
    "MainCategory": "남성화장품",
    "ProductName": "OO 아** 맨 올인원 120ml 1개",
    "ReviewScore": "5",
    "Syllable": "57",
    "Word": "13",
    "RDate": "20220117",
    "GeneralPolarity": "1",
    "Aspects": [
      {
        "Aspect": "윤기/피부(톤)",
        "SentimentText": "피부가 부드러워요.",
        "SentimentWord": "2",
        "SentimentPolarity": "1"
      },
      {
        "Aspect": "윤기/피부(톤)",
        "SentimentText": "피부가 좋아진 느낌이 듭니다. ",
        "SentimentWord": "4",
        "SentimentPolarity": "1"
      }
    ]
  },
  {
    "Index": "686506",
    "RawText": "촉촉하고 좋습니다. 하나만 써도 충분해서 편하다고 합니다. 향이 살짝 있는데 과하지 않아서 괜찮네요.",
    "Source": "쇼핑몰",
    "Domain": "화장품",
    "MainCategory": "남성화장품",
    "ProductName": "OO 아** 맨 올인원 120ml 1개",
    "ReviewScore": "5",
    "Syllable": "56",
    "Word": "13",
    "RDate": "20220117",
    "GeneralPolarity": "1",
    "Aspects": [
      {
        "Aspect": "보습력/수분감/쿨링감",
        "SentimentText": "촉촉하고 좋습니다. ",
        "SentimentWord": "2",
        "SentimentPolarity": "1"
      },
      {
        "Aspect": "편의성/활용성",
        "SentimentText": "하나만 써도 충분해서 편하다고 합니다.",
        "SentimentWord": "5",
        "SentimentPolarity": "1"
      },
      {
        "Aspect": "향",
        "SentimentText": "향이 살짝 있는데 과하지 않아서 괜찮네요. ",
        "SentimentWord": "6",
        "SentimentPolarity": "1"
      }
    ]
  },
  {
    "Index": "686523",
    "RawText": "향에 예민한 편인데 순한거 같아서 맘에 듭니다. 샘플도 꽤 많아서 더 맘에 들었어요. 많이 파시길 바랍니다.",
    "Source": "쇼핑몰",
    "Domain": "화장품",
    "MainCategory": "남성화장품",
    "ProductName": "OO 아** 맨 올인원 120ml 1개",
    "ReviewScore": "5",
    "Syllable": "60",
    "Word": "16",
    "RDate": "20220119",
    "GeneralPolarity": "1",
    "Aspects": [
      {
        "Aspect": "향",
        "SentimentText": "향에 예민한 편인데 순한거 같아서 맘에 듭니다.",
        "SentimentWord": "7",
        "SentimentPolarity": "1"
      },
      {
        "Aspect": "제품구성",
        "SentimentText": "샘플도 꽤 많아서 더 맘에 들었어요.",
        "SentimentWord": "6",
        "SentimentPolarity": "1"
      }
    ]
  },
  {
    "Index": "686532",
    "RawText": "선물용으로 이 제품을 구매했어요. 쿠폰을 사용해 저렴하게 구입해서 만족합니다. 증정품 구성도 좋아서 추가로 하나 더 구매하려고 합니다. 올인원이라 사용하기 편하다고 합니다.",
    "Source": "쇼핑몰",
    "Domain": "화장품",
    "MainCategory": "남성화장품",
    "ProductName": "OO 아** 맨 올인원 120ml 1개",
    "ReviewScore": "5",
    "Syllable": "96",
    "Word": "21",
    "RDate": "20220120",
    "GeneralPolarity": "1",
    "Aspects": [
      {
        "Aspect": "가격",
        "SentimentText": "쿠폰을 사용해 저렴하게 구입해서",
        "SentimentWord": "4",
        "SentimentPolarity": "1"
      },
      {
        "Aspect": "제품구성",
        "SentimentText": "증정품 구성도 좋아서",
        "SentimentWord": "3",
        "SentimentPolarity": "1"
      },
      {
        "Aspect": "편의성/활용성",
        "SentimentText": "올인원이라 사용하기 편하다고 합니다.",
        "SentimentWord": "4",
        "SentimentPolarity": "1"
      }
    ]
  },
  {
    "Index": "686539",
    "RawText": "올인원 화장품이라 편하고 좋을 거 같아서 구매했는데 샘플이 하나도 안 와서 아쉽고 양도 적어서 오래 사용하지는 못할 것 같습니다.",
    "Source": "쇼핑몰",
    "Domain": "화장품",
    "MainCategory": "남성화장품",
    "ProductName": "OO 아** 맨 올인원 120ml 1개",
    "ReviewScore": "5",
    "Syllable": "72",
    "Word": "19",
    "RDate": "20220122",
    "GeneralPolarity": "-1",
    "Aspects": [
      {
        "Aspect": "제품구성",
        "SentimentText": "샘플이 하나도 안 와서 아쉽고",
        "SentimentWord": "5",
        "SentimentPolarity": "-1"
      },
      {
        "Aspect": "용량",
        "SentimentText": "양도 적어서",
        "SentimentWord": "2",
        "SentimentPolarity": "-1"
      }
    ]
  },
  {
    "Index": "686585",
    "RawText": "배송은 느리지만 사은품을 많이 챙겨주셔서 자주 이용하고 있습니다. 가성비 따지신다면 이 제품을 추천합니다.",
    "Source": "쇼핑몰",
    "Domain": "화장품",
    "MainCategory": "남성화장품",
    "ProductName": "OO 아** 맨 올인원 120ml 1개",
    "ReviewScore": "5",
    "Syllable": "59",
    "Word": "13",
    "RDate": "20220127",
    "GeneralPolarity": "1",
    "Aspects": [
      {
        "Aspect": "제품구성",
        "SentimentText": "사은품을 많이 챙겨주셔서 자주 이용하고 있습니다.",
        "SentimentWord": "6",
        "SentimentPolarity": "1"
      },
      {
        "Aspect": "가격",
        "SentimentText": "가성비 따지신다면 이 제품을 추천합니다.",
        "SentimentWord": "5",
        "SentimentPolarity": "1"
      }
    ]
  },
  {
    "Index": "686587",
    "RawText": "상품 리뷰 보고 올인원 제품이라 괜찮을 것 같아 구매해 봤네요. 하나만 쓰니 편하긴 한데 피부가 너무 하얗게 보이네요. 다른 제품으로 다시 구매해야 하나봐요.",
    "Source": "쇼핑몰",
    "Domain": "화장품",
    "MainCategory": "남성화장품",
    "ProductName": "OO 아** 맨 올인원 120ml 1개",
    "ReviewScore": "5",
    "Syllable": "88",
    "Word": "23",
    "RDate": "20220128",
    "GeneralPolarity": "0",
    "Aspects": [
      {
        "Aspect": "편의성/활용성",
        "SentimentText": "하나만 쓰니 편하긴 한데",
        "SentimentWord": "4",
        "SentimentPolarity": "1"
      },
      {
        "Aspect": "흡수력",
        "SentimentText": "너무 하얗게 보이네요. ",
        "SentimentWord": "3",
        "SentimentPolarity": "-1"
      }
    ]
  },
  {
    "Index": "686593",
    "RawText": "할인 쿠폰 이용해서 저렴하게 구매했는데 사은품 구성도 좋아서 만족해요. 추천합니다.",
    "Source": "쇼핑몰",
    "Domain": "화장품",
    "MainCategory": "남성화장품",
    "ProductName": "OO 아** 맨 올인원 120ml 1개",
    "ReviewScore": "5",
    "Syllable": "46",
    "Word": "10",
    "RDate": "20220128",
    "GeneralPolarity": "1",
    "Aspects": [
      {
        "Aspect": "가격",
        "SentimentText": "할인 쿠폰 이용해서 저렴하게 구매했는데",
        "SentimentWord": "5",
        "SentimentPolarity": "1"
      },
      {
        "Aspect": "제품구성",
        "SentimentText": "사은품 구성도 좋아서 만족해요.",
        "SentimentWord": "4",
        "SentimentPolarity": "1"
      }
    ]
  },
  {
    "Index": "686609",
    "RawText": "똑같은 제품 샘플로 여러 개 주셔서 좋습니다. 스킨로션 샘플도 남녀 공용이라 맘에 들어요. 이번에 할인쿠폰 써서 여러 개 샀더니 샘플의 양이 어마어마하네요.",
    "Source": "쇼핑몰",
    "Domain": "화장품",
    "MainCategory": "남성화장품",
    "ProductName": "OO 아** 맨 올인원 120ml 1개",
    "ReviewScore": "5",
    "Syllable": "87",
    "Word": "22",
    "RDate": "20220131",
    "GeneralPolarity": "1",
    "Aspects": [
      {
        "Aspect": "제품구성",
        "SentimentText": "똑같은 제품 샘플로 여러 개 주셔서 좋습니다. ",
        "SentimentWord": "7",
        "SentimentPolarity": "1"
      },
      {
        "Aspect": "제품구성",
        "SentimentText": "스킨로션 샘플도 남녀 공용이라 맘에 들어요. ",
        "SentimentWord": "6",
        "SentimentPolarity": "1"
      },
      {
        "Aspect": "제품구성",
        "SentimentText": "할인쿠폰 써서 여러 개 샀더니 샘플의 양이 어마어마하네요.",
        "SentimentWord": "8",
        "SentimentPolarity": "1"
      }
    ]
  },
  {
    "Index": "686629",
    "RawText": "사은품이 정말 많아요. ㅇㅇㅇ 맨은 항상 꾸준히 사용하고 있지만, 향이 너무 좋은 거 같습니다.",
    "Source": "쇼핑몰",
    "Domain": "화장품",
    "MainCategory": "남성화장품",
    "ProductName": "OO 아** 맨 올인원 120ml 1개",
    "ReviewScore": "5",
    "Syllable": "53",
    "Word": "14",
    "RDate": "20220205",
    "GeneralPolarity": "1",
    "Aspects": [
      {
        "Aspect": "제품구성",
        "SentimentText": "사은품이 정말 많아요",
        "SentimentWord": "3",
        "SentimentPolarity": "1"
      },
      {
        "Aspect": "향",
        "SentimentText": "향이 너무 좋은 거 같습니다. ",
        "SentimentWord": "5",
        "SentimentPolarity": "1"
      }
    ]
  },
  {
    "Index": "686633",
    "RawText": "피부 트러블 없고 향은 강하지 않고 괜찮네요. 사은품은 많아서 좋지만 가격이 저렴하지는 않아요. 그래도 만족합니다.",
    "Source": "쇼핑몰",
    "Domain": "화장품",
    "MainCategory": "남성화장품",
    "ProductName": "OO 아** 맨 올인원 120ml 1개",
    "ReviewScore": "3",
    "Syllable": "64",
    "Word": "15",
    "RDate": "20220206",
    "GeneralPolarity": "1",
    "Aspects": [
      {
        "Aspect": "자극성",
        "SentimentText": "피부 트러블 없고",
        "SentimentWord": "3",
        "SentimentPolarity": "1"
      },
      {
        "Aspect": "향",
        "SentimentText": "향은 강하지 않고 괜찮네요.",
        "SentimentWord": "4",
        "SentimentPolarity": "1"
      },
      {
        "Aspect": "제품구성",
        "SentimentText": "사은품은 많아서 좋지만",
        "SentimentWord": "3",
        "SentimentPolarity": "1"
      },
      {
        "Aspect": "가격",
        "SentimentText": "가격이 저렴하지는 않아요.",
        "SentimentWord": "3",
        "SentimentPolarity": "-1"
      }
    ]
  },
  {
    "Index": "686643",
    "RawText": "남편이 잘 사용하고 있어요. 할인할때마다 쟁여놓고 있어요. 할인 없으면 비싸서요. 사은품으로 본품 용량이 와서 더욱 좋아요. 잘 쓰겠습니다.",
    "Source": "쇼핑몰",
    "Domain": "화장품",
    "MainCategory": "남성화장품",
    "ProductName": "OO 아** 맨 올인원 120ml 1개",
    "ReviewScore": "4",
    "Syllable": "78",
    "Word": "18",
    "RDate": "20220208",
    "GeneralPolarity": "1",
    "Aspects": [
      {
        "Aspect": "가격",
        "SentimentText": "할인 없으면 비싸서요. ",
        "SentimentWord": "3",
        "SentimentPolarity": "-1"
      },
      {
        "Aspect": "제품구성",
        "SentimentText": "사은품으로 본품 용량이 와서 더욱 좋아요. ",
        "SentimentWord": "6",
        "SentimentPolarity": "1"
      }
    ]
  },
  {
    "Index": "686659",
    "RawText": "평이 좋아서 구입했는데 좋아요. 샘플 사용해보니 촉촉하고 흡수도 빠르네요. 쿠폰 적용해서 저렴하게 구입했습니다.",
    "Source": "쇼핑몰",
    "Domain": "화장품",
    "MainCategory": "남성화장품",
    "ProductName": "OO 아** 맨 올인원 120ml 1개",
    "ReviewScore": "4",
    "Syllable": "62",
    "Word": "13",
    "RDate": "20220212",
    "GeneralPolarity": "1",
    "Aspects": [
      {
        "Aspect": "보습력/수분감/쿨링감",
        "SentimentText": "샘플 사용해보니 촉촉하고",
        "SentimentWord": "3",
        "SentimentPolarity": "1"
      },
      {
        "Aspect": "흡수력",
        "SentimentText": "흡수도 빠르네요.",
        "SentimentWord": "2",
        "SentimentPolarity": "1"
      },
      {
        "Aspect": "가격",
        "SentimentText": "쿠폰 적용해서 저렴하게 구입했습니다.",
        "SentimentWord": "4",
        "SentimentPolarity": "1"
      }
    ]
  },
  {
    "Index": "686664",
    "RawText": "배송 빠릅니다. 건조한 피부에 사용하기에는 촉촉함이 부족한 것 같아요. 건성이신 분은 잘 안 맞을 듯합니다.",
    "Source": "쇼핑몰",
    "Domain": "화장품",
    "MainCategory": "남성화장품",
    "ProductName": "OO 아** 맨 올인원 120ml 1개",
    "ReviewScore": "5",
    "Syllable": "60",
    "Word": "15",
    "RDate": "20220215",
    "GeneralPolarity": "-1",
    "Aspects": [
      {
        "Aspect": "기능/효과",
        "SentimentText": "건조한 피부에 사용하기에는 촉촉함이 부족한 것 같아요.",
        "SentimentWord": "7",
        "SentimentPolarity": "-1"
      },
      {
        "Aspect": "보습력/수분감/쿨링감",
        "SentimentText": "촉촉함이 부족한 것 같아요.",
        "SentimentWord": "4",
        "SentimentPolarity": "-1"
      },
      {
        "Aspect": "피부타입",
        "SentimentText": "건성이신 분은 잘 안 맞을 듯합니다.",
        "SentimentWord": "6",
        "SentimentPolarity": "-1"
      }
    ]
  },
  {
    "Index": "686758",
    "RawText": "잘 발리고 향도 괜찮아요. 그런데 바르고 땀이 나면 묻어나서 여름엔 못 쓸 거 같아요. 재구매는 안 할 거 같아요.",
    "Source": "쇼핑몰",
    "Domain": "화장품",
    "MainCategory": "남성화장품",
    "ProductName": "OO 아** 맨 올인원 120ml 1개",
    "ReviewScore": "4",
    "Syllable": "64",
    "Word": "19",
    "RDate": "20220731",
    "GeneralPolarity": "-1",
    "Aspects": [
      {
        "Aspect": "발림성",
        "SentimentText": "잘 발리고",
        "SentimentWord": "2",
        "SentimentPolarity": "1"
      },
      {
        "Aspect": "향",
        "SentimentText": "향도 괜찮아요. ",
        "SentimentWord": "2",
        "SentimentPolarity": "1"
      },
      {
        "Aspect": "밀착력/접착력",
        "SentimentText": "땀이 나면 묻어나서",
        "SentimentWord": "3",
        "SentimentPolarity": "-1"
      },
      {
        "Aspect": "기능/효과",
        "SentimentText": "여름엔 못 쓸 거 같아요.",
        "SentimentWord": "5",
        "SentimentPolarity": "-1"
      }
    ]
  },
  {
    "Index": "686759",
    "RawText": "처음으로 구매했습니다. 발라보니 톤업 기능 때문인지 하얗게 보입니다. 이런 제품을 사용하지 않아 사용감이 어색하네요.",
    "Source": "쇼핑몰",
    "Domain": "화장품",
    "MainCategory": "남성화장품",
    "ProductName": "OO 아** 맨 올인원 120ml 1개",
    "ReviewScore": "5",
    "Syllable": "65",
    "Word": "14",
    "RDate": "20220730",
    "GeneralPolarity": "-1",
    "Aspects": [
      {
        "Aspect": "흡수력",
        "SentimentText": "톤업 기능 때문인지 하얗게 보입니다. ",
        "SentimentWord": "5",
        "SentimentPolarity": "-1"
      },
      {
        "Aspect": "사용감",
        "SentimentText": "사용감이 어색하네요. ",
        "SentimentWord": "2",
        "SentimentPolarity": "-1"
      }
    ]
  }
]