[
  {
    "Index": "1033570",
    "RawText": "더위가 기승을 부리는 가운데 무엇을 먹어도 입맛이 떨어지기 마련인데요. 새콤달콤한 냉면이나 열무 비빔국수를 먹으며 입맛을 돋우는 것은 어떨까요?  연말정산 환급이 엄청 나와서 기분으로 남편선물로 사줬더니 너무 맘에 든다고 좋아합니다 백화점에서 보고 ㅇㅇ에서 조금 더 저렴하게 구매했어요 디자인이 깔끔하니 젊어보인다고 좋데요 내부에 수납력도 좋은 편인 것 같아요 사이즈도 포켓에 들어가기 딱 좋아서 마음에 든다고 하네요 기분 좋다니 선물하길 잘 한 것 같습니다  제 글을 모두 읽어 주셔서 너무 감사합니다 잠시만 시간내시어  댓글 또는 좋아요를 눌러주시면 저에겐 큰 힘이 될 것 같아요 감사해요",
    "Source": "SNS",
    "Domain": "패션",
    "MainCategory": "잡화",
    "ProductName": "OO 베** 지갑",
    "Syllable": "331",
    "Word": "81",
    "GeneralPolarity": "1",
    "Aspects": [
      {
        "Aspect": "가격",
        "SentimentText": "ㅇㅇ에서 조금 더 저렴하게 구매했어요",
        "SentimentWord": "5",
        "SentimentPolarity": "1"
      },
      {
        "Aspect": "디자인",
        "SentimentText": "디자인이 깔끔하니 젊어보인다고 좋데요",
        "SentimentWord": "4",
        "SentimentPolarity": "1"
      },
      {
        "Aspect": "수납",
        "SentimentText": " 내부에 수납력도 좋은 편인 것 같아요",
        "SentimentWord": "6",
        "SentimentPolarity": "1"
      },
      {
        "Aspect": "사이즈/폭/길이/두께",
        "SentimentText": "사이즈도 포켓에 들어가기 딱 좋아서 마음에 든다고 하네요 ",
        "SentimentWord": "8",
        "SentimentPolarity": "1"
      }
    ]
  },
  {
    "Index": "1033571",
    "RawText": "더위로 인하여 아무 생각도 들지 않고 멍하니 시간을 보내기 좋은 계절입니다. 우리 이웃님들 건강하게 보내시길 바래요  4월 5일 주문했는데 주말 지나고 바로 빠른 배송으로 받았습니다 배송 맘에 듭니다 사이즈가 제가 원하는 사이즈라 딱 좋습니다 디자인도 깔끔하면서 로고가 포인트가 되어 고급스럽네요 무게도 가벼워서 휴대하기 너무 편하구요 가죽도 스크래치가 잘 나지 않는 재질이라 부담없이 들고 다니기 좋습니다 카드할인으로 저렴하게 구입했어요  오늘의 제 포스팅이 마음에 들었나요? 그랬다면 너무 좋을 것 같아요 부담없이 좋아요 클릭 많이 눌려주시면 제가 행복 할 것 같네요",
    "Source": "SNS",
    "Domain": "패션",
    "MainCategory": "잡화",
    "ProductName": "OO 미니지갑",
    "Syllable": "319",
    "Word": "78",
    "GeneralPolarity": "1",
    "Aspects": [
      {
        "Aspect": "사이즈/폭/길이/두께",
        "SentimentText": "사이즈가 제가 원하는 사이즈라 딱 좋습니다",
        "SentimentWord": "6",
        "SentimentPolarity": "1"
      },
      {
        "Aspect": "디자인",
        "SentimentText": "디자인도 깔끔하면서 로고가 포인트가 되어 고급스럽네요",
        "SentimentWord": "6",
        "SentimentPolarity": "1"
      },
      {
        "Aspect": "무게",
        "SentimentText": "무게도 가벼워서 휴대하기 너무 편하구요",
        "SentimentWord": "5",
        "SentimentPolarity": "1"
      },
      {
        "Aspect": "소재",
        "SentimentText": "가죽도 스크래치가 잘 나지 않는 재질이라 부담없이 들고 다니기 좋습니다 ",
        "SentimentWord": "10",
        "SentimentPolarity": "1"
      },
      {
        "Aspect": "가격",
        "SentimentText": " 카드할인으로 저렴하게 구입했어요",
        "SentimentWord": "3",
        "SentimentPolarity": "1"
      }
    ]
  },
  {
    "Index": "1033573",
    "RawText": "우리의 눈과 귀를 멀게 하는 더위가 잠시 그늘에 쉬었다 가라고 부추기는 것 같습니다. 이웃님들 환영합니다  미니지갑이 필요해서 이것 저것 고민하다가 가성비로 좋을 듯 해서 이걸로 주문했습니다 받아보니 디자인이 너무 깔끔하고 예뻐서 맘에 쏙 드네요 배송도 하루만에 와서 깜짝 놀랬어요 블랙색상도 사용하기에 무난해서 좋습니다 수납공간도 엄청 잘 되어 있네요 동전 넣는 곳도 있고 지폐랑 카드도 다 들어갑니다 아주 만족스럽네요  정성껏 준비한 오늘의 제 블로그 내용이 어떤 것 같아요? 어떤말씀이라도 댓글로 말해주시면 제가 힘이 될것 같습니다 감사해요  ",
    "Source": "SNS",
    "Domain": "패션",
    "MainCategory": "잡화",
    "ProductName": "OO 미니지갑",
    "Syllable": "307",
    "Word": "75",
    "GeneralPolarity": "1",
    "Aspects": [
      {
        "Aspect": "디자인",
        "SentimentText": "디자인이 너무 깔끔하고 예뻐서 맘에 쏙 드네요",
        "SentimentWord": "7",
        "SentimentPolarity": "1"
      },
      {
        "Aspect": "색상",
        "SentimentText": "블랙색상도 사용하기에 무난해서 좋습니다",
        "SentimentWord": "4",
        "SentimentPolarity": "1"
      },
      {
        "Aspect": "수납",
        "SentimentText": " 수납공간도 엄청 잘 되어 있네요",
        "SentimentWord": "5",
        "SentimentPolarity": "1"
      },
      {
        "Aspect": "수납",
        "SentimentText": " 동전 넣는 곳도 있고 지폐랑 카드도 다 들어갑니다 ",
        "SentimentWord": "8",
        "SentimentPolarity": "1"
      }
    ]
  },
  {
    "Index": "1033574",
    "RawText": "하루에 몇 번을 샤워하여도 모자란 날입니다. 외출시에는 양산을 휴대하거나 자외선 차단제를 듬뿍 바르고 나가는 것이 좋겠습니다.  갖고 있는 지갑이 장지갑 하나에 반지갑 하나가 있어서 중지갑이 딱 있으면 좋겠더라고요 ㅇㅇㅇ 중지갑 너무 좋습니다 사이즈도 딱 원하는 사이즈라 좋네요 디자인도 깔끔하고 심플해서 제가 좋아하는 스타일입니다 중지갑만 있는게 아니고 카드지갑까지 구성되어 있어서 너무 만족스럽습니다 수납공간도 많아서 좋고 아주 실용적입니다  제 글을 모두 읽어 주셔서 너무 감사합니다 잠시만 시간내시어  댓글 또는 좋아요를 눌러주시면 저에겐 큰 힘이 될 것 같아요 감사해요  ",
    "Source": "SNS",
    "Domain": "패션",
    "MainCategory": "잡화",
    "ProductName": "OO 중지갑",
    "Syllable": "325",
    "Word": "76",
    "GeneralPolarity": "1",
    "Aspects": [
      {
        "Aspect": "사이즈/폭/길이/두께",
        "SentimentText": "사이즈도 딱 원하는 사이즈라 좋네요",
        "SentimentWord": "5",
        "SentimentPolarity": "1"
      },
      {
        "Aspect": "디자인",
        "SentimentText": "디자인도 깔끔하고 심플해서 제가 좋아하는 스타일입니다 ",
        "SentimentWord": "6",
        "SentimentPolarity": "1"
      },
      {
        "Aspect": "제품구성",
        "SentimentText": "중지갑만 있는게 아니고 카드지갑까지 구성되어 있어서 너무 만족스럽습니다",
        "SentimentWord": "8",
        "SentimentPolarity": "1"
      },
      {
        "Aspect": "수납",
        "SentimentText": "수납공간도 많아서 좋고 아주 실용적입니다",
        "SentimentWord": "5",
        "SentimentPolarity": "1"
      }
    ]
  },
  {
    "Index": "1033575",
    "RawText": "더위가 온몸을 휘감고 정신을 차리지 못하게 하지만 차가운 음료라도 한잔 하며 여유를 되찾아야 하겠습니다.  지인분 선물을 해야 되서 이것 저것 검색하고 고민을 많이 했어요 너무 흔하지 않은 지갑으로 선택했습니다 가격면에서도 부담없고 디자인이 독특해서 맘에 드네요 사이즈도 휴대하기 간편한 크기라 좋은 것 같아요 바느질과 마감 부분이 엄청 꼼꼼하게 잘 되어 있어서 좋았어요 선물받은 분이 마음에 들었으면 좋겠습니다   오늘의 제 포스팅이 마음에 들었나요? 그랬다면 너무 좋을 것 같아요 부담없이 좋아요 클릭 많이 눌려주시면 제가 행복 할 것 같네요",
    "Source": "SNS",
    "Domain": "패션",
    "MainCategory": "잡화",
    "ProductName": "OO 남성반지갑",
    "Syllable": "305",
    "Word": "76",
    "GeneralPolarity": "1",
    "Aspects": [
      {
        "Aspect": "가격",
        "SentimentText": " 가격면에서도 부담없고",
        "SentimentWord": "2",
        "SentimentPolarity": "1"
      },
      {
        "Aspect": "디자인",
        "SentimentText": " 디자인이 독특해서 맘에 드네요",
        "SentimentWord": "4",
        "SentimentPolarity": "1"
      },
      {
        "Aspect": "사이즈/폭/길이/두께",
        "SentimentText": "사이즈도 휴대하기 간편한 크기라 좋은 것 같아요 ",
        "SentimentWord": "7",
        "SentimentPolarity": "1"
      },
      {
        "Aspect": "품질",
        "SentimentText": "바느질과 마감 부분이 엄청 꼼꼼하게 잘 되어 있어서 좋았어요",
        "SentimentWord": "9",
        "SentimentPolarity": "1"
      }
    ]
  },
  {
    "Index": "1033576",
    "RawText": "한참 더운 때라 얼마 전 다녀온 바다가 다시 그립기는 하는데요. 더위에 지지 말고 맞서 싸워 이기는 우리가 되었으면 합니다.  신랑 생일 선물로 샀습니다 선물용이라고 꼼꼼하게 포장되어 있어요 남편이 받아 보더니 지갑 재질이 너무 부드럽다고 맘에 든다고 합니다 디자인도 심플해서 딱 자기 스탈이래요 수납공간도 넉넉해서 갖고 있는 카드랑 명함이랑 넣기에 부족함이 없다고 하네요 탁월한 선택을 한 것 같아 뿌듯합니다  오늘 내용이 좋은 정보가 되였나요? 그랬다면 좋아요와 댓글 부탁드려요 다음에도 더 좋은 내용으로 찾아뵐께요  ",
    "Source": "SNS",
    "Domain": "패션",
    "MainCategory": "잡화",
    "ProductName": "OO 더** 반지갑",
    "Syllable": "292",
    "Word": "72",
    "GeneralPolarity": "1",
    "Aspects": [
      {
        "Aspect": "소재",
        "SentimentText": " 지갑 재질이 너무 부드럽다고 맘에 든다고 합니다",
        "SentimentWord": "7",
        "SentimentPolarity": "1"
      },
      {
        "Aspect": "디자인",
        "SentimentText": "디자인도 심플해서 딱 자기 스탈이래요",
        "SentimentWord": "5",
        "SentimentPolarity": "1"
      },
      {
        "Aspect": "수납",
        "SentimentText": "수납공간도 넉넉해서 갖고 있는 카드랑 명함이랑 넣기에 부족함이 없다고 하네요",
        "SentimentWord": "10",
        "SentimentPolarity": "1"
      }
    ]
  },
  {
    "Index": "1033578",
    "RawText": "더위가 사람을 미치게 한다 하여도 과언이 아닌데요. 그럴 때는 더위로 인하여 이성을 잃지 마시고 잠시 땀을 식혀도 좋겠습니다.  신랑이 결혼기념일이라고 선물 사준다고 해서 뭘 받을지 고민하다가 반지갑이 없어서 선택했습니다 디자인이 심플하면서도 고급스러워 보여 너무 만족스럽네요 반지갑이라 사이즈가 적당해요 ㅇㅇㅇ 로고가 지갑의 품격을 높여주는 것 같습니다 사피아노 가죽이 흠집에도 강해서 좋아요 맘에 쏙 듭니다  정성껏 준비한 오늘의 제 블로그 내용이 어떤 것 같아요? 어떤말씀이라도 댓글로 말해주시면 제가 힘이 될것 같습니다 감사해요  ",
    "Source": "SNS",
    "Domain": "패션",
    "MainCategory": "잡화",
    "ProductName": "OO 간** 반지갑",
    "Syllable": "301",
    "Word": "70",
    "GeneralPolarity": "1",
    "Aspects": [
      {
        "Aspect": "디자인",
        "SentimentText": "디자인이 심플하면서도 고급스러워 보여 너무 만족스럽네요",
        "SentimentWord": "6",
        "SentimentPolarity": "1"
      },
      {
        "Aspect": "사이즈/폭/길이/두께",
        "SentimentText": " 반지갑이라 사이즈가 적당해요",
        "SentimentWord": "3",
        "SentimentPolarity": "1"
      },
      {
        "Aspect": "디자인",
        "SentimentText": "ㅇㅇㅇ 로고가 지갑의 품격을 높여주는 것 같습니다",
        "SentimentWord": "7",
        "SentimentPolarity": "1"
      },
      {
        "Aspect": "소재",
        "SentimentText": "사피아노 가죽이 흠집에도 강해서 좋아요 ",
        "SentimentWord": "5",
        "SentimentPolarity": "1"
      }
    ]
  },
  {
    "Index": "1033579",
    "RawText": "삼복더위를 잠시라도 식혀주는 듯 단비가 내리고 있습니다. 시원하게 굵은 빗줄기가 내리고 있어 여름의 더위를 잊게 해주네요  왠지 정품일지 아닐지 걱정이 되어서 직접 문의를 드렸네요 자세하게 설명해주셔서 감사합니다 쿠폰에 카드할인까지 싸게 잘 샀어요 예상했던것 보다 너무 너무 예쁩니다 예전부터 구매하고 싶었던 상품이거든요 사이즈가 딱 원하던거라 너무 마음에 들어요 ㅇㅇ의 전통적이고 정석적인 리본모양 너무 마음에 드네요   제 글을 모두 읽어 주셔서 너무 감사합니다 잠시만 시간내시어  댓글 또는 좋아요를 눌러주시면 저에겐 큰 힘이 될 것 같아요 감사해요  ",
    "Source": "SNS",
    "Domain": "패션",
    "MainCategory": "잡화",
    "ProductName": "OO 바** 반지갑",
    "Syllable": "312",
    "Word": "74",
    "GeneralPolarity": "1",
    "Aspects": [
      {
        "Aspect": "가격",
        "SentimentText": "쿠폰에 카드할인까지 싸게 잘 샀어요",
        "SentimentWord": "5",
        "SentimentPolarity": "1"
      },
      {
        "Aspect": "디자인",
        "SentimentText": "예상했던것 보다 너무 너무 예쁩니다 ",
        "SentimentWord": "5",
        "SentimentPolarity": "1"
      },
      {
        "Aspect": "사이즈/폭/길이/두께",
        "SentimentText": "사이즈가 딱 원하던거라 너무 마음에 들어요",
        "SentimentWord": "6",
        "SentimentPolarity": "1"
      },
      {
        "Aspect": "디자인",
        "SentimentText": "ㅇㅇ의 전통적이고 정석적인 리본모양 너무 마음에 드네요",
        "SentimentWord": "7",
        "SentimentPolarity": "1"
      }
    ]
  },
  {
    "Index": "1033580",
    "RawText": "날이 어디까지 더울지 예측할 수 없는 날들이 이어지고 있습니다. 이웃님들 잘 지내고 계시죠?  장지갑이 필요해서 ㅇㅇ하고 둘중에 고민하다가 ㅇㅇㅇ를 선택했어요 아주 잘 산 것 같습니다 배송 빠르고 좋습니다 디자인이 로고만 딱 포인트 되면서 심플해서 너무 마음에 들어요 카드포켓도 9칸이라 넉넉하고 지폐포켓도 6칸이라 아주 좋습니다 사이즈도 과하지 않으면서 딱 적당해요 포장은 약간 아쉽지만 제가 쓸꺼라서 괜찮아요  오늘의 제 포스팅이 마음에 들었나요? 그랬다면 너무 좋을 것 같아요 부담없이 좋아요 클릭 많이 눌려주시면 제가 행복 할 것 같네요  ",
    "Source": "SNS",
    "Domain": "패션",
    "MainCategory": "잡화",
    "ProductName": "OO 더** 장지갑",
    "Syllable": "306",
    "Word": "75",
    "GeneralPolarity": "1",
    "Aspects": [
      {
        "Aspect": "디자인",
        "SentimentText": "디자인이 로고만 딱 포인트 되면서 심플해서 너무 마음에 들어요 ",
        "SentimentWord": "9",
        "SentimentPolarity": "1"
      },
      {
        "Aspect": "수납",
        "SentimentText": "카드포켓도 9칸이라 넉넉하고 지폐포켓도 6칸이라 아주 좋습니다 ",
        "SentimentWord": "7",
        "SentimentPolarity": "1"
      },
      {
        "Aspect": "사이즈/폭/길이/두께",
        "SentimentText": "사이즈도 과하지 않으면서 딱 적당해요 ",
        "SentimentWord": "5",
        "SentimentPolarity": "1"
      }
    ]
  },
  {
    "Index": "1033581",
    "RawText": "가장 더운 날 온도를 갱신하며 언제든지 여름의 진면목을 보여주기라도 하는 듯합니다. 이웃님들 건강한 여름 잘 보내시길 바래요  미니지갑이 하나 있었으면 해서 고르다가 ㅇㅇ를 구입했습니다 배송이 생각보다 엄청 빨리 와서 깜짝 놀랬어요 화면보다 실물이 더 귀엽고 예쁜 것 같아서 마음에 들어요 사이즈도 제가 딱 필요했던 사이즈라 좋습니다 가죽이 엄청 부드럽네요 마감처리 바느질도 꼼꼼해서 아주 마음에 듭니다    오늘 내용이 좋은 정보가 되였나요? 그랬다면 좋아요와 댓글 부탁드려요 다음에도 더 좋은 내용으로 찾아뵐께요",
    "Source": "SNS",
    "Domain": "패션",
    "MainCategory": "잡화",
    "ProductName": "OO 바** 반지갑",
    "Syllable": "288",
    "Word": "69",
    "GeneralPolarity": "1",
    "Aspects": [
      {
        "Aspect": "디자인",
        "SentimentText": " 화면보다 실물이 더 귀엽고 예쁜 것 같아서 마음에 들어요 ",
        "SentimentWord": "9",
        "SentimentPolarity": "1"
      },
      {
        "Aspect": "사이즈/폭/길이/두께",
        "SentimentText": "사이즈도 제가 딱 필요했던 사이즈라 좋습니다",
        "SentimentWord": "6",
        "SentimentPolarity": "1"
      },
      {
        "Aspect": "소재",
        "SentimentText": "가죽이 엄청 부드럽네요",
        "SentimentWord": "3",
        "SentimentPolarity": "1"
      },
      {
        "Aspect": "품질",
        "SentimentText": "마감처리 바느질도 꼼꼼해서 아주 마음에 듭니다",
        "SentimentWord": "6",
        "SentimentPolarity": "1"
      }
    ]
  },
  {
    "Index": "1033582",
    "RawText": "여러분은 사람과 사람 사이에 가장 중요한 것이 무엇이라고 생각하십니까? 저는 믿음이라고 생각합니다. 이웃님과의 믿음을 이어가고 싶습니다  애들이 외할아버지 생신이라 선물하고 싶다고 해서 주문했습니다 생신 날짜에 맞게 배송이 잘 도착했습니다 예쁘게 상자에 포장해서 왔네요 감사합니다 슬쩍 열어 봤더니 지갑은 역시 디자인이 저희 아버지가 쓰시기에 무난하고 딱 좋습니다 사이즈도 딱 적당하네요 색상도 무난해서 들고 다니시기에 좋으실 것 같네요  정성껏 준비한 오늘의 제 블로그 내용이 어떤 것 같아요? 어떤말씀이라도 댓글로 말해주시면 제가 힘이 될것 같습니다 감사해요  ",
    "Source": "SNS",
    "Domain": "패션",
    "MainCategory": "잡화",
    "ProductName": "OO 사** 반지갑",
    "Syllable": "316",
    "Word": "73",
    "GeneralPolarity": "1",
    "Aspects": [
      {
        "Aspect": "디자인",
        "SentimentText": "디자인이 저희 아버지가 쓰시기에 무난하고 딱 좋습니다 ",
        "SentimentWord": "7",
        "SentimentPolarity": "1"
      },
      {
        "Aspect": "사이즈/폭/길이/두께",
        "SentimentText": "사이즈도 딱 적당하네요",
        "SentimentWord": "3",
        "SentimentPolarity": "1"
      },
      {
        "Aspect": "색상",
        "SentimentText": "색상도 무난해서 들고 다니시기에 좋으실 것 같네요",
        "SentimentWord": "7",
        "SentimentPolarity": "1"
      }
    ]
  },
  {
    "Index": "1033584",
    "RawText": "요즘 뉴스를 보나 신문을 보나 책임질 일은 점점 늘어나는 데 책임을 지겠다고 나서는 사람은 점점 줄어들고 있는 듯합니다. 안타까운 현실입니다  반지갑을 하나 사야해서 인터넷 검색중에 너무 마음에 드는 지갑이 보여서 바로 주문을 했네요 디자인이 너무 깜찍하고 예뻐서 맘에 들어요 색상도 거의 블랙이라 이번에는 색다른 색으로 골랐는데 탁월한 선택이었네요 카드 많이 안들고 다녀서 수납공간도 딱 적당하고 좋습니다 제가 사용할껀데 포장도 너무 이쁘게 와서 기분이 좋았네요  제 글을 모두 읽어 주셔서 너무 감사합니다 잠시만 시간내시어  댓글 또는 좋아요를 눌러주시면 저에겐 큰 힘이 될 것 같아요 감사해요",
    "Source": "SNS",
    "Domain": "패션",
    "MainCategory": "잡화",
    "ProductName": "OO 디** 반지갑",
    "Syllable": "334",
    "Word": "84",
    "GeneralPolarity": "1",
    "Aspects": [
      {
        "Aspect": "디자인",
        "SentimentText": "디자인이 너무 깜찍하고 예뻐서 맘에 들어요 ",
        "SentimentWord": "6",
        "SentimentPolarity": "1"
      },
      {
        "Aspect": "색상",
        "SentimentText": "색상도 거의 블랙이라 이번에는 색다른 색으로 골랐는데 탁월한 선택이었네요 ",
        "SentimentWord": "9",
        "SentimentPolarity": "1"
      },
      {
        "Aspect": "수납",
        "SentimentText": "카드 많이 안들고 다녀서 수납공간도 딱 적당하고 좋습니다",
        "SentimentWord": "8",
        "SentimentPolarity": "1"
      }
    ]
  },
  {
    "Index": "1033585",
    "RawText": "세상에는 힘든 일이 꽤 많지만, 그중에 하나가 바로 자신의 잘못을 스스로 책임지려 하는 것이라고 생각합니다. 책임지는 이웃님 멋져요  어버이날 기념으로 엄마 필요하신거 여쭤보고 주문한거에요 엄마랑 매장가서 찜해놓고 인터넷으로 샀지요 배송도 빨리오고 대만족 입니다 엄마가 너무 좋아하시네요 디자인이 엄청 고급스럽고 예쁘다고 하십니다 엄마가 마음에 들어하셔서 다행이에요 무게가 가벼워서 들고 다니시기에 착용감이 편하다고 하시네요 너무 잘 산 것 같네요  오늘의 제 포스팅이 마음에 들었나요? 그랬다면 너무 좋을 것 같아요 부담없이 좋아요 클릭 많이 눌려주시면 제가 행복 할 것 같네요  ",
    "Source": "SNS",
    "Domain": "패션",
    "MainCategory": "잡화",
    "ProductName": "OO 가** 다기종 케이스",
    "Syllable": "326",
    "Word": "77",
    "GeneralPolarity": "1",
    "Aspects": [
      {
        "Aspect": "디자인",
        "SentimentText": " 디자인이 엄청 고급스럽고 예쁘다고 하십니다 ",
        "SentimentWord": "5",
        "SentimentPolarity": "1"
      },
      {
        "Aspect": "무게",
        "SentimentText": " 무게가 가벼워서",
        "SentimentWord": "2",
        "SentimentPolarity": "1"
      },
      {
        "Aspect": "착용감",
        "SentimentText": " 들고 다니시기에 착용감이 편하다고 하시네요",
        "SentimentWord": "5",
        "SentimentPolarity": "1"
      }
    ]
  },
  {
    "Index": "1033586",
    "RawText": "뜨거운 여름이 우리를 무장해제 시켰다면 이제 가을이 되었으니 정신을 바짝 조여야 하겠습니다  디자인이 너무 예쁘네요 제가 원하던 스타일이라 너무 마음에 듭니다 수납공간이 작긴 하지만 지갑이 깔끔해요 가죽도 정말 부드럽습니다 스크래치에 살짝 약할 것 같다는 느낌은 드네요 두가지 재질로 검정 가죽지갑의 단조로움을 심심하지 않게 해주네요 쿠폰사용하고 가격비교해서 너무 착한가격에 득템했습니다  설명 끝! 좀 도움이 되었나요? 그러면 좋아요 잊지마셔요! 이웃님들의 관심과 격려가 저에겐 언제나 큰 힘이 된답니다  ",
    "Source": "SNS",
    "Domain": "패션",
    "MainCategory": "잡화",
    "ProductName": "OO 장지갑 ",
    "Syllable": "284",
    "Word": "65",
    "GeneralPolarity": "1",
    "Aspects": [
      {
        "Aspect": "디자인",
        "SentimentText": "디자인이 너무 예쁘네요",
        "SentimentWord": "3",
        "SentimentPolarity": "1"
      },
      {
        "Aspect": "수납",
        "SentimentText": " 수납공간이 작긴 하지만",
        "SentimentWord": "3",
        "SentimentPolarity": "-1"
      },
      {
        "Aspect": "디자인",
        "SentimentText": "지갑이 깔끔해요",
        "SentimentWord": "2",
        "SentimentPolarity": "1"
      },
      {
        "Aspect": "소재",
        "SentimentText": " 가죽도 정말 부드럽습니다",
        "SentimentWord": "3",
        "SentimentPolarity": "1"
      },
      {
        "Aspect": "소재",
        "SentimentText": "스크래치에 살짝 약할 것 같다는 느낌은 드네요",
        "SentimentWord": "7",
        "SentimentPolarity": "-1"
      },
      {
        "Aspect": "소재",
        "SentimentText": "두가지 재질로 검정 가죽지갑의 단조로움을 심심하지 않게 해주네요 ",
        "SentimentWord": "8",
        "SentimentPolarity": "1"
      },
      {
        "Aspect": "가격",
        "SentimentText": " 쿠폰사용하고 가격비교해서 너무 착한가격에 득템했습니다",
        "SentimentWord": "5",
        "SentimentPolarity": "1"
      },
      {
        "Aspect": "디자인",
        "SentimentText": " 제가 원하던 스타일이라 너무 마음에 듭니다",
        "SentimentWord": "6",
        "SentimentPolarity": "1"
      }
    ]
  },
  {
    "Index": "1033587",
    "RawText": "가을을 알리는 단풍이 다투듯 물들었습니다 여러분이 다른 사람과의 의견 조율에 성공하기를 바랍니다  사이즈가 휴대폰 넣어 다니기 딱 좋은 가방입니다 양옆은 지퍼가 있어 카드나 현금을 넣고 가운데는 지퍼가 없어서 휴대폰을 넣고 빼기가 참 편하구 좋습니다 색상도 블랙이라 무난해서 아무 옷에나 잘 어울리네요 체인줄은 좀 긴듯 해도 크로스로 메기에는 딱 적당해서 좋네요 스크래치에도 강한 재질로 보입니다 단 아쉬운건 카드수납공간이 조금 더 있었으면 하네요 쿠폰에 카드 청구할인까지 해서 엄청 저렴하게 잘 구입했습니다   설명 끝! 좀 도움이 되었나요? 그러면 좋아요 잊지마셔요! 이웃님들의 관심과 격려가 저에겐 언제나 큰 힘이 된답니다  ",
    "Source": "SNS",
    "Domain": "패션",
    "MainCategory": "잡화",
    "ProductName": "OO 헤** 폰월렛",
    "Syllable": "353",
    "Word": "85",
    "GeneralPolarity": "1",
    "Aspects": [
      {
        "Aspect": "사이즈/폭/길이/두께",
        "SentimentText": "사이즈가 휴대폰 넣어 다니기 딱 좋은 가방입니다",
        "SentimentWord": "7",
        "SentimentPolarity": "1"
      },
      {
        "Aspect": "사용성/편의성",
        "SentimentText": "양옆은 지퍼가 있어 카드나 현금을 넣고 가운데는 지퍼가 없어서 휴대폰을 넣고 빼기가 참 편하구 좋습니다",
        "SentimentWord": "15",
        "SentimentPolarity": "1"
      },
      {
        "Aspect": "색상",
        "SentimentText": " 색상도 블랙이라 무난해서 아무 옷에나 잘 어울리네요",
        "SentimentWord": "7",
        "SentimentPolarity": "1"
      },
      {
        "Aspect": "사이즈/폭/길이/두께",
        "SentimentText": "체인줄은 좀 긴듯 해도 크로스로 메기에는 딱 적당해서 좋네요",
        "SentimentWord": "9",
        "SentimentPolarity": "0"
      },
      {
        "Aspect": "소재",
        "SentimentText": "스크래치에도 강한 재질로 보입니다",
        "SentimentWord": "4",
        "SentimentPolarity": "1"
      },
      {
        "Aspect": "수납",
        "SentimentText": "아쉬운건 카드수납공간이 조금 더 있었으면 하네요",
        "SentimentWord": "6",
        "SentimentPolarity": "-1"
      },
      {
        "Aspect": "가격",
        "SentimentText": "쿠폰에 카드 청구할인까지 해서 엄청 저렴하게 잘 구입했습니다 ",
        "SentimentWord": "8",
        "SentimentPolarity": "1"
      }
    ]
  },
  {
    "Index": "1033625",
    "RawText": "추운 겨울철에는 황량하게만 보이던 거리가 지금은 풀린 날씨 탓에 한결 따뜻한 풍경을 자아내고 있네요  주문하고 금방 받았어요 빠른 배송이 마음에 듭니다 1박 여행할 때 사이즈로 아주 적합합니다 바퀴 소음이 크지 않아서 너무 만족스럽네요 가방이 틀에 박힌 디자인이 아니라 더 맘에 듭니다  바느질도 아주 깔끔하게 되어 있는 편입니다 수납공간도 짜임새 있게 되어 있어서 좋습니다 가격도 저렴하고 너무 잘 쓸 듯 하네요  정성껏 준비한 오늘의 제 블로그 내용이 어떤 것 같아요? 어떤말씀이라도 댓글로 말해주시면 제가 힘이 될것 같습니다 감사해요",
    "Source": "SNS",
    "Domain": "패션",
    "MainCategory": "잡화",
    "ProductName": "OO 디** 16인치 캐리어 (블랙) ",
    "Syllable": "301",
    "Word": "77",
    "GeneralPolarity": "1",
    "Aspects": [
      {
        "Aspect": "사이즈/폭/길이/두께",
        "SentimentText": "1박 여행할 때 사이즈로 아주 적합합니다",
        "SentimentWord": "6",
        "SentimentPolarity": "1"
      },
      {
        "Aspect": "품질",
        "SentimentText": "바퀴 소음이 크지 않아서 너무 만족스럽네요",
        "SentimentWord": "6",
        "SentimentPolarity": "1"
      },
      {
        "Aspect": "디자인",
        "SentimentText": "가방이 틀에 박힌 디자인이 아니라 더 맘에 듭니다",
        "SentimentWord": "8",
        "SentimentPolarity": "1"
      },
      {
        "Aspect": "품질",
        "SentimentText": "바느질도 아주 깔끔하게 되어 있는 편입니다",
        "SentimentWord": "6",
        "SentimentPolarity": "1"
      },
      {
        "Aspect": "수납",
        "SentimentText": "수납공간도 짜임새 있게 되어 있어서 좋습니다",
        "SentimentWord": "6",
        "SentimentPolarity": "1"
      },
      {
        "Aspect": "가격",
        "SentimentText": "가격도 저렴하고 ",
        "SentimentWord": "2",
        "SentimentPolarity": "1"
      }
    ]
  },
  {
    "Index": "1035238",
    "RawText": "이곳저곳 후기를 보고 구매해서 써본 솔직한 나의 후기를 지금부터 적으려고 합니다  가방 완전 예쁩니다 조금만 더컸으면하는 아쉬움이 있지만 그래도 저렴한 가격에 잘 산것 같습니다  ㅇㅇ 제품을 가방으로 처음 사봤는데 진짜 좋네요 가죽끈도 울지 않고 싼티도 안나구요 다만 끈 길이 조절이 가능하긴 한데 제가 원하는 만큼 짧게 되지는 않아요 실밥 하나가 있긴했는데 그래도 많이 티나진 않아 잘라내고 쓰고 있습니다 가죽냄새도 나긴했는데 한 일주일 지나니까 빠졌습니다 만족한 구매였어요  제 후기로 인해 구매시 많은 도움이 되었으면 좋겠습니다  ",
    "Source": "SNS",
    "Domain": "패션",
    "MainCategory": "잡화",
    "ProductName": "OO 헤** 크로스백",
    "Syllable": "300",
    "Word": "74",
    "GeneralPolarity": "1",
    "Aspects": [
      {
        "Aspect": "디자인",
        "SentimentText": "가방 완전 예쁩니다",
        "SentimentWord": "3",
        "SentimentPolarity": "1"
      },
      {
        "Aspect": "사이즈/폭/길이/두께",
        "SentimentText": "조금만 더컸으면하는 아쉬움이 있지만",
        "SentimentWord": "4",
        "SentimentPolarity": "-1"
      },
      {
        "Aspect": "가격",
        "SentimentText": "저렴한 가격에 잘 산것 같습니다",
        "SentimentWord": "5",
        "SentimentPolarity": "1"
      },
      {
        "Aspect": "품질",
        "SentimentText": "가죽끈도 울지 않고 싼티도 안나구요 ",
        "SentimentWord": "5",
        "SentimentPolarity": "1"
      },
      {
        "Aspect": "기능성",
        "SentimentText": " 끈 길이 조절이 가능하긴 한데 제가 원하는 만큼 짧게 되지는 않아요",
        "SentimentWord": "11",
        "SentimentPolarity": "-1"
      },
      {
        "Aspect": "품질",
        "SentimentText": "실밥 하나가 있긴했는데 그래도 많이 티나진 않아 잘라내고 쓰고 있습니다 ",
        "SentimentWord": "10",
        "SentimentPolarity": "0"
      },
      {
        "Aspect": "품질",
        "SentimentText": "가죽냄새도 나긴했는데 한 일주일 지나니까 빠졌습니다 ",
        "SentimentWord": "6",
        "SentimentPolarity": "0"
      }
    ]
  },
  {
    "Index": "1035239",
    "RawText": "귀차니즘으로 인해 미뤄뒀던 후기를 지금부터 작성하니 재밌게 봐주세요  화면과 색상이 다르면 어쩌나 걱정했는데 원하는 화이트에 가까워 일단 다행이었어요 가방은 아주 부드러운 가죽이라기 보다 약간 힘이 있어서 각이 잘 잡히는듯 재질이네요 무게도 무겁지는 않고 가볍습니다 디자인이 너무 예뻐서 만족하네요 수납 공간도 넉넉해 필요한 물건은 다 들어갑니다 끈 길이도 적당해서 메고 다니는데 불편함이 없어요 가격대비 아주 만족하는 가방이었어요  여러분도 써보시면 후회치 않으실 겁니다",
    "Source": "SNS",
    "Domain": "패션",
    "MainCategory": "잡화",
    "ProductName": "OO 토** 토트 스몰 가방 ",
    "Syllable": "264",
    "Word": "61",
    "GeneralPolarity": "1",
    "Aspects": [
      {
        "Aspect": "색상",
        "SentimentText": "색상이 다르면 어쩌나 걱정했는데 원하는 화이트에 가까워 일단 다행이었어요",
        "SentimentWord": "9",
        "SentimentPolarity": "1"
      },
      {
        "Aspect": "소재",
        "SentimentText": "아주 부드러운 가죽이라기 보다 약간 힘이 있어서 각이 잘 잡히는듯 재질이네요",
        "SentimentWord": "11",
        "SentimentPolarity": "1"
      },
      {
        "Aspect": "무게",
        "SentimentText": "무게도 무겁지는 않고 가볍습니다",
        "SentimentWord": "4",
        "SentimentPolarity": "1"
      },
      {
        "Aspect": "디자인",
        "SentimentText": " 디자인이 너무 예뻐서 만족하네요",
        "SentimentWord": "4",
        "SentimentPolarity": "1"
      },
      {
        "Aspect": "수납",
        "SentimentText": "수납 공간도 넉넉해 필요한 물건은 다 들어갑니다 ",
        "SentimentWord": "7",
        "SentimentPolarity": "1"
      },
      {
        "Aspect": "사이즈/폭/길이/두께",
        "SentimentText": "끈 길이도 적당해서 ",
        "SentimentWord": "3",
        "SentimentPolarity": "1"
      },
      {
        "Aspect": "가격",
        "SentimentText": " 가격대비 아주 만족하는 가방이었어요",
        "SentimentWord": "4",
        "SentimentPolarity": "1"
      },
      {
        "Aspect": "사용성/편의성",
        "SentimentText": "메고 다니는데 불편함이 없어요",
        "SentimentWord": "4",
        "SentimentPolarity": "1"
      }
    ]
  },
  {
    "Index": "1035240",
    "RawText": "40대가 되니 이것저것 챙기고 신경쓸게 많아지는 요즈음입니다   크기가 좀 작은듯 하지만 전 작은게 좋아서 만족해요 가격이 착한편이라 가성비로는 좋아요 로즈골드 색상 역시 이쁘네요 다만 귀걸이 뒤쪽 침이 실리콘이라 아쉬운건 있어요 반짝거림이 너무 예쁘고 사은품으로 금 귀걸이 주신것도 작지만 엄청 반짝거리고 이쁘네요 줄 길이도 적당해서 착용하는데 불편함이 없어요 정장에도 잘 어울리지만 캐쥬얼한 복장에 더 잘 어울리는거 같습니다  아내 선물 혹은 부모님 선물로 고민하시는 분들 계시다면 강력추천합니다",
    "Source": "SNS",
    "Domain": "패션",
    "MainCategory": "잡화",
    "ProductName": "OO 14K 스** 목걸이 귀걸이세트",
    "Syllable": "279",
    "Word": "65",
    "GeneralPolarity": "1",
    "Aspects": [
      {
        "Aspect": "사이즈/폭/길이/두께",
        "SentimentText": "크기가 좀 작은듯 하지만 전 작은게 좋아서 만족해요",
        "SentimentWord": "8",
        "SentimentPolarity": "1"
      },
      {
        "Aspect": "가격",
        "SentimentText": " 가격이 착한편이라 가성비로는 좋아요",
        "SentimentWord": "4",
        "SentimentPolarity": "1"
      },
      {
        "Aspect": "색상",
        "SentimentText": "로즈골드 색상 역시 이쁘네요",
        "SentimentWord": "4",
        "SentimentPolarity": "1"
      },
      {
        "Aspect": "소재",
        "SentimentText": "귀걸이 뒤쪽 침이 실리콘이라 아쉬운건 있어요 ",
        "SentimentWord": "6",
        "SentimentPolarity": "-1"
      },
      {
        "Aspect": "디자인",
        "SentimentText": " 반짝거림이 너무 예쁘고",
        "SentimentWord": "3",
        "SentimentPolarity": "1"
      },
      {
        "Aspect": "사이즈/폭/길이/두께",
        "SentimentText": "사은품으로 금 귀걸이 주신것도 작지만",
        "SentimentWord": "5",
        "SentimentPolarity": "0"
      },
      {
        "Aspect": "디자인",
        "SentimentText": " 엄청 반짝거리고 이쁘네요",
        "SentimentWord": "3",
        "SentimentPolarity": "1"
      },
      {
        "Aspect": "사이즈/폭/길이/두께",
        "SentimentText": " 줄 길이도 적당해서 ",
        "SentimentWord": "3",
        "SentimentPolarity": "1"
      },
      {
        "Aspect": "디자인",
        "SentimentText": " 정장에도 잘 어울리지만 캐쥬얼한 복장에 더 잘 어울리는거 같습니다",
        "SentimentWord": "9",
        "SentimentPolarity": "1"
      },
      {
        "Aspect": "착용감",
        "SentimentText": "착용하는데 불편함이 없어요 ",
        "SentimentWord": "3",
        "SentimentPolarity": "1"
      }
    ]
  },
  {
    "Index": "1035242",
    "RawText": "요즘 핫한 백팩을 가지고 인사드립니다 오늘 포스팅을 시작할게요  중학교 입학하는 조카 선물로 구입했습니다 마침 ㅇㅇ 상품권이 있어서 ㅇㅇ 앱으로 주문을 했어요 사이즈가 커보였는데 막상 메보니 괜찮네요 실내화 가방에 파우치도 들어 있어서 조카가 너무 마음에 들어 합니다 디자인이 너무 예뻐서 샀는데 조카도 예쁘데요 색상도 아이보리가 너무 좋다고 합니다 잘산 것 같습니다  여기까지가 끝이에요. 오늘도 행복한 시간들이 함께하길 바래요! 또다른 이야기로 다시 찾아 뵙겠습니다 감사해요  ",
    "Source": "SNS",
    "Domain": "패션",
    "MainCategory": "잡화",
    "ProductName": "OO 쓰** 백팩 ",
    "Syllable": "269",
    "Word": "63",
    "GeneralPolarity": "1",
    "Aspects": [
      {
        "Aspect": "사이즈/폭/길이/두께",
        "SentimentText": " 사이즈가 커보였는데 막상 메보니 괜찮네요 ",
        "SentimentWord": "5",
        "SentimentPolarity": "1"
      },
      {
        "Aspect": "제품구성",
        "SentimentText": "가방에 파우치도 들어 있어서 조카가 너무 마음에 들어 합니다",
        "SentimentWord": "9",
        "SentimentPolarity": "1"
      },
      {
        "Aspect": "디자인",
        "SentimentText": "디자인이 너무 예뻐서 샀는데 조카도 예쁘데요",
        "SentimentWord": "6",
        "SentimentPolarity": "1"
      },
      {
        "Aspect": "색상",
        "SentimentText": "색상도 아이보리가 너무 좋다고 합니다",
        "SentimentWord": "5",
        "SentimentPolarity": "1"
      }
    ]
  },
  {
    "Index": "1035243",
    "RawText": "하늘이 맑아지면서 밤하늘도 더 깨끗해진 듯합니다. 이웃님 환영합니다  신랑 생일인데 선물을 뭘 할까 하다가 그래도 기억에 남는거 해주자 싶어 명품지갑을 골랐네요 포장도 아주 잘 되어서 도착했습니다 디자인이 깔끔하고 귀여워서 신랑이 맘에 든데요 블랙색상이라 더 세련되어 보인다고 좋다고 하네요 사이즈도 적당하고 가죽 질감도 부드럽고 너무 좋습니다 카드할인으로 아주 저렴하게 잘 산 것 같네요   제 글을 모두 읽어 주셔서 너무 감사합니다 잠시만 시간내시어  댓글 또는 좋아요를 눌러주시면 저에겐 큰 힘이 될 것 같아요 감사해요",
    "Source": "SNS",
    "Domain": "패션",
    "MainCategory": "잡화",
    "ProductName": "OO 마** 레더 지갑",
    "Syllable": "293",
    "Word": "72",
    "GeneralPolarity": "1",
    "Aspects": [
      {
        "Aspect": "디자인",
        "SentimentText": "디자인이 깔끔하고 귀여워서 신랑이 맘에 든데요 ",
        "SentimentWord": "6",
        "SentimentPolarity": "1"
      },
      {
        "Aspect": "색상",
        "SentimentText": "블랙색상이라 더 세련되어 보인다고 좋다고 하네요 ",
        "SentimentWord": "6",
        "SentimentPolarity": "1"
      },
      {
        "Aspect": "사이즈/폭/길이/두께",
        "SentimentText": " 사이즈도 적당하고",
        "SentimentWord": "2",
        "SentimentPolarity": "1"
      },
      {
        "Aspect": "소재",
        "SentimentText": " 가죽 질감도 부드럽고 너무 좋습니다 ",
        "SentimentWord": "5",
        "SentimentPolarity": "1"
      },
      {
        "Aspect": "가격",
        "SentimentText": " 카드할인으로 아주 저렴하게 잘 산 것 같네요 ",
        "SentimentWord": "7",
        "SentimentPolarity": "1"
      }
    ]
  },
  {
    "Index": "1035245",
    "RawText": "어느새 더위가 사라지고 시원한 바람이 불어오네요 이웃님 방문 환영해요  선물용이라 포장 부탁드렸는데 포장도 예쁘게 해서 왔어요 지갑이 바느질이며 마감이 깔끔해서 만족스럽습니다 두께가 조금 두꺼운 게 아쉽긴 합니다 아쉽지만 어쩔 수 없네요 디자인은 남성 기본 반지갑으로 아주 무난합니다 블랙이라 깔끔해보여서 좋구요 명함과 카드만 넣고 다닐껀데 수납이 좋네요 아주 유용하게 잘 쓸 듯 합니다  오늘 내용이 좋은 정보가 되였나요? 그랬다면 좋아요와 댓글 부탁드려요 다음에도 더 좋은 내용으로 찾아뵐께요",
    "Source": "SNS",
    "Domain": "패션",
    "MainCategory": "잡화",
    "ProductName": "OO 반지갑",
    "Syllable": "277",
    "Word": "66",
    "GeneralPolarity": "1",
    "Aspects": [
      {
        "Aspect": "품질",
        "SentimentText": "지갑이 바느질이며 마감이 깔끔해서 만족스럽습니다",
        "SentimentWord": "5",
        "SentimentPolarity": "1"
      },
      {
        "Aspect": "사이즈/폭/길이/두께",
        "SentimentText": " 두께가 조금 두꺼운 게 아쉽긴 합니다 ",
        "SentimentWord": "6",
        "SentimentPolarity": "-1"
      },
      {
        "Aspect": "디자인",
        "SentimentText": "디자인은 남성 기본 반지갑으로 아주 무난합니다 ",
        "SentimentWord": "6",
        "SentimentPolarity": "1"
      },
      {
        "Aspect": "색상",
        "SentimentText": "블랙이라 깔끔해보여서 좋구요",
        "SentimentWord": "3",
        "SentimentPolarity": "1"
      },
      {
        "Aspect": "수납",
        "SentimentText": "명함과 카드만 넣고 다닐껀데 수납이 좋네요",
        "SentimentWord": "6",
        "SentimentPolarity": "1"
      },
      {
        "Aspect": "사용성/편의성",
        "SentimentText": "아주 유용하게 잘 쓸 듯 합니다",
        "SentimentWord": "6",
        "SentimentPolarity": "1"
      }
    ]
  },
  {
    "Index": "1035247",
    "RawText": "여러분의 여름이 아름다웠듯 여러분의 가을도 아름다우리라 믿습니다  중딩 아들 지갑 고르다가 가성비가 너무 좋아서 주문했습니다 디자인이 아주 깔끔하고 군더더기 없어서 아들도 저도 맘에 쏙 드네요 재질도 부드러워서 좋습니다 안쪽에 카드지갑이 따로 분리가능해서 너무 편합니다 가격대비 품질도 너무 좋습니다 이 가격에 이 퀄리티는 대박입니다 아들이 오래 사용하면 좋겠네요   지금까지 제가 느꼈던 부분을 솔직하게 알려드렸습니다  다 읽으셨다면 좋아요 꾹~! 궁금한 점은 댓글 달아주세요. 답변드릴께요!  ",
    "Source": "SNS",
    "Domain": "패션",
    "MainCategory": "잡화",
    "ProductName": "OO 반지갑 ",
    "Syllable": "278",
    "Word": "62",
    "GeneralPolarity": "1",
    "Aspects": [
      {
        "Aspect": "가격",
        "SentimentText": "가성비가 너무 좋아서",
        "SentimentWord": "3",
        "SentimentPolarity": "1"
      },
      {
        "Aspect": "디자인",
        "SentimentText": " 디자인이 아주 깔끔하고 군더더기 없어서 아들도 저도 맘에 쏙 드네요 ",
        "SentimentWord": "10",
        "SentimentPolarity": "1"
      },
      {
        "Aspect": "소재",
        "SentimentText": "재질도 부드러워서 좋습니다 ",
        "SentimentWord": "3",
        "SentimentPolarity": "1"
      },
      {
        "Aspect": "수납",
        "SentimentText": " 안쪽에 카드지갑이 따로 분리가능해서 너무 편합니다 ",
        "SentimentWord": "6",
        "SentimentPolarity": "1"
      },
      {
        "Aspect": "품질",
        "SentimentText": "가격대비 품질도 너무 좋습니다 ",
        "SentimentWord": "4",
        "SentimentPolarity": "1"
      },
      {
        "Aspect": "가격",
        "SentimentText": " 이 가격에 ",
        "SentimentWord": "2",
        "SentimentPolarity": "1"
      },
      {
        "Aspect": "품질",
        "SentimentText": "이 퀄리티는 대박입니다 ",
        "SentimentWord": "3",
        "SentimentPolarity": "1"
      }
    ]
  },
  {
    "Index": "1035248",
    "RawText": "안녕하세요? 오늘은 따끈따끈한 신상을 아주 상세하게 소개를 해보려고 합니다.  스몰 스이즈보다 미듐 사이즈가 적당하고 크기도 만족스럽습니다 ㅇㅇ 비싼 브랜드이지만 가격도 만족스럽게 구매했어요 가죽 재질도 부드러우면서도 좋아 보이고 수납공간도 클러치 치고는 제법 넉넉하네요 네이비 색상 고급스럽게 예쁘고 디자인은 심플해서 들고 다니기에 무난하네요 캐쥬얼하게 입을때도 정장 스타일로 입을때도 잘 어울려서 맘에 들어요 만족합니다  후기를 읽어보시고 다들 알찬 쇼핑이 되시길 바라겠습니다",
    "Source": "SNS",
    "Domain": "패션",
    "MainCategory": "잡화",
    "ProductName": "OO 삼** 미디엄 클러치 ",
    "Syllable": "268",
    "Word": "58",
    "GeneralPolarity": "1",
    "Aspects": [
      {
        "Aspect": "사이즈/폭/길이/두께",
        "SentimentText": "스몰 스이즈보다 미듐 사이즈가 적당하고 크기도 만족스럽습니다 ",
        "SentimentWord": "7",
        "SentimentPolarity": "1"
      },
      {
        "Aspect": "가격",
        "SentimentText": "가격도 만족스럽게 구매했어요 ",
        "SentimentWord": "3",
        "SentimentPolarity": "1"
      },
      {
        "Aspect": "소재",
        "SentimentText": "가죽 재질도 부드러우면서도 좋아 보이고",
        "SentimentWord": "5",
        "SentimentPolarity": "1"
      },
      {
        "Aspect": "수납",
        "SentimentText": "수납공간도 클러치 치고는 제법 넉넉하네요",
        "SentimentWord": "5",
        "SentimentPolarity": "1"
      },
      {
        "Aspect": "색상",
        "SentimentText": "네이비 색상 고급스럽게 예쁘고",
        "SentimentWord": "4",
        "SentimentPolarity": "1"
      },
      {
        "Aspect": "디자인",
        "SentimentText": " 디자인은 심플해서 들고 다니기에 무난하네요 ",
        "SentimentWord": "5",
        "SentimentPolarity": "1"
      },
      {
        "Aspect": "디자인",
        "SentimentText": "캐쥬얼하게 입을때도 정장 스타일로 입을때도 잘 어울려서 맘에 들어요",
        "SentimentWord": "9",
        "SentimentPolarity": "1"
      }
    ]
  },
  {
    "Index": "1035249",
    "RawText": "여러제품을 실제 사용해보고 많은 리뷰를 보고 고른 상품입니다  질리지 않는 은은한 레이스 테두리가 너무 예쁘네요 스테디 셀러가 괜히 되는게 아닌가봐요 가격도 많이 내려서 잘 구매했습니다 ㅇㅇ라 역시 퀄리티가 남다릅니다 다른 제품에 비해 가격이 나갔지만 조금 돈을 더 주더라도 선택하길 잘한거 같습니다 탄탄한 재질이며 튼튼해 보이네요  다만 레이스때문에 접으면 두께는 두껍네요 아무래도 우양산 겸용이라 그런거 같습니다 만족스러운 제품임에는 틀림없어요  제 후기를 보고 조금이나마 구매하시는데 도움이 되었으면 하네요",
    "Source": "SNS",
    "Domain": "패션",
    "MainCategory": "잡화",
    "ProductName": "OO 찰** 우양산 ",
    "Syllable": "286",
    "Word": "66",
    "GeneralPolarity": "1",
    "Aspects": [
      {
        "Aspect": "디자인",
        "SentimentText": "질리지 않는 은은한 레이스 테두리가 너무 예쁘네요 ",
        "SentimentWord": "7",
        "SentimentPolarity": "1"
      },
      {
        "Aspect": "가격",
        "SentimentText": "가격도 많이 내려서 잘 구매했습니다",
        "SentimentWord": "5",
        "SentimentPolarity": "1"
      },
      {
        "Aspect": "품질",
        "SentimentText": "ㅇㅇ라 역시 퀄리티가 남다릅니다 ",
        "SentimentWord": "4",
        "SentimentPolarity": "1"
      },
      {
        "Aspect": "가격",
        "SentimentText": "다른 제품에 비해 가격이 나갔지만 조금 돈을 더 주더라도 선택하길 잘한거 같습니다",
        "SentimentWord": "12",
        "SentimentPolarity": "-1"
      },
      {
        "Aspect": "소재",
        "SentimentText": " 탄탄한 재질이며",
        "SentimentWord": "2",
        "SentimentPolarity": "1"
      },
      {
        "Aspect": "사이즈/폭/길이/두께",
        "SentimentText": "레이스때문에 접으면 두께는 두껍네요 ",
        "SentimentWord": "4",
        "SentimentPolarity": "0"
      },
      {
        "Aspect": "내구성",
        "SentimentText": " 튼튼해 보이네요",
        "SentimentWord": "2",
        "SentimentPolarity": "1"
      }
    ]
  },
  {
    "Index": "1035250",
    "RawText": "지금부터 알려드릴 제품은 어디 괜찮은 물건이 없을까하고 구매한 제품의 상세한 후기입니다  색상 완전 만족스럽습니다 고급지고 완전 맘에드네요 백화점에서 실물보고 온라인으로 저렴하게 구매했습니다 정말 튼튼하구요 우양산이라 일석이조의 효과를 볼 수 있어요 디자인도 너무 고급스럽고 자수가 여성스럽네요 크기에 비해서 엄청 가볍고 일상이나 여행에 정말 유용하게 쓰일거 같습니다 선물용으로 정말 추천드려요 욕먹지 않을 자신 있네요 만족스러운 구매였습니다   포스팅을 보시고 더 좋은 선택을 할수 있는 의미있는 글이였으면 좋겠네요",
    "Source": "SNS",
    "Domain": "패션",
    "MainCategory": "잡화",
    "ProductName": "OO 낙** 3단 우양산",
    "Syllable": "289",
    "Word": "64",
    "GeneralPolarity": "1",
    "Aspects": [
      {
        "Aspect": "색상",
        "SentimentText": "색상 완전 만족스럽습니다 ",
        "SentimentWord": "3",
        "SentimentPolarity": "1"
      },
      {
        "Aspect": "가격",
        "SentimentText": "온라인으로 저렴하게 구매했습니다 ",
        "SentimentWord": "3",
        "SentimentPolarity": "1"
      },
      {
        "Aspect": "내구성",
        "SentimentText": "정말 튼튼하구요",
        "SentimentWord": "2",
        "SentimentPolarity": "1"
      },
      {
        "Aspect": "사용성/편의성",
        "SentimentText": " 우양산이라 일석이조의 효과를 볼 수 있어요 ",
        "SentimentWord": "6",
        "SentimentPolarity": "1"
      },
      {
        "Aspect": "디자인",
        "SentimentText": "디자인도 너무 고급스럽고 자수가 여성스럽네요",
        "SentimentWord": "5",
        "SentimentPolarity": "1"
      },
      {
        "Aspect": "무게",
        "SentimentText": "크기에 비해서 엄청 가볍고 ",
        "SentimentWord": "4",
        "SentimentPolarity": "1"
      },
      {
        "Aspect": "사용성/편의성",
        "SentimentText": "여행에 정말 유용하게 쓰일거 같습니다 ",
        "SentimentWord": "5",
        "SentimentPolarity": "1"
      },
      {
        "Aspect": "색상",
        "SentimentText": "고급지고 완전 맘에드네요",
        "SentimentWord": "3",
        "SentimentPolarity": "1"
      }
    ]
  },
  {
    "Index": "1035251",
    "RawText": "너무 좋아서 내돈내산한 제품을 상세하게 설명드려 볼게요  디자인 깔끔하고 착용감 좋습니다 무게도 가벼워 저는 좋네요 반짝반짝 빛나는게 너무 이쁘네요 길이 짧을까봐 걱정했는데 발목에 적당히 남아서 좋네요 생각보다 볼륨감도 있어서 너무 좋네요 달랑거리는 것도 귀엽고 만족스럽지 않은게 없습니다 가격도 저렴하게 구입하며 가성비 너무 만족스럽구요 여자친구나 아내에게 선물해도 손색 없을 정도의 품질입니다 만족합니다  제 후기로 인해 구매시 많은 도움이 되었으면 좋겠습니다",
    "Source": "SNS",
    "Domain": "패션",
    "MainCategory": "잡화",
    "ProductName": "OO 14K 거** 발찌",
    "Syllable": "259",
    "Word": "59",
    "GeneralPolarity": "1",
    "Aspects": [
      {
        "Aspect": "디자인",
        "SentimentText": " 디자인 깔끔하고",
        "SentimentWord": "2",
        "SentimentPolarity": "1"
      },
      {
        "Aspect": "착용감",
        "SentimentText": "착용감 좋습니다",
        "SentimentWord": "2",
        "SentimentPolarity": "1"
      },
      {
        "Aspect": "무게",
        "SentimentText": " 무게도 가벼워 저는 좋네요",
        "SentimentWord": "4",
        "SentimentPolarity": "1"
      },
      {
        "Aspect": "디자인",
        "SentimentText": "반짝반짝 빛나는게 너무 이쁘네요",
        "SentimentWord": "4",
        "SentimentPolarity": "1"
      },
      {
        "Aspect": "사이즈/폭/길이/두께",
        "SentimentText": " 길이 짧을까봐 걱정했는데 발목에 적당히 남아서 좋네요",
        "SentimentWord": "7",
        "SentimentPolarity": "1"
      },
      {
        "Aspect": "사이즈/폭/길이/두께",
        "SentimentText": "생각보다 볼륨감도 있어서 너무 좋네요",
        "SentimentWord": "5",
        "SentimentPolarity": "1"
      },
      {
        "Aspect": "디자인",
        "SentimentText": "달랑거리는 것도 귀엽고 만족스럽지 않은게 없습니다",
        "SentimentWord": "6",
        "SentimentPolarity": "1"
      },
      {
        "Aspect": "가격",
        "SentimentText": "가격도 저렴하게 구입하며 가성비 너무 만족스럽구요",
        "SentimentWord": "6",
        "SentimentPolarity": "1"
      },
      {
        "Aspect": "품질",
        "SentimentText": "여자친구나 아내에게 선물해도 손색 없을 정도의 품질입니다",
        "SentimentWord": "7",
        "SentimentPolarity": "1"
      }
    ]
  },
  {
    "Index": "1035252",
    "RawText": "이곳저곳 후기를 보고 구매해서 써본 솔직한 나의 후기를 지금부터 적으려고 합니다  완전 심플하면서 깔끔해서 아주 마음에 드네요  사은품으로 주신것도 넘 이쁘고 귀여워요 일단 디자인 심플해서 유행타지 않을 듯 해서 좋습니다 14K라 그런지 노란빛이 너무 약해서 처음에 받고는 색이 왜좀 그랬는데 계속 보니 나쁘지 않은거 같습니다 손목이 굵은편인데 적당히 잘 맞구요 가지고 싶던 뱅글 팔찌 고민하다 구입했는데 후회하지 않을 선택이었네요 치수조절을 못 하는게 조금 아쉽지만 가격이 착해서 만족합니다  포스팅을 보시고 더 좋은 선택을 할수 있는 의미있는 글이였으면 좋겠네요",
    "Source": "SNS",
    "Domain": "패션",
    "MainCategory": "잡화",
    "ProductName": "OO 14K 베** 팔찌 ",
    "Syllable": "316",
    "Word": "77",
    "GeneralPolarity": "1",
    "Aspects": [
      {
        "Aspect": "디자인",
        "SentimentText": "완전 심플하면서 깔끔해서 아주 마음에 드네요",
        "SentimentWord": "6",
        "SentimentPolarity": "1"
      },
      {
        "Aspect": "디자인",
        "SentimentText": "사은품으로 주신것도 넘 이쁘고 귀여워요",
        "SentimentWord": "5",
        "SentimentPolarity": "1"
      },
      {
        "Aspect": "디자인",
        "SentimentText": " 디자인 심플해서 유행타지 않을 듯 해서 좋습니다 ",
        "SentimentWord": "7",
        "SentimentPolarity": "1"
      },
      {
        "Aspect": "소재",
        "SentimentText": "14K라 그런지",
        "SentimentWord": "2",
        "SentimentPolarity": "0"
      },
      {
        "Aspect": "색상",
        "SentimentText": "노란빛이 너무 약해서 처음에 받고는 색이 왜좀 그랬는데 계속 보니 나쁘지 않은거 같습니다",
        "SentimentWord": "13",
        "SentimentPolarity": "0"
      },
      {
        "Aspect": "사이즈/폭/길이/두께",
        "SentimentText": " 손목이 굵은편인데 적당히 잘 맞구요",
        "SentimentWord": "5",
        "SentimentPolarity": "1"
      },
      {
        "Aspect": "기능성",
        "SentimentText": "치수조절을 못 하는게 조금 아쉽지만",
        "SentimentWord": "5",
        "SentimentPolarity": "-1"
      },
      {
        "Aspect": "가격",
        "SentimentText": "가격이 착해서 만족합니다",
        "SentimentWord": "3",
        "SentimentPolarity": "1"
      }
    ]
  },
  {
    "Index": "1035253",
    "RawText": "주변사람 추천템으로 인기가 많은 상품을 지금부터 소개합니다  사이즈도 딱 좋고 재질도 단단하면서 스크래치도 잘 안나는 가죽입니다 디자인 군더더기 없이 예쁘구요 어느정도 무게감도 있는거 같은데 그렇다고 막 무겁지는 않아요 수납공간은 자그마한 수납공간 2곳 큰 공간 1곳이 있어 카드지갑이나 기타 필수품 넣기에 너무 좋네요 끈 조절도 쉽고 너무 길지 않아 20대 초반에 크로스백으로 들기 딱 좋습니다 예쁘게 잘 매고 다닐 수 있는 데일리 백이네요   내돈으로 내가 사서 직접 사용하고 써봤기에 솔직하게 남기는 후기라고 생각하시면 되겠습니다",
    "Source": "SNS",
    "Domain": "패션",
    "MainCategory": "잡화",
    "ProductName": "OO 크로스 겸 숄더백",
    "Syllable": "299",
    "Word": "73",
    "GeneralPolarity": "1",
    "Aspects": [
      {
        "Aspect": "사이즈/폭/길이/두께",
        "SentimentText": "사이즈도 딱 좋고 ",
        "SentimentWord": "3",
        "SentimentPolarity": "1"
      },
      {
        "Aspect": "소재",
        "SentimentText": "재질도 단단하면서 스크래치도 잘 안나는 가죽입니다 ",
        "SentimentWord": "6",
        "SentimentPolarity": "1"
      },
      {
        "Aspect": "수납",
        "SentimentText": "수납공간 2곳 큰 공간 1곳이 있어 카드지갑이나 기타 필수품 넣기에 너무 좋네요",
        "SentimentWord": "12",
        "SentimentPolarity": "1"
      },
      {
        "Aspect": "사용성/편의성",
        "SentimentText": "끈 조절도 쉽고",
        "SentimentWord": "3",
        "SentimentPolarity": "1"
      },
      {
        "Aspect": "사이즈/폭/길이/두께",
        "SentimentText": " 너무 길지 않아",
        "SentimentWord": "3",
        "SentimentPolarity": "1"
      },
      {
        "Aspect": "사용성/편의성",
        "SentimentText": "20대 초반에 크로스백으로 들기 딱 좋습니다",
        "SentimentWord": "6",
        "SentimentPolarity": "1"
      },
      {
        "Aspect": "사용성/편의성",
        "SentimentText": "예쁘게 잘 매고 다닐 수 있는 데일리 백이네요 ",
        "SentimentWord": "8",
        "SentimentPolarity": "1"
      },
      {
        "Aspect": "디자인",
        "SentimentText": "디자인 군더더기 없이 예쁘구요 ",
        "SentimentWord": "4",
        "SentimentPolarity": "1"
      },
      {
        "Aspect": "무게",
        "SentimentText": "어느정도 무게감도 있는거 같은데 그렇다고 막 무겁지는 않아요 ",
        "SentimentWord": "8",
        "SentimentPolarity": "0"
      }
    ]
  },
  {
    "Index": "1035254",
    "RawText": "잇님 안녕하세요 오늘도 많이 행복한 하루 되시기를 바랍니다.  아이 현장체험학습갈때 들고 갈려고 구매했습니다 색감도 너무 예뻐서 마음에 든데요 사이즈도 아이가 들기에 딱 적당해서 좋습니다 물통에서 물이 흘렀는데도 방수가 되더라구요 너무 만족합니다 가격이 너무 저렴해서 가방이 안좋으면 어쩌나 걱정했는데 생각보다 품질도 너무 좋아서 대만족입니다   제 블로그가 마음에 드셨나요? 그러셨으면 너무 좋겠네요 혹시 질문 있으면 어렵게 생각말고 편안하게 댓글 남겨주세요",
    "Source": "SNS",
    "Domain": "패션",
    "MainCategory": "잡화",
    "ProductName": "OO 레** 미니 초경량 백팩 (10L) ",
    "Syllable": "257",
    "Word": "58",
    "GeneralPolarity": "1",
    "Aspects": [
      {
        "Aspect": "색상",
        "SentimentText": " 색감도 너무 예뻐서 마음에 든데요",
        "SentimentWord": "5",
        "SentimentPolarity": "1"
      },
      {
        "Aspect": "사이즈/폭/길이/두께",
        "SentimentText": "사이즈도 아이가 들기에 딱 적당해서 좋습니다 ",
        "SentimentWord": "6",
        "SentimentPolarity": "1"
      },
      {
        "Aspect": "기능성",
        "SentimentText": " 물통에서 물이 흘렀는데도 방수가 되더라구요 너무 만족합니다",
        "SentimentWord": "7",
        "SentimentPolarity": "1"
      },
      {
        "Aspect": "가격",
        "SentimentText": "가격이 너무 저렴해서",
        "SentimentWord": "3",
        "SentimentPolarity": "1"
      },
      {
        "Aspect": "품질",
        "SentimentText": "생각보다 품질도 너무 좋아서 대만족입니다 ",
        "SentimentWord": "5",
        "SentimentPolarity": "1"
      }
    ]
  },
  {
    "Index": "1035255",
    "RawText": "등산가기 딱 좋은 날씨입니다 그런 의미에서 백팩을 소개해 드릴까 해요  몇년 전에 똑같은 가방을 사서 쓰다가 너무 낡아서 같은 걸로 재구매했습니다 다른색상 품절이라 퍼플 구입했는데 나름 괜찮네요 구매하고 등산갈때랑 야유회때 사용했는데 편하게 아주 잘 사용했어요 가격대비 재질도 아주 좋아 보입니다 사이즈도 딱 적당해서 마음에 들어요  여기까지가 끝이에요. 오늘도 행복한 시간들이 함께하길 바래요! 또다른 이야기로 다시 찾아 뵙겠습니다 감사해요",
    "Source": "SNS",
    "Domain": "패션",
    "MainCategory": "잡화",
    "ProductName": "OO 코** 백팩 25L ",
    "Syllable": "247",
    "Word": "58",
    "GeneralPolarity": "1",
    "Aspects": [
      {
        "Aspect": "색상",
        "SentimentText": "퍼플 구입했는데 나름 괜찮네요",
        "SentimentWord": "4",
        "SentimentPolarity": "1"
      },
      {
        "Aspect": "사용성/편의성",
        "SentimentText": "등산갈때랑 야유회때 사용했는데 편하게 아주 잘 사용했어요 ",
        "SentimentWord": "7",
        "SentimentPolarity": "1"
      },
      {
        "Aspect": "소재",
        "SentimentText": "가격대비 재질도 아주 좋아 보입니다",
        "SentimentWord": "5",
        "SentimentPolarity": "1"
      },
      {
        "Aspect": "사이즈/폭/길이/두께",
        "SentimentText": "사이즈도 딱 적당해서 마음에 들어요 ",
        "SentimentWord": "5",
        "SentimentPolarity": "1"
      }
    ]
  },
  {
    "Index": "1035256",
    "RawText": "오늘은 우리 잇님들과 소통하는 시간이네요 블로그 방문 감사합니다  우리 딸이 요거 사달라고 직접 골라서 왔네요 디자인이 딸이 좋아하는 거래요 받아 보니 가벼워서 마음에 드네요 딸이 메고 다니기에 무겁지 않아서 잘 들고 다니겠네요 사이즈도 작은 체구의 딸이 들기에 적당합니다 주머니도 여러개라 수납하기도 참 좋습니다 ㅇㅇ 파업으로 배송은 좀 늦었습니다  제 블로그가 마음에 드셨나요? 그러셨으면 너무 좋겠네요 혹시 질문 있으면 어렵게 생각말고 편안하게 댓글 남겨주세요  ",
    "Source": "SNS",
    "Domain": "패션",
    "MainCategory": "잡화",
    "ProductName": "OO 링** 백팩 ",
    "Syllable": "262",
    "Word": "63",
    "GeneralPolarity": "1",
    "Aspects": [
      {
        "Aspect": "디자인",
        "SentimentText": "디자인이 딸이 좋아하는 거래요",
        "SentimentWord": "4",
        "SentimentPolarity": "1"
      },
      {
        "Aspect": "무게",
        "SentimentText": "가벼워서 마음에 드네요 ",
        "SentimentWord": "3",
        "SentimentPolarity": "1"
      },
      {
        "Aspect": "사이즈/폭/길이/두께",
        "SentimentText": "사이즈도 작은 체구의 딸이 들기에 적당합니다",
        "SentimentWord": "6",
        "SentimentPolarity": "1"
      },
      {
        "Aspect": "수납",
        "SentimentText": "주머니도 여러개라 수납하기도 참 좋습니다",
        "SentimentWord": "5",
        "SentimentPolarity": "1"
      },
      {
        "Aspect": "무게",
        "SentimentText": "딸이 메고 다니기에 무겁지 않아서 잘 들고 다니겠네요",
        "SentimentWord": "8",
        "SentimentPolarity": "1"
      }
    ]
  },
  {
    "Index": "1035257",
    "RawText": "따뜻한 햇볕이 아름다운 날이네요 오늘 주제는 백팩입니다   우리 아들이 초등학교3학년인데 덩치가 커서 조금 큰 가방을 주문했어요 디자인이 깔끔해서 마음에 들어요 이 가방을 메니 초등학교 6학년짜리는 되어 보입니다 가방 내부나 외부에 수납력이 아주 좋아서 마음에 드네요 가방끈앞쪽에 스트랩이 있어서 흘러내리지 않고 좋습니다 가격대비 품질이 좋은 것 같습니다  오늘은 여기까지 입니다 다소 부족하지만 이해해 주세요 다음에는 다른 내용으로 다시올께요!  ",
    "Source": "SNS",
    "Domain": "패션",
    "MainCategory": "잡화",
    "ProductName": "OO 헤** 백팩 ",
    "Syllable": "251",
    "Word": "57",
    "GeneralPolarity": "1",
    "Aspects": [
      {
        "Aspect": "디자인",
        "SentimentText": "디자인이 깔끔해서 마음에 들어요",
        "SentimentWord": "4",
        "SentimentPolarity": "1"
      },
      {
        "Aspect": "수납",
        "SentimentText": "방 내부나 외부에 수납력이 아주 좋아서 마음에 드네요",
        "SentimentWord": "8",
        "SentimentPolarity": "1"
      },
      {
        "Aspect": "디자인",
        "SentimentText": "가방끈앞쪽에 스트랩이 있어서 흘러내리지 않고 좋습니다 ",
        "SentimentWord": "6",
        "SentimentPolarity": "1"
      },
      {
        "Aspect": "품질",
        "SentimentText": "가격대비 품질이 좋은 것 같습니다",
        "SentimentWord": "5",
        "SentimentPolarity": "1"
      }
    ]
  },
  {
    "Index": "1035258",
    "RawText": "오늘은 오랫만에 백팩에 관한 포스팅을 해볼까 합니다 이웃님 잘 들어주세요  초등학교 6학년 아들이 쓸려고 구입했어요 인터넷 서치로 구매했는데 막상 받아보니 디자인이 너무 마음에 드네요 심플하지만 투박하지 않아서 좋습니다 튼튼한 박음질과 마감이 잘 되어 있네요 생활방수가 되어서 너무 좋습니다 소재도 시원한 재질이라 좋습니다 부족한 것 없이 마음에 드네요   오늘은 여기까지 입니다 다소 부족하지만 이해해 주세요 다음에는 다른 내용으로 다시올께요!   ",
    "Source": "SNS",
    "Domain": "패션",
    "MainCategory": "잡화",
    "ProductName": "OO 레** 백팩",
    "Syllable": "252",
    "Word": "58",
    "GeneralPolarity": "1",
    "Aspects": [
      {
        "Aspect": "디자인",
        "SentimentText": "디자인이 너무 마음에 드네요 ",
        "SentimentWord": "4",
        "SentimentPolarity": "1"
      },
      {
        "Aspect": "품질",
        "SentimentText": " 튼튼한 박음질과 마감이 잘 되어 있네요",
        "SentimentWord": "6",
        "SentimentPolarity": "1"
      },
      {
        "Aspect": "기능성",
        "SentimentText": "생활방수가 되어서 너무 좋습니다",
        "SentimentWord": "4",
        "SentimentPolarity": "1"
      },
      {
        "Aspect": "소재",
        "SentimentText": "소재도 시원한 재질이라 좋습니다 ",
        "SentimentWord": "4",
        "SentimentPolarity": "1"
      },
      {
        "Aspect": "디자인",
        "SentimentText": "심플하지만 투박하지 않아서 좋습니다",
        "SentimentWord": "4",
        "SentimentPolarity": "1"
      }
    ]
  },
  {
    "Index": "1035259",
    "RawText": "가을빛이 점점 뚜렷해 지고 있는 시기네요 이웃님 오늘은 등산가방에 대해 포스팅을 해보려 합니다   데일리 등산 가방이 필요했는데 지인이 추천해줘서 구입하였습니다 용량이 큰게 있었음 해서 30리터로 구입했는데 딱 좋습니다 등산갈때 들어도 좋고 일상생활에 사용해도 무난할 것 같네요 색상도 블랙이라 어디든 잘 어울려요 가방 자체 무게가 좀 나가지만 튼튼해서 좋습니다 가격대비 만족합니다  제가 적은 글이 어떠셨나요? 아쉬운 점이 있으면 말해주실래요? 저에게는 큰 도움이 된답니다 너무 고마워요 ",
    "Source": "SNS",
    "Domain": "패션",
    "MainCategory": "잡화",
    "ProductName": "OO 소** 백팩 30L ",
    "Syllable": "274",
    "Word": "64",
    "GeneralPolarity": "1",
    "Aspects": [
      {
        "Aspect": "사이즈/폭/길이/두께",
        "SentimentText": "용량이 큰게 있었음 해서 30리터로 구입했는데 딱 좋습니다",
        "SentimentWord": "8",
        "SentimentPolarity": "1"
      },
      {
        "Aspect": "사용성/편의성",
        "SentimentText": "등산갈때 들어도 좋고 일상생활에 사용해도 무난할 것 같네요",
        "SentimentWord": "8",
        "SentimentPolarity": "1"
      },
      {
        "Aspect": "색상",
        "SentimentText": " 색상도 블랙이라 어디든 잘 어울려요 ",
        "SentimentWord": "5",
        "SentimentPolarity": "1"
      },
      {
        "Aspect": "무게",
        "SentimentText": "가방 자체 무게가 좀 나가지만",
        "SentimentWord": "5",
        "SentimentPolarity": "-1"
      },
      {
        "Aspect": "내구성",
        "SentimentText": " 튼튼해서 좋습니다 ",
        "SentimentWord": "2",
        "SentimentPolarity": "1"
      },
      {
        "Aspect": "가격",
        "SentimentText": "가격대비 만족합니다",
        "SentimentWord": "2",
        "SentimentPolarity": "1"
      }
    ]
  },
  {
    "Index": "1035260",
    "RawText": "며칠째 흐리던 하늘이 선명해지자 푸르러진 세상이 빛을 냅니다. 여러분의 모습도 선명한 눈으로 보아야 더욱 아름다운 것이기를 바랍니다.  다음주 등산을 가야해서 급하게 주문했습니다 큰 용량이 필요해서 35리터로 샀는데 커서 너무 좋습니다 색상도 산에 가기 딱 이쁜 색입니다 특히 여름철에 제가 땀이 많은데 등판이 에어메쉬로 되어 있어서 너무 좋네요 사은품으로 레인커버도 들어있습니다  제 블로그가 마음에 드셨나요? 그러셨으면 너무 좋겠네요 혹시 질문 있으면 어렵게 생각말고 편안하게 댓글 남겨주세요",
    "Source": "SNS",
    "Domain": "패션",
    "MainCategory": "잡화",
    "ProductName": "OO 스** 백팩 35L ",
    "Syllable": "277",
    "Word": "65",
    "GeneralPolarity": "1",
    "Aspects": [
      {
        "Aspect": "사이즈/폭/길이/두께",
        "SentimentText": " 큰 용량이 필요해서 35리터로 샀는데 커서 너무 좋습니다 ",
        "SentimentWord": "8",
        "SentimentPolarity": "1"
      },
      {
        "Aspect": "색상",
        "SentimentText": "색상도 산에 가기 딱 이쁜 색입니다",
        "SentimentWord": "6",
        "SentimentPolarity": "1"
      },
      {
        "Aspect": "소재",
        "SentimentText": "여름철에 제가 땀이 많은데 등판이 에어메쉬로 되어 있어서 너무 좋네요",
        "SentimentWord": "10",
        "SentimentPolarity": "1"
      },
      {
        "Aspect": "제품구성",
        "SentimentText": "사은품으로 레인커버도 들어있습니다",
        "SentimentWord": "3",
        "SentimentPolarity": "1"
      }
    ]
  },
  {
    "Index": "1035261",
    "RawText": "오늘처럼 맑은 하늘이 기분을 맑게 해주는 것 같습니다 이웃님 찾아주셔서 감사합니다  백팩을 아주 큰거랑 아주 작은거는 있는데 중간사이즈가 없어서 찾아 보다가 딱 이가방을 만났습니다 사이즈가 아주 마음에 드네요 아이패드 넣고 다이어리 넣고 필통 넣기에 딱 맞네요 안쪽 작은 수납공간에는 잡동사니 넣어도 딱 적당하니 좋아요 무난하게 아주 잘 메고 다닐 것 같네요 가방 들고 바로 외출했습니다  저는 이만 물러갈께요! 부족한 글이지만 끝까지 읽어주셔서 너무 고마워요~ 다음에도 많이 준비 할테니 또 오세요  ",
    "Source": "SNS",
    "Domain": "패션",
    "MainCategory": "잡화",
    "ProductName": "OO 브** 미니 백팩 ",
    "Syllable": "281",
    "Word": "70",
    "GeneralPolarity": "1",
    "Aspects": [
      {
        "Aspect": "사이즈/폭/길이/두께",
        "SentimentText": "사이즈가 아주 마음에 드네요",
        "SentimentWord": "4",
        "SentimentPolarity": "1"
      },
      {
        "Aspect": "수납",
        "SentimentText": "아이패드 넣고 다이어리 넣고 필통 넣기에 딱 맞네요",
        "SentimentWord": "8",
        "SentimentPolarity": "1"
      },
      {
        "Aspect": "수납",
        "SentimentText": "안쪽 작은 수납공간에는 잡동사니 넣어도 딱 적당하니 좋아요",
        "SentimentWord": "8",
        "SentimentPolarity": "1"
      },
      {
        "Aspect": "사용성/편의성",
        "SentimentText": "무난하게 아주 잘 메고 다닐 것 같네요",
        "SentimentWord": "7",
        "SentimentPolarity": "1"
      }
    ]
  },
  {
    "Index": "1035262",
    "RawText": "바람이 참 좋은 오늘 같은 날 잇님들도 잘 보내고 계신가요? 오늘 이시간에는 백팩으로 만나뵙게 되었습니다  6학년 우리 아들 학원가방으로 쓸려고 구매했어요 책이 많아서 새로 샀네요 아이가 메보니 불편하지 않다고 하네요 수납공간은 작은 주머니들은 없고 다 크네요 사이즈도 살짝 큰 느낌이지만 나름 괜찮습니다 두루두루 사용하기에는 괜찮을 것 같네요 가격도 저렴하고 상품질도 나쁘지 않아서 마음에 듭니다  제가 적은 글이 어떠셨나요? 아쉬운 점이 있으면 말해주실래요? 저에게는 큰 도움이 된답니다 너무 고마워요 ",
    "Source": "SNS",
    "Domain": "패션",
    "MainCategory": "잡화",
    "ProductName": "OO 파** 백팩 ",
    "Syllable": "283",
    "Word": "68",
    "GeneralPolarity": "1",
    "Aspects": [
      {
        "Aspect": "착용감",
        "SentimentText": "아이가 메보니 불편하지 않다고 하네요",
        "SentimentWord": "5",
        "SentimentPolarity": "1"
      },
      {
        "Aspect": "수납",
        "SentimentText": " 수납공간은 작은 주머니들은 없고 다 크네요",
        "SentimentWord": "6",
        "SentimentPolarity": "-1"
      },
      {
        "Aspect": "사이즈/폭/길이/두께",
        "SentimentText": "사이즈도 살짝 큰 느낌이지만 나름 괜찮습니다",
        "SentimentWord": "6",
        "SentimentPolarity": "0"
      },
      {
        "Aspect": "사용성/편의성",
        "SentimentText": "두루두루 사용하기에는 괜찮을 것 같네요 ",
        "SentimentWord": "5",
        "SentimentPolarity": "1"
      },
      {
        "Aspect": "가격",
        "SentimentText": "가격도 저렴하고",
        "SentimentWord": "2",
        "SentimentPolarity": "1"
      },
      {
        "Aspect": "품질",
        "SentimentText": " 상품질도 나쁘지 않아서 마음에 듭니다",
        "SentimentWord": "5",
        "SentimentPolarity": "0"
      }
    ]
  },
  {
    "Index": "1035263",
    "RawText": "잇님들 덕분에 늘 행복합니다 오늘도 이시간이 행복했으면 좋겠습니다   몇년 전에 구매했던 타사제품이 너무 오래되고 떨어진 참에 ㅇㅇ 가방이 딱 눈에 들어와 주문했습니다 디자인이 아웃도어용인 듯 보이면서도 심플한게 마음에 들어요 사이즈도 슬림해서 아주 맘에 듭니다 무게도 가벼워서 좋구요 착용감이 너무 편하고 좋습니다 백팩이나 크로스백을 자주 사용하는데 내일부터는 이 가방만 메고 다닐 것 같습니다   저는 이만 물러갈께요! 부족한 글이지만 끝까지 읽어주셔서 너무 고마워요~ 다음에도 많이 준비 할테니 또 오세요  ",
    "Source": "SNS",
    "Domain": "패션",
    "MainCategory": "잡화",
    "ProductName": "OO 스** 백팩 ",
    "Syllable": "287",
    "Word": "67",
    "GeneralPolarity": "1",
    "Aspects": [
      {
        "Aspect": "디자인",
        "SentimentText": "디자인이 아웃도어용인 듯 보이면서도 심플한게 마음에 들어요 ",
        "SentimentWord": "7",
        "SentimentPolarity": "1"
      },
      {
        "Aspect": "사이즈/폭/길이/두께",
        "SentimentText": "사이즈도 슬림해서 아주 맘에 듭니다",
        "SentimentWord": "5",
        "SentimentPolarity": "1"
      },
      {
        "Aspect": "무게",
        "SentimentText": "무게도 가벼워서 좋구요",
        "SentimentWord": "3",
        "SentimentPolarity": "1"
      },
      {
        "Aspect": "착용감",
        "SentimentText": " 착용감이 너무 편하고 좋습니다",
        "SentimentWord": "4",
        "SentimentPolarity": "1"
      },
      {
        "Aspect": "사용성/편의성",
        "SentimentText": "백팩이나 크로스백을 자주 사용하는데 내일부터는 이 가방만 메고 다닐 것 같습니다 ",
        "SentimentWord": "11",
        "SentimentPolarity": "1"
      }
    ]
  }
]