Hours Studied,Previous Scores,Extracurricular Activities,Sleep Hours,Sample Question Papers Practiced,Performance Index
7,99,Yes,9,1,90
8,51,Yes,7,2,44
8,91,No,4,5,86
5,79,No,7,8,66
2,72,No,4,3,49
2,54,Yes,4,9,30
1,99,Yes,4,3,73
1,85,No,5,6,61
3,61,No,6,3,41
9,84,Yes,6,6,81
5,90,Yes,4,3,75
3,61,Yes,7,3,43
7,44,Yes,9,1,38
2,55,Yes,4,1,31
2,63,Yes,6,0,40
4,73,Yes,7,0,57
8,61,No,7,2,54
2,89,Yes,6,1,67
6,81,No,9,9,72
6,62,Yes,9,0,49
2,54,Yes,9,5,33
8,48,No,6,0,39
9,97,Yes,8,5,95
1,87,Yes,8,8,64
7,61,Yes,4,7,55
8,62,Yes,4,2,57
8,68,No,7,3,63
3,54,Yes,5,0,30
3,69,No,4,7,49
7,80,No,8,3,73
9,99,No,4,1,93
8,61,Yes,6,9,56
3,48,No,7,5,26
8,64,No,5,1,56
7,53,No,5,9,42
7,89,No,8,1,82
5,40,No,4,9,24
7,68,No,4,8,59
3,67,No,9,8,49
4,56,No,4,7,39
7,91,Yes,6,3,83
9,89,Yes,5,3,86
4,54,No,7,5,35
7,96,No,5,3,83
8,96,No,8,9,93
6,59,Yes,4,9,46
8,48,No,5,4,41
1,72,No,7,0,46
4,77,Yes,8,6,61
2,53,Yes,8,9,32
3,56,No,5,7,36
1,96,No,8,6,72
1,72,Yes,5,7,45
8,40,Yes,7,7,34
2,45,Yes,4,3,21
5,72,Yes,8,1,57
1,69,Yes,9,8,46
5,49,No,6,5,33
7,58,Yes,6,2,49
8,62,No,6,8,58
1,43,No,6,4,16
8,58,No,5,1,50
4,66,No,4,5,48
6,73,No,8,7,62
1,95,No,8,6,71
9,77,Yes,9,1,76
6,46,Yes,9,7,36
3,65,No,4,4,44
4,48,No,5,1,30
2,55,Yes,6,7,33
8,93,No,7,2,87
7,49,Yes,7,3,39
4,47,Yes,5,1,30
5,87,No,5,3,72
8,65,No,6,5,60
3,54,Yes,6,3,34
6,77,No,6,8,66
3,62,Yes,9,0,43
4,62,Yes,4,6,42
4,78,No,8,3,64
5,92,No,7,2,77
7,52,No,6,5,43
6,83,Yes,4,7,71
3,48,No,5,1,25
2,66,Yes,6,3,42
5,68,No,4,8,53
1,76,No,8,5,51
3,90,Yes,7,7,72
3,46,Yes,4,2,26
9,72,No,7,1,68
5,77,No,7,4,63
4,89,Yes,7,8,73
8,44,No,6,5,37
2,99,Yes,9,5,80
1,99,Yes,4,6,73
9,93,No,7,5,91
8,91,No,5,8,86
9,96,Yes,4,3,94
1,61,No,8,3,35
3,73,Yes,5,0,51
2,45,Yes,4,5,20
4,41,Yes,8,2,23
5,44,No,6,0,27
7,84,No,6,9,76
4,89,Yes,7,1,73
7,51,Yes,6,7,43
1,40,Yes,8,9,15
5,83,No,5,0,68
1,83,No,8,0,58
1,86,Yes,5,9,60
2,41,No,8,8,19
8,88,No,5,8,83
6,77,No,6,4,66
5,87,Yes,9,2,73
9,65,Yes,4,8,64
1,94,Yes,9,3,68
5,56,Yes,5,2,40
1,99,Yes,4,6,73
5,62,Yes,7,2,47
7,85,No,9,8,77
3,82,No,6,2,62
5,89,No,7,4,75
1,44,Yes,7,3,19
3,89,No,8,7,70
3,63,Yes,6,8,42
1,77,Yes,4,1,50
1,42,Yes,8,4,16
3,80,No,7,3,61
8,88,No,9,2,82
2,81,No,6,1,59
9,50,Yes,9,9,49
5,81,No,6,5,67
9,86,Yes,6,9,85
9,88,Yes,5,4,84
3,76,Yes,5,9,56
7,79,Yes,9,4,72
1,99,No,7,5,73
9,98,No,6,7,95
4,40,Yes,6,5,24
3,75,Yes,5,8,56
9,44,No,5,1,39
5,59,No,5,1,41
3,76,Yes,5,6,56
4,87,Yes,5,1,68
5,40,Yes,7,8,26
5,70,No,7,4,55
9,90,No,5,8,87
2,44,Yes,6,4,18
6,40,Yes,4,0,25
3,64,Yes,9,1,44
1,43,Yes,7,4,17
4,91,No,9,5,77
4,45,No,6,8,29
6,95,No,8,7,86
7,85,Yes,9,4,77
3,72,Yes,8,3,54
8,54,No,6,6,48
7,75,No,8,6,68
1,53,Yes,8,5,28
3,95,Yes,4,2,76
1,53,Yes,6,2,27
9,42,Yes,8,0,39
5,89,Yes,6,7,74
5,61,No,8,1,46
5,74,No,5,3,58
4,80,No,5,5,64
2,52,Yes,7,8,28
9,74,Yes,8,6,72
1,90,Yes,5,5,63
1,71,No,7,9,46
9,58,No,6,4,55
8,93,Yes,6,2,88
9,52,No,4,5,47
9,64,No,6,1,58
2,42,No,8,9,22
6,59,Yes,4,1,48
1,71,Yes,9,6,46
5,87,No,9,7,74
7,89,No,9,4,84
6,52,Yes,6,6,39
3,67,Yes,8,6,48
5,60,No,9,0,47
5,99,No,7,5,87
3,66,No,9,7,46
1,99,Yes,9,8,77
1,99,Yes,9,3,75
2,68,No,7,1,44
1,59,No,4,8,33
5,91,Yes,4,8,75
7,54,Yes,4,5,42
2,95,No,9,7,75
3,56,Yes,7,6,36
4,50,Yes,6,7,35
6,44,Yes,7,3,32
1,65,No,8,2,37
5,47,No,4,9,31
5,95,No,9,1,83
2,80,Yes,5,0,54
3,95,Yes,5,1,76
7,75,No,8,1,66
8,55,Yes,5,9,51
3,75,Yes,5,7,56
5,53,No,8,8,39
5,95,Yes,8,1,81
9,84,Yes,8,8,83
9,72,No,7,6,70
6,55,Yes,6,6,44
8,45,No,4,8,38
3,42,No,9,3,23
8,51,Yes,6,8,47
2,72,No,9,1,49
8,70,No,8,3,64
7,66,Yes,8,7,60
9,41,Yes,8,5,38
7,51,Yes,8,5,44
5,61,No,7,0,45
6,76,No,8,2,64
1,71,Yes,6,5,45
2,63,Yes,9,4,40
4,92,No,8,2,76
6,82,No,4,6,71
6,57,No,9,2,48
4,66,No,8,6,48
8,55,No,5,1,48
9,57,Yes,4,8,55
1,42,Yes,8,1,15
6,93,No,5,5,81
6,55,Yes,9,1,44
6,45,Yes,5,3,33
7,90,No,8,2,82
8,89,Yes,5,8,84
7,53,No,9,1,44
8,86,Yes,5,9,82
5,87,Yes,6,7,73
6,44,No,9,8,33
1,71,Yes,6,6,44
6,92,Yes,9,4,82
3,45,Yes,7,4,23
3,64,Yes,4,7,43
4,48,No,9,4,33
6,82,No,6,7,72
4,75,No,6,5,59
2,92,No,9,0,69
9,92,No,5,2,86
2,47,No,8,6,26
8,88,Yes,5,2,81
2,66,No,8,6,45
3,58,Yes,6,1,37
1,64,No,6,9,39
6,60,No,5,2,47
8,63,Yes,9,5,61
9,63,No,9,3,60
3,99,No,9,0,80
5,58,Yes,4,5,43
8,67,No,6,3,61
3,79,Yes,9,5,63
6,81,No,9,5,71
1,86,No,7,4,62
1,52,Yes,9,7,29
8,85,Yes,6,3,79
6,88,No,6,5,75
3,90,Yes,5,6,71
4,78,No,7,7,61
1,47,No,9,0,23
4,49,No,8,5,33
2,46,No,5,0,21
1,92,Yes,6,8,67
6,76,Yes,6,4,66
4,66,No,4,0,48
4,96,Yes,7,7,76
2,66,Yes,5,0,44
6,81,Yes,8,5,71
8,66,No,6,8,63
7,42,No,5,7,32
8,67,Yes,5,3,61
4,69,No,5,7,54
8,93,No,9,0,89
7,68,No,9,6,60
9,52,No,5,9,48
1,42,Yes,6,3,15
6,41,No,9,8,30
8,77,Yes,5,2,71
9,71,No,5,7,68
4,52,No,9,5,34
2,98,No,8,0,76
1,67,Yes,8,0,42
6,99,No,6,4,88
1,96,No,7,1,70
1,96,Yes,5,6,70
1,87,No,6,6,62
1,59,Yes,7,9,33
8,52,No,7,1,44
3,86,No,4,8,67
2,83,Yes,4,5,59
1,53,Yes,7,5,28
2,91,Yes,7,7,69
7,49,No,9,1,40
7,64,Yes,6,7,56
3,89,Yes,9,2,70
8,81,No,5,2,73
7,65,No,5,9,55
6,75,No,7,7,64
5,55,Yes,6,8,41
7,87,No,8,6,82
5,99,No,6,3,84
1,46,No,6,6,21
5,90,No,8,2,77
4,40,Yes,8,4,24
4,74,No,7,3,57
8,62,No,9,9,58
1,46,Yes,6,4,20
2,91,Yes,8,0,68
8,75,Yes,7,4,72
2,59,No,5,6,37
9,63,Yes,8,1,59
5,88,No,7,3,74
6,78,Yes,5,1,67
2,77,No,7,9,56
5,76,Yes,6,5,62
5,51,Yes,7,1,37
9,56,No,4,4,53
5,46,No,4,6,30
2,77,Yes,6,9,55
6,42,No,6,8,29
5,70,Yes,9,0,58
4,82,Yes,7,4,64
6,68,No,6,3,56
6,93,No,6,2,81
5,81,Yes,4,0,64
4,78,No,9,6,65
3,93,No,8,4,75
4,92,No,4,5,75
8,76,Yes,5,4,71
7,91,No,9,9,84
2,74,No,5,2,49
5,48,No,5,5,31
3,58,No,7,0,37
8,75,No,9,8,72
1,46,No,9,8,22
8,99,Yes,8,9,96
7,51,Yes,4,8,40
6,58,Yes,4,2,47
7,41,Yes,6,6,32
7,69,Yes,6,9,61
1,81,No,4,6,54
8,44,No,8,0,38
2,60,No,8,9,37
8,59,Yes,7,9,55
7,47,No,5,5,37
8,51,No,8,4,44
1,60,Yes,4,3,32
4,69,Yes,7,6,54
6,66,Yes,8,8,57
2,65,Yes,9,1,42
7,65,Yes,9,6,59
3,75,Yes,9,3,58
2,79,No,6,3,56
2,98,Yes,6,3,74
7,89,No,5,1,79
1,50,Yes,7,6,24
9,41,Yes,8,1,37
8,40,Yes,6,7,32
9,83,No,9,7,84
4,93,Yes,4,0,75
2,69,No,8,0,46
2,74,No,5,1,48
5,97,Yes,7,3,83
5,45,No,5,6,30
9,82,No,7,3,79
9,43,Yes,8,8,42
8,84,No,5,8,77
4,49,Yes,7,0,31
3,84,Yes,4,6,65
6,85,No,4,3,72
6,60,Yes,6,8,48
7,49,No,6,6,37
1,95,Yes,8,1,69
2,78,Yes,8,4,55
1,93,No,6,2,66
3,80,No,7,7,60
9,43,Yes,9,8,42
4,90,No,8,0,72
5,91,Yes,7,7,76
9,78,Yes,8,3,76
3,47,Yes,4,7,27
9,67,No,4,4,62
8,94,Yes,5,7,87
8,73,No,4,9,66
2,65,Yes,7,4,41
8,76,No,9,3,71
8,53,Yes,6,3,47
9,56,No,4,3,52
7,79,No,9,0,71
5,58,No,6,3,42
9,76,Yes,8,1,75
5,41,No,7,2,25
2,49,No,6,3,25
6,74,No,8,9,63
7,63,No,6,1,52
9,56,Yes,5,4,53
2,79,No,8,5,56
6,41,Yes,4,7,28
4,45,No,5,4,24
4,60,Yes,8,2,43
1,94,Yes,4,7,68
1,68,No,6,8,41
6,46,No,6,2,35
3,72,Yes,9,2,53
6,87,No,7,1,75
2,92,Yes,5,9,71
2,63,Yes,6,7,42
4,65,No,4,4,46
1,86,No,5,4,60
7,99,Yes,8,8,93
4,41,No,7,4,24
3,60,Yes,8,1,39
3,53,No,6,5,33
1,81,Yes,6,7,56
2,83,Yes,9,1,61
8,58,No,6,6,53
5,84,Yes,6,8,70
2,52,Yes,8,9,31
3,61,No,6,6,42
3,95,No,6,1,76
7,83,Yes,5,6,76
1,99,No,9,7,75
9,74,Yes,7,9,72
1,53,Yes,9,5,29
6,52,Yes,7,5,40
6,86,No,7,2,74
1,53,No,5,0,26
2,90,No,8,1,67
9,75,Yes,6,7,72
6,40,Yes,4,9,27
2,92,Yes,7,4,69
8,50,Yes,4,5,45
3,66,No,8,8,45
9,61,Yes,9,9,60
9,85,Yes,7,6,83
9,88,Yes,8,5,85
2,85,Yes,9,1,62
8,49,No,5,6,44
8,63,Yes,5,0,58
4,48,Yes,9,6,33
4,56,Yes,5,1,40
6,77,No,6,4,66
6,79,No,8,3,66
6,76,Yes,5,7,67
7,45,No,8,4,36
9,60,Yes,9,7,60
3,75,No,8,1,57
4,75,No,9,9,60
8,64,No,5,7,59
7,50,No,7,7,41
3,84,No,6,6,62
3,87,Yes,8,5,69
1,96,No,7,5,71
4,75,Yes,9,7,57
4,42,Yes,7,0,24
2,48,No,7,1,25
4,47,No,6,0,29
6,77,Yes,8,9,67
7,43,Yes,9,2,37
5,81,Yes,5,3,66
5,43,No,7,9,29
8,83,No,9,5,79
9,43,No,4,4,38
8,48,Yes,4,0,39
4,51,Yes,9,0,33
7,94,No,9,1,86
4,47,Yes,8,9,31
4,59,Yes,8,2,43
9,78,Yes,6,7,78
5,74,Yes,6,5,60
1,88,Yes,4,5,63
8,96,Yes,5,9,90
4,98,Yes,9,6,84
2,95,No,4,2,73
9,46,Yes,4,2,41
5,70,No,4,4,56
4,57,Yes,9,4,39
7,53,No,6,8,44
3,78,Yes,6,9,57
5,98,Yes,8,7,84
3,76,Yes,9,8,58
5,48,No,9,3,36
8,59,No,4,9,52
9,96,No,6,8,93
2,67,Yes,7,2,44
7,92,No,9,1,85
6,66,Yes,6,3,54
4,47,No,8,6,30
7,96,Yes,7,2,87
8,71,No,9,6,68
5,48,Yes,7,7,33
6,69,No,9,7,59
7,40,Yes,4,8,31
1,44,No,8,6,18
8,74,Yes,5,6,69
8,53,No,7,5,47
4,69,No,4,0,51
1,43,No,9,0,17
1,46,Yes,5,5,21
9,52,Yes,7,6,50
9,43,Yes,6,8,42
9,82,No,6,5,80
2,75,No,6,0,51
3,47,No,9,2,26
6,71,No,7,9,62
2,81,No,7,2,58
7,65,No,8,0,56
5,81,Yes,5,1,65
3,86,Yes,6,9,67
9,57,Yes,8,7,56
3,97,No,7,9,77
5,83,Yes,7,0,70
8,96,No,9,5,93
6,40,Yes,6,2,26
5,87,Yes,9,5,73
4,67,No,7,3,48
6,44,Yes,5,6,31
4,40,Yes,6,6,24
4,97,Yes,8,0,81
2,92,No,4,1,67
9,92,Yes,7,3,90
7,94,No,5,5,84
7,65,Yes,7,0,56
8,46,No,9,5,41
8,94,Yes,6,4,86
4,91,No,9,7,76
7,65,No,5,8,55
4,53,Yes,5,4,35
7,47,No,8,5,40
1,67,No,4,6,42
1,96,No,8,7,72
6,58,Yes,4,8,46
3,71,Yes,4,5,51
2,62,Yes,9,4,40
1,56,No,6,2,29
3,77,No,5,4,56
4,61,Yes,7,5,45
7,87,No,7,8,79
8,90,Yes,7,2,85
1,52,Yes,7,0,25
9,91,Yes,7,1,90
6,62,Yes,9,2,49
7,51,Yes,5,0,42
2,57,No,6,2,31
6,97,No,9,3,87
2,53,No,5,2,27
6,97,Yes,9,7,90
9,77,No,9,0,76
9,97,Yes,4,0,94
7,96,Yes,9,1,88
8,91,Yes,7,2,87
7,71,No,9,4,63
9,96,No,6,9,92
4,73,Yes,4,3,57
6,53,No,9,2,43
2,83,Yes,4,1,58
8,56,No,9,3,50
5,54,Yes,9,9,40
2,71,Yes,8,8,51
4,52,Yes,5,1,34
1,60,Yes,7,8,36
2,79,Yes,7,9,56
9,96,Yes,8,9,95
9,55,No,7,7,52
7,70,Yes,9,6,63
6,75,Yes,4,1,62
6,99,Yes,6,4,89
7,84,No,7,0,75
3,51,Yes,7,6,33
2,95,Yes,9,7,75
4,43,No,7,1,24
9,67,Yes,7,1,63
4,81,No,7,5,65
3,49,No,9,5,30
2,80,Yes,7,2,56
9,88,No,5,6,84
3,41,No,6,5,19
3,67,No,4,3,45
1,92,Yes,4,6,65
4,50,No,5,6,34
6,98,No,8,2,87
7,41,Yes,6,8,34
4,80,Yes,9,8,63
7,73,Yes,4,2,64
5,92,Yes,4,6,78
7,61,No,5,0,52
5,62,Yes,6,1,46
6,58,Yes,8,1,47
5,87,Yes,6,3,72
5,71,Yes,4,5,56
4,86,No,7,3,68
5,78,Yes,7,4,63
4,96,Yes,8,0,80
7,74,Yes,5,2,66
6,53,No,5,6,41
9,78,No,7,4,75
5,87,Yes,6,7,73
8,98,Yes,5,9,93
1,48,Yes,7,3,23
8,56,No,4,5,48
7,56,No,8,4,48
8,98,No,4,9,92
4,77,Yes,9,7,61
7,85,No,8,8,77
3,69,No,4,2,49
5,66,Yes,4,7,52
2,55,Yes,6,5,33
1,62,Yes,7,3,36
9,61,No,4,8,58
2,66,No,4,3,42
5,41,No,4,8,24
2,65,No,7,2,41
6,67,Yes,5,2,56
5,58,Yes,7,2,43
2,59,No,7,5,37
7,69,No,5,3,60
4,42,No,6,0,23
4,85,No,5,3,67
1,78,No,8,0,53
9,67,Yes,7,4,64
2,90,No,6,0,66
5,96,No,7,7,82
6,59,Yes,7,9,47
5,73,Yes,7,5,60
4,97,No,7,7,80
8,73,No,4,1,64
7,92,No,6,4,85
8,59,No,9,0,52
5,94,Yes,8,9,81
7,58,No,8,6,49
2,84,Yes,8,0,60
6,43,Yes,6,8,31
2,94,Yes,5,2,71
8,86,Yes,8,8,82
3,72,No,6,5,53
5,41,Yes,9,6,29
4,81,No,7,9,66
4,64,Yes,9,8,49
6,54,Yes,8,7,45
3,63,No,6,1,42
6,70,No,7,7,59
7,45,Yes,7,2,35
4,57,Yes,7,2,40
4,90,Yes,9,8,72
7,55,Yes,7,1,46
4,66,No,8,0,48
8,85,No,6,9,80
2,49,No,4,8,26
5,62,No,6,9,48
4,52,No,4,1,33
2,61,Yes,9,9,41
9,62,Yes,7,5,61
1,74,No,4,1,47
1,42,Yes,9,7,17
6,41,Yes,6,0,27
1,88,No,5,9,62
3,71,Yes,5,9,50
5,72,No,7,0,57
5,55,Yes,4,9,40
4,95,Yes,9,5,76
3,95,Yes,4,9,77
1,41,Yes,8,8,16
8,53,No,8,2,47
4,95,No,9,6,78
9,94,Yes,7,5,94
7,69,Yes,5,8,61
6,59,Yes,4,5,47
6,95,No,6,9,83
9,70,Yes,8,2,68
8,46,No,9,0,40
4,94,Yes,8,3,77
7,52,No,4,4,42
7,89,Yes,4,5,80
8,95,Yes,9,6,93
5,91,No,9,4,78
5,43,Yes,7,0,27
7,54,Yes,7,1,43
3,91,Yes,8,5,73
9,47,No,5,2,43
2,93,No,6,4,69
7,48,No,9,1,40
6,96,Yes,5,9,85
7,74,Yes,8,7,68
1,91,No,6,1,63
7,58,Yes,6,4,49
6,87,Yes,6,1,74
6,91,No,6,2,80
1,40,No,9,6,16
6,90,No,5,4,78
4,79,No,4,4,60
2,93,Yes,4,2,68
3,43,Yes,5,5,23
9,57,No,7,9,54
2,60,No,8,2,35
5,40,No,4,5,24
3,75,No,6,5,56
8,47,No,4,9,40
8,66,No,6,9,63
2,58,No,6,9,35
8,91,No,7,1,87
5,80,Yes,5,6,66
4,50,Yes,7,3,34
7,60,No,7,8,55
6,46,Yes,9,5,36
3,62,No,5,6,42
9,76,Yes,8,1,75
2,72,Yes,8,4,48
9,54,Yes,5,7,51
2,42,Yes,9,4,19
8,92,No,6,7,86
6,41,No,8,8,29
3,80,Yes,7,0,61
3,40,Yes,9,9,19
9,47,Yes,7,1,46
6,86,Yes,7,9,75
5,74,Yes,7,1,60
1,99,No,7,3,74
4,84,No,5,3,65
2,83,No,7,6,60
4,83,Yes,5,4,65
7,83,Yes,9,5,77
6,45,No,4,5,32
5,64,No,6,5,49
3,70,Yes,8,3,48
7,80,Yes,9,5,74
9,41,Yes,5,7,35
2,60,Yes,9,4,37
6,92,Yes,9,7,81
7,83,Yes,4,2,73
8,73,Yes,4,6,66
6,99,Yes,5,3,88
4,48,No,4,7,30
3,95,Yes,5,4,77
3,69,Yes,4,1,47
4,61,No,6,0,43
9,50,No,7,8,47
6,52,Yes,8,9,42
3,55,No,9,4,36
3,40,Yes,8,0,18
9,50,Yes,7,5,49
7,83,Yes,9,8,77
3,80,No,5,9,59
3,67,Yes,9,0,48
8,81,Yes,9,3,74
9,40,Yes,8,9,39
9,67,No,4,9,64
7,97,Yes,7,9,91
2,94,No,8,0,72
5,56,No,9,5,42
5,65,Yes,9,9,53
5,59,Yes,9,0,43
5,52,No,7,9,38
9,45,No,5,8,42
1,62,No,7,1,35
6,41,Yes,8,4,27
4,56,Yes,7,3,38
6,71,No,8,6,61
2,42,No,7,9,21
9,41,Yes,5,5,37
8,80,Yes,4,5,73
7,57,Yes,7,7,50
6,83,Yes,6,3,71
2,65,No,9,9,42
6,51,Yes,4,0,38
9,60,Yes,9,3,59
1,87,Yes,4,4,60
1,47,Yes,8,8,23
1,62,No,8,9,38
7,52,No,5,8,43
5,93,No,7,1,79
5,92,No,8,6,77
1,88,No,6,8,64
6,53,Yes,7,1,40
9,55,Yes,7,5,52
1,78,No,4,6,52
7,71,Yes,4,7,63
1,57,No,8,0,30
8,69,Yes,4,5,62
8,97,No,9,6,94
5,58,No,8,2,44
7,86,No,6,4,77
2,45,Yes,8,5,21
2,59,Yes,5,6,38
2,77,No,7,5,55
5,97,Yes,5,3,84
8,80,No,8,2,74
1,97,Yes,8,7,72
9,63,No,8,9,60
3,65,No,8,3,43
3,53,Yes,9,8,33
9,87,No,4,3,84
5,98,Yes,4,6,84
6,79,No,6,9,68
1,42,No,4,2,12
5,77,No,4,0,62
6,95,No,5,5,84
4,79,Yes,6,4,63
7,72,Yes,4,2,64
9,53,Yes,6,9,50
9,99,Yes,8,8,98
4,67,No,5,6,49
2,54,Yes,7,6,31
8,53,Yes,4,3,47
3,65,No,9,1,43
1,41,Yes,5,5,16
5,49,No,7,4,34
5,60,Yes,4,0,43
8,99,No,9,3,94
3,83,Yes,6,3,62
5,92,No,9,1,78
5,47,No,7,9,35
3,83,No,6,2,64
7,91,No,8,7,84
9,80,Yes,6,4,77
4,63,Yes,9,9,49
1,79,No,7,4,54
5,95,Yes,7,2,82
6,96,Yes,5,6,85
3,98,Yes,7,7,79
2,73,Yes,6,6,51
3,50,No,4,1,27
5,57,Yes,5,3,40
3,82,Yes,4,3,63
1,57,Yes,7,8,33
3,52,No,7,4,33
8,40,Yes,6,0,30
9,43,Yes,6,6,42
8,67,No,4,1,59
5,65,No,5,4,50
1,62,Yes,7,6,38
2,78,No,9,3,58
6,77,Yes,7,0,66
6,74,No,5,4,62
7,69,Yes,5,1,60
5,92,No,5,8,78
8,77,No,4,2,70
4,68,Yes,5,5,50
9,91,No,5,8,90
7,43,Yes,7,0,34
6,98,No,8,0,87
8,55,Yes,9,3,49
7,64,Yes,7,8,57
3,50,No,7,0,28
2,95,No,5,8,72
8,75,No,8,3,71
5,47,Yes,4,5,31
5,85,Yes,8,5,73
2,80,No,6,0,54
3,61,Yes,8,1,43
3,90,No,6,5,71
8,49,Yes,4,3,42
3,73,No,5,5,51
1,85,Yes,9,5,62
5,68,No,5,6,54
8,84,Yes,6,9,80
3,48,Yes,5,3,24
8,78,No,7,0,73
4,94,Yes,4,5,76
2,71,Yes,9,9,49
1,89,Yes,5,5,64
6,95,No,5,6,85
8,90,No,5,4,83
8,56,Yes,9,9,52
7,58,No,8,8,49
5,91,No,4,4,75
7,96,Yes,6,3,87
5,82,Yes,4,6,69
9,69,Yes,5,9,66
4,81,Yes,8,1,62
8,51,Yes,4,9,46
4,52,No,5,3,33
5,91,No,4,4,75
6,59,No,9,0,49
7,76,Yes,7,7,68
9,98,Yes,4,8,97
5,60,No,9,2,44
4,64,No,8,6,48
2,65,Yes,8,1,42
5,40,Yes,8,9,28
9,83,No,8,9,85
8,45,Yes,9,7,40
7,67,Yes,8,6,61
7,84,No,6,0,74
4,69,No,8,5,55
3,57,No,6,3,35
5,66,No,6,8,51
2,60,Yes,6,5,38
3,99,No,8,8,80
7,79,Yes,9,6,73
9,54,Yes,4,4,50
5,91,No,6,3,76
1,57,No,8,3,32
7,94,Yes,4,2,84
2,76,Yes,9,8,53
9,99,Yes,5,7,97
2,91,No,8,2,67
6,59,No,9,5,48
8,40,No,4,3,29
1,60,No,9,5,36
4,62,No,7,1,44
3,93,Yes,9,5,75
5,58,Yes,8,8,47
1,67,No,9,3,40
6,70,No,8,5,60
1,70,No,9,4,45
8,61,No,8,9,56
6,84,Yes,4,5,71
9,48,Yes,9,3,45
2,91,No,9,2,68
5,48,Yes,7,0,33
9,55,No,7,2,52
1,71,No,7,7,45
4,53,No,8,9,37
7,47,No,8,7,40
8,85,Yes,6,8,82
1,82,No,8,7,59
7,95,Yes,5,6,87
9,67,No,5,9,64
8,85,No,7,2,78
6,87,No,5,3,72
8,59,Yes,4,7,53
9,72,No,9,0,69
8,41,Yes,5,1,33
9,56,No,7,9,55
7,91,No,4,3,82
8,76,Yes,4,6,70
6,56,Yes,6,4,45
1,77,No,4,4,51
7,74,Yes,6,7,66
9,86,No,6,6,84
1,74,Yes,7,4,47
4,97,No,5,9,81
6,96,No,9,1,86
8,48,No,9,6,41
1,67,Yes,8,5,42
4,75,No,8,6,58
9,97,No,6,6,95
1,84,No,9,6,59
6,89,Yes,5,2,78
6,89,Yes,8,8,79
2,73,Yes,4,8,49
6,70,Yes,7,6,58
6,87,Yes,9,2,75
4,68,Yes,9,7,51
8,58,No,5,3,52
9,66,Yes,4,7,64
7,67,No,8,0,59
6,63,Yes,6,2,52
1,74,Yes,6,5,47
5,43,No,6,0,27
1,46,No,8,8,20
2,61,No,4,8,39
6,61,Yes,4,3,49
6,93,No,8,9,85
4,95,Yes,8,3,80
8,76,No,5,8,68
2,55,No,5,7,32
5,67,No,8,0,53
3,82,No,5,8,62
1,40,No,9,2,15
3,47,No,7,4,25
4,96,No,7,3,78
4,58,No,4,9,40
5,89,No,9,7,75
4,44,Yes,6,8,29
1,98,Yes,5,2,73
2,73,Yes,8,7,52
6,91,Yes,4,3,79
9,54,Yes,9,2,52
4,81,Yes,6,3,64
7,56,Yes,8,2,48
7,92,Yes,8,4,85
4,46,No,7,4,27
1,66,Yes,4,2,41
8,68,No,8,7,64
2,46,No,9,1,24
8,82,No,8,3,77
2,58,Yes,5,9,35
5,79,No,4,3,64
4,45,Yes,7,0,26
7,64,Yes,8,6,57
9,79,Yes,8,9,79
6,61,No,7,4,49
5,56,No,8,2,42
8,61,Yes,6,6,56
7,73,Yes,9,5,65
7,47,No,7,6,39
5,84,Yes,9,8,72
3,63,Yes,5,2,40
4,99,No,8,4,84
9,66,No,8,5,65
2,78,Yes,8,0,56
6,71,Yes,8,7,61
4,67,Yes,4,8,49
8,67,Yes,5,4,61
5,65,No,7,2,50
7,42,Yes,6,3,33
2,40,Yes,6,8,18
9,44,No,5,8,39
4,78,No,7,5,62
5,74,Yes,5,9,59
5,88,Yes,8,5,73
6,55,Yes,4,7,42
7,65,No,9,7,58
9,64,Yes,9,5,63
9,86,No,5,2,83
9,54,No,8,0,51
1,49,Yes,8,6,24
1,40,Yes,7,6,14
7,73,No,4,0,66
8,62,No,9,8,58
3,82,No,5,6,62
9,64,No,4,3,60
3,52,Yes,8,6,33
4,72,Yes,7,0,57
4,81,No,4,1,60
7,71,Yes,5,0,62
3,79,Yes,6,0,58
8,83,No,4,1,75
3,80,No,8,7,60
3,81,No,5,8,61
2,49,Yes,6,7,25
1,68,No,8,3,41
5,56,No,7,8,42
6,65,No,4,3,52
6,60,Yes,7,5,48
8,56,Yes,6,7,51
2,79,Yes,6,2,55
5,79,Yes,9,1,64
7,88,Yes,6,0,79
8,41,Yes,6,8,35
4,98,Yes,9,4,82
9,87,No,7,3,87
6,51,No,5,2,36
1,55,Yes,7,1,28
6,42,No,8,6,28
6,97,No,5,4,85
2,60,No,4,9,37
2,61,No,5,1,38
6,68,Yes,4,5,56
3,48,Yes,7,0,25
9,92,Yes,4,2,89
1,93,No,8,5,68
8,65,Yes,8,4,58
4,45,No,9,1,26
9,87,No,7,7,84
1,50,No,4,6,23
1,49,No,5,7,24
4,86,No,4,2,67
9,73,No,7,0,68
4,70,Yes,9,2,55
3,51,Yes,9,2,32
1,90,No,5,6,63
4,83,No,4,9,65
9,55,No,8,8,54
6,42,No,9,7,30
3,97,No,9,0,78
4,64,No,7,1,45
5,74,No,8,4,61
9,74,Yes,6,5,70
4,61,No,6,4,44
9,76,Yes,5,2,73
9,74,No,4,8,70
4,84,No,9,7,68
1,59,Yes,6,0,32
5,81,No,4,4,66
4,43,No,6,7,24
8,97,Yes,6,3,92
3,55,Yes,5,2,35
2,43,Yes,7,8,21
3,77,Yes,6,1,56
8,54,No,4,4,47
1,76,No,7,3,52
7,55,No,7,3,45
6,86,No,9,5,74
5,46,Yes,7,9,33
8,73,Yes,4,7,67
2,40,No,8,1,17
5,71,No,8,0,56
2,97,No,4,4,73
9,44,Yes,9,7,40
4,69,No,7,2,52
6,55,No,8,3,44
3,41,No,5,8,19
6,80,Yes,5,5,69
5,50,Yes,8,3,36
1,79,No,7,4,54
2,68,Yes,7,9,46
5,54,Yes,6,8,39
7,95,No,9,6,85
5,51,Yes,8,8,38
4,64,Yes,9,4,48
1,71,Yes,8,1,46
7,57,Yes,8,6,49
6,46,No,4,7,34
9,84,No,7,4,81
4,45,Yes,4,8,28
7,53,No,6,6,43
1,43,No,7,7,17
6,55,No,8,6,44
3,90,Yes,4,5,70
4,58,Yes,7,1,43
9,43,No,7,4,40
1,90,No,4,6,62
2,80,Yes,4,1,56
2,88,No,4,8,67
3,49,No,4,1,27
8,54,Yes,5,4,48
7,43,Yes,4,1,32
9,50,No,9,3,48
9,50,No,6,5,47
9,47,No,8,9,46
3,90,Yes,8,6,71
3,83,No,8,0,63
6,83,Yes,4,7,71
2,89,No,9,0,67
3,53,Yes,8,1,33
8,41,Yes,9,1,35
2,81,No,9,2,59
3,75,Yes,9,4,58
3,59,No,4,2,38
4,98,No,5,1,79
9,45,Yes,6,8,44
8,87,Yes,8,4,84
5,75,No,7,5,61
4,84,No,4,6,67
1,81,Yes,4,9,57
6,74,Yes,8,1,63
2,67,No,5,5,42
7,67,No,9,3,59
1,50,Yes,8,5,25
6,75,No,7,7,64
7,41,Yes,4,2,33
6,59,No,5,9,47
8,41,No,9,1,35
4,50,Yes,6,9,35
1,71,No,7,8,45
6,94,No,6,5,83
3,61,Yes,8,7,44
8,56,No,7,4,50
8,75,No,8,9,71
1,91,Yes,9,7,66
4,53,No,7,1,35
3,97,Yes,4,2,77
3,48,No,6,9,28
5,51,Yes,7,1,37
6,95,Yes,6,7,83
6,43,No,7,1,30
4,96,Yes,8,9,79
7,64,Yes,9,0,57
5,44,Yes,9,2,31
3,46,Yes,7,4,26
5,78,Yes,8,3,62
4,98,Yes,4,9,82
9,81,Yes,9,5,78
2,58,Yes,6,1,36
7,82,Yes,6,9,74
7,42,No,8,3,35
9,57,No,4,4,54
6,59,No,8,2,48
3,68,No,6,6,48
2,94,No,7,5,73
8,62,Yes,8,3,58
6,70,No,5,7,59
6,60,No,7,3,46
4,41,No,4,9,24
6,43,No,8,6,30
6,96,Yes,6,4,82
8,46,No,6,0,40
1,58,No,4,6,33
4,83,Yes,7,7,65
4,40,No,5,4,23
7,58,Yes,4,1,48
8,84,No,7,3,77
4,53,No,6,7,36
7,83,Yes,5,5,74
2,78,Yes,8,2,57
7,96,Yes,8,2,87
2,83,Yes,6,0,59
2,40,No,9,2,18
4,71,No,9,7,55
5,47,Yes,8,7,34
3,57,Yes,7,2,36
5,84,Yes,4,7,70
9,68,No,9,3,66
8,71,Yes,8,7,65
7,87,Yes,9,7,82
8,97,Yes,5,7,91
8,49,No,9,8,45
5,73,Yes,9,3,62
4,56,Yes,9,9,40
8,67,Yes,5,9,61
7,77,No,9,8,70
8,89,No,5,3,83
1,94,Yes,5,1,69
7,41,No,6,5,31
7,88,No,7,6,82
8,60,No,7,9,55
2,43,Yes,4,0,17
9,83,Yes,4,8,82
3,73,No,6,7,54
8,48,No,9,3,41
4,46,No,9,1,29
5,69,Yes,9,7,57
6,83,Yes,6,6,72
9,54,Yes,6,7,51
2,95,Yes,9,6,75
7,84,No,4,3,73
1,92,Yes,6,7,67
3,58,No,4,7,35
4,79,No,6,6,64
6,80,Yes,9,1,71
3,54,No,5,0,31
8,85,Yes,8,9,82
9,90,Yes,4,9,90
9,94,Yes,6,9,94
7,74,Yes,8,2,67
4,42,No,8,9,27
8,49,Yes,6,3,42
8,51,Yes,9,0,43
1,52,No,9,1,27
9,63,No,4,8,59
2,96,No,9,3,75
2,55,No,4,7,31
1,71,Yes,4,1,44
2,76,No,7,1,53
2,95,Yes,7,5,74
7,86,No,6,0,77
1,51,No,8,3,24
4,99,No,4,9,82
9,40,No,8,2,36
2,61,Yes,7,6,39
8,81,Yes,5,0,73
1,45,Yes,4,5,18
8,59,No,5,3,53
3,60,No,7,7,40
6,45,Yes,8,3,36
6,67,No,5,4,55
3,88,No,9,0,68
5,90,No,8,0,77
3,80,Yes,8,0,61
8,83,Yes,6,6,78
6,58,Yes,9,3,48
5,71,No,5,5,55
4,84,No,8,8,67
9,88,No,6,7,84
7,87,Yes,4,7,78
3,62,No,5,2,40
2,71,Yes,4,2,49
2,53,Yes,6,8,29
6,60,No,6,3,47
2,40,Yes,5,6,17
8,94,No,9,1,90
8,91,No,6,9,87
3,50,No,5,8,29
7,75,Yes,4,1,66
7,93,Yes,6,3,86
1,65,No,4,5,38
6,47,Yes,8,4,35
3,58,No,8,1,39
4,69,No,5,7,54
1,97,Yes,6,4,72
5,67,No,9,9,53
4,92,No,4,8,75
7,57,No,9,3,49
5,85,No,6,1,70
1,55,No,5,4,28
6,57,Yes,6,7,45
7,94,No,4,0,83
9,56,No,5,7,52
6,89,Yes,8,4,80
5,70,No,8,2,55
1,56,No,4,9,31
6,97,Yes,8,1,88
1,84,No,6,8,60
6,47,No,9,5,35
6,77,Yes,4,2,66
6,62,Yes,8,5,49
8,71,No,9,1,66
5,88,No,6,6,73
3,78,No,8,2,61
6,84,Yes,8,4,74
1,42,No,8,9,17
1,52,No,7,6,25
8,85,Yes,6,1,79
8,45,No,5,6,39
1,86,Yes,5,4,60
4,92,Yes,4,7,75
8,46,No,6,0,40
4,69,Yes,5,1,52
2,60,Yes,5,9,38
2,44,No,4,1,17
7,90,No,4,8,83
2,69,Yes,5,7,47
5,75,No,9,3,62
5,94,No,8,3,81
7,52,Yes,8,6,46
5,53,No,9,5,39
6,76,Yes,9,9,67
8,52,No,6,2,45
9,97,Yes,9,3,95
4,83,No,4,1,65
6,46,Yes,4,5,35
8,87,Yes,4,5,80
8,46,Yes,8,7,42
6,89,Yes,6,5,79
6,59,Yes,7,4,47
3,77,No,7,3,58
9,79,Yes,8,6,79
7,71,No,5,5,63
1,78,No,9,9,53
4,61,Yes,4,0,43
7,90,Yes,7,2,83
9,41,Yes,5,2,37
7,92,No,4,7,83
9,82,No,5,8,80
3,62,No,4,6,42
7,93,No,9,0,86
9,53,No,6,7,51
6,75,No,4,2,62
2,89,No,4,7,65
4,81,Yes,5,4,62
2,67,No,9,6,45
4,55,Yes,5,8,38
5,54,No,8,6,41
3,79,Yes,9,2,61
7,89,No,4,6,80
4,70,Yes,9,1,55
6,42,Yes,6,8,31
4,87,Yes,9,2,72
9,72,Yes,5,2,67
6,65,No,8,1,53
2,55,Yes,6,3,31
4,55,Yes,5,5,36
7,59,No,9,4,52
4,93,No,6,5,74
2,40,Yes,4,8,16
8,81,No,4,3,73
7,43,No,4,2,32
5,54,No,8,8,41
8,90,Yes,7,7,88
7,47,No,8,1,39
4,99,No,6,8,81
1,66,No,8,2,40
1,70,Yes,8,9,47
2,69,No,5,4,45
2,54,No,8,8,33
8,40,No,9,8,35
1,92,Yes,6,7,67
6,55,Yes,4,4,42
6,77,Yes,8,4,67
9,49,No,9,3,46
2,76,Yes,5,6,53
9,51,Yes,4,7,47
2,59,No,6,5,38
8,88,No,5,7,82
7,91,No,5,1,80
1,83,Yes,7,6,59
3,41,Yes,4,1,17
6,56,No,4,9,44
2,64,No,4,0,40
8,75,No,4,9,69
6,70,No,4,9,61
4,51,No,5,9,35
1,62,No,5,5,35
3,78,No,4,2,54
6,54,Yes,5,5,41
2,76,No,9,5,54
5,97,Yes,7,5,83
4,44,Yes,6,9,28
7,78,No,8,5,68
3,59,Yes,8,9,41
1,49,Yes,4,5,21
8,63,Yes,4,8,59
9,56,Yes,8,3,55
6,84,No,9,5,75
9,63,Yes,5,9,58
9,82,No,7,6,80
4,60,Yes,8,4,43
7,54,Yes,7,7,46
6,60,Yes,6,2,47
5,41,Yes,5,7,26
3,43,No,6,8,22
3,99,Yes,6,8,79
5,99,Yes,8,9,88
4,80,No,9,0,63
7,84,No,6,3,74
4,57,Yes,8,1,39
6,64,No,7,1,53
6,93,Yes,5,7,82
4,87,No,8,8,70
6,93,Yes,5,9,82
7,73,No,8,3,64
8,56,No,7,0,48
3,63,Yes,6,5,42
6,42,Yes,8,5,30
4,54,Yes,9,7,38
1,89,Yes,8,5,65
4,78,Yes,9,2,63
8,76,Yes,5,4,71
7,91,No,9,2,84
9,43,Yes,4,6,40
9,70,No,4,7,66
9,72,Yes,7,5,69
6,78,Yes,5,6,68
4,48,Yes,4,3,30
1,67,Yes,4,6,43
6,70,No,7,1,59
7,92,No,9,7,86
7,62,Yes,4,9,55
6,55,Yes,6,4,44
1,87,Yes,7,5,63
4,67,Yes,6,1,49
8,80,Yes,9,7,74
3,99,No,5,1,77
6,52,No,6,4,41
6,84,Yes,4,7,72
4,92,No,8,8,77
1,95,No,6,9,71
5,70,Yes,8,0,57
4,74,Yes,4,9,58
1,69,Yes,7,2,46
8,92,Yes,4,5,86
2,89,No,8,1,67
9,87,No,5,9,84
2,82,Yes,6,6,60
3,49,No,4,7,28
4,80,No,5,0,63
5,51,No,7,1,36
2,60,Yes,9,1,35
2,88,No,8,8,69
6,75,No,8,9,64
5,72,No,7,3,56
5,98,Yes,6,2,83
7,62,Yes,8,4,54
9,82,No,8,8,81
5,41,Yes,4,8,25
6,99,Yes,5,6,89
3,78,Yes,5,5,58
1,76,No,9,7,52
6,87,Yes,4,2,73
7,40,No,6,1,31
9,57,Yes,8,3,54
5,97,No,9,4,85
5,59,Yes,9,0,43
3,73,No,8,6,55
3,81,No,6,2,60
4,63,No,9,3,46
5,94,Yes,4,0,79
7,75,Yes,8,4,68
3,46,No,4,9,25
9,49,No,7,5,46
7,40,Yes,8,6,31
2,89,Yes,5,5,66
9,84,No,9,3,83
4,91,Yes,8,9,76
7,87,Yes,7,9,80
9,92,Yes,9,5,91
9,71,No,7,5,68
4,60,Yes,7,8,44
4,80,No,7,8,68
4,81,No,8,1,62
2,40,Yes,5,9,17
2,83,Yes,8,4,61
2,94,No,6,0,72
2,86,Yes,6,2,64
7,97,No,7,7,91
3,70,Yes,7,1,48
7,74,Yes,9,4,67
7,96,No,9,6,87
6,89,No,5,5,77
8,44,No,8,2,40
7,89,Yes,5,7,80
8,75,Yes,8,2,69
7,66,No,4,5,57
1,54,No,7,7,29
7,44,No,5,2,33
3,91,No,7,7,74
7,50,Yes,5,0,41
7,45,No,7,5,36
3,86,Yes,9,0,66
2,98,No,8,8,78
6,66,No,9,8,57
1,90,No,7,7,65
6,69,No,5,5,59
1,74,No,4,0,47
2,81,No,9,4,60
9,76,Yes,6,5,73
9,71,Yes,5,0,65
6,74,Yes,8,6,62
3,71,No,4,5,51
8,62,No,4,3,56
2,72,Yes,9,8,50
1,64,Yes,8,0,37
8,63,Yes,8,3,59
4,78,No,4,6,60
9,85,Yes,5,0,81
1,52,No,5,8,25
9,62,No,9,1,59
3,75,No,6,9,56
6,55,No,4,6,42
3,55,Yes,8,5,36
3,81,No,8,8,62
2,94,Yes,6,8,72
8,95,No,7,6,90
7,50,No,6,8,41
9,51,No,7,1,46
6,67,Yes,5,0,56
4,40,No,6,2,23
4,95,No,9,8,78
8,82,No,9,5,78
9,63,Yes,9,6,64
1,86,No,6,9,62
7,64,Yes,6,9,56
5,99,No,4,7,84
8,68,No,5,1,62
4,56,No,6,9,41
7,99,No,6,6,90
8,83,No,4,4,75
7,99,Yes,4,3,87
9,75,Yes,7,9,73
7,91,Yes,4,9,84
6,90,No,6,3,80
3,42,No,9,4,23
6,52,No,4,4,39
3,40,Yes,7,3,19
8,87,No,7,6,82
9,89,Yes,9,3,87
7,93,Yes,6,4,86
6,70,No,8,1,59
8,48,No,9,4,41
3,69,Yes,6,7,50
3,98,No,7,2,75
2,97,Yes,5,9,75
9,76,No,5,9,72
7,55,Yes,4,5,45
1,76,Yes,7,3,53
3,63,Yes,9,9,46
6,48,Yes,4,0,37
3,62,No,7,0,42
8,74,No,7,7,68
6,46,No,6,2,35
8,69,Yes,4,5,62
9,74,Yes,8,4,72
4,96,No,7,9,78
8,72,Yes,7,8,67
6,92,Yes,5,3,80
3,67,Yes,5,3,47
9,42,Yes,7,1,39
4,57,Yes,4,1,40
2,92,Yes,5,3,67
2,66,No,7,4,44
7,40,No,7,6,31
7,45,No,9,7,39
9,50,Yes,6,2,46
6,73,Yes,4,8,62
8,78,No,8,1,73
8,60,No,5,2,50
1,95,No,8,4,71
1,52,Yes,6,3,25
2,77,Yes,8,5,55
1,91,Yes,6,3,65
7,40,No,8,2,30
5,78,Yes,6,6,64
5,71,Yes,5,0,56
9,88,No,8,8,85
6,43,No,4,5,29
1,48,No,9,5,24
8,45,No,9,0,40
7,93,Yes,4,6,85
8,74,No,5,5,67
6,57,No,8,8,47
1,99,No,6,1,73
7,54,No,6,7,44
2,56,Yes,5,3,32
7,82,No,4,4,71
2,54,No,8,0,31
2,58,No,8,4,34
4,65,No,5,2,46
2,61,No,9,0,40
9,62,No,6,7,57
3,52,Yes,4,7,33
4,67,Yes,7,1,48
6,96,No,6,6,85
8,76,No,9,4,74
6,83,Yes,6,7,72
1,72,No,6,4,44
6,83,Yes,7,1,71
7,84,Yes,7,6,77
4,75,Yes,8,9,59
9,58,Yes,4,2,55
7,72,Yes,9,4,63
1,83,No,4,5,55
7,86,No,5,7,78
9,50,No,9,9,49
8,81,No,6,2,73
6,41,Yes,7,8,30
3,65,Yes,6,6,44
7,56,No,4,0,46
3,56,No,9,3,37
2,69,Yes,9,1,47
3,79,No,6,0,57
4,63,Yes,5,9,47
6,43,No,8,9,31
5,77,No,9,1,65
5,68,Yes,8,9,54
1,91,No,6,2,64
4,45,No,9,9,29
7,85,No,6,7,76
2,52,Yes,4,5,27
6,70,No,7,4,58
2,87,Yes,7,3,65
1,94,Yes,6,3,68
7,52,No,8,5,44
9,46,No,8,5,44
2,78,No,8,4,56
1,78,No,7,8,52
6,97,Yes,5,4,86
3,81,No,6,6,62
2,44,Yes,5,1,19
7,40,Yes,8,9,30
1,77,No,6,5,52
2,54,Yes,4,7,32
7,69,No,6,1,60
5,71,No,5,8,57
8,53,No,5,2,48
5,67,Yes,6,1,52
5,63,No,5,5,49
2,68,Yes,9,6,45
4,73,No,7,9,57
2,69,No,8,3,46
1,55,Yes,7,4,28
4,42,No,4,9,25
8,97,No,9,7,94
9,83,Yes,7,3,81
5,64,No,7,3,49
1,80,No,6,3,54
1,83,No,5,3,56
3,43,Yes,6,1,22
1,46,Yes,5,0,19
7,85,Yes,8,0,77
8,48,No,8,2,41
6,59,No,8,0,49
4,40,Yes,8,5,24
8,93,Yes,5,1,88
1,66,No,8,2,40
9,60,Yes,8,1,58
6,63,Yes,9,3,51
7,74,Yes,5,7,66
7,60,No,5,8,55
1,99,Yes,9,3,75
9,52,Yes,7,7,49
1,46,No,8,1,21
2,63,Yes,7,6,41
5,82,No,5,2,68
2,52,No,6,1,27
7,78,No,5,0,67
3,91,Yes,6,7,74
7,61,Yes,8,0,53
6,51,Yes,9,3,40
3,97,No,7,1,78
7,83,Yes,5,9,76
3,98,Yes,7,4,77
6,66,Yes,4,9,56
7,62,Yes,8,0,54
3,69,No,6,2,49
7,74,No,8,1,65
7,64,Yes,4,8,55
7,71,No,4,1,62
9,63,No,7,9,60
7,75,Yes,6,1,66
2,81,Yes,4,9,60
6,70,No,9,2,59
2,71,No,6,7,49
3,59,Yes,6,3,39
8,98,Yes,8,2,93
4,79,No,8,5,65
6,57,Yes,6,5,43
2,85,Yes,9,5,63
7,74,No,9,8,69
7,42,No,6,3,34
7,43,Yes,9,6,39
1,44,No,4,8,18
6,68,No,9,7,58
6,41,No,8,5,28
8,66,No,7,2,61
8,72,No,4,6,65
8,60,No,5,3,53
9,70,No,9,3,68
8,92,No,7,5,85
4,88,Yes,4,6,71
2,64,No,6,3,41
2,44,Yes,4,0,18
2,59,Yes,6,2,37
1,68,No,7,8,40
2,48,Yes,6,2,27
4,67,No,7,8,48
2,66,No,4,5,42
8,47,Yes,8,6,42
7,67,No,8,3,60
8,87,No,5,3,80
5,69,No,7,6,56
6,61,Yes,6,1,49
2,59,No,8,3,35
5,42,No,6,2,25
6,44,No,5,1,31
7,65,No,8,3,55
8,96,Yes,8,5,92
7,52,Yes,6,9,44
5,54,No,4,9,39
6,65,No,4,0,51
4,87,Yes,8,9,73
5,48,No,5,3,31
8,82,No,8,5,78
8,45,Yes,9,9,40
3,42,No,8,9,22
5,53,No,7,0,40
8,63,No,5,8,59
3,83,Yes,9,1,64
9,54,Yes,7,3,52
6,76,Yes,4,3,66
6,83,Yes,6,9,72
2,42,Yes,6,8,20
4,73,No,7,4,54
3,92,No,8,0,73
9,78,Yes,6,7,78
2,82,No,9,2,60
2,85,Yes,4,7,63
9,71,No,4,6,67
4,82,No,6,6,64
4,87,No,5,2,68
2,96,No,8,2,73
1,86,Yes,5,0,60
8,79,Yes,8,6,74
6,42,No,4,9,26
1,85,Yes,7,8,60
9,50,No,5,8,46
8,61,No,6,9,56
8,61,Yes,9,3,57
2,57,Yes,7,5,34
9,95,Yes,4,5,91
8,84,No,4,6,76
7,90,Yes,8,9,83
4,48,Yes,7,8,32
5,62,No,5,9,48
2,63,Yes,6,9,41
3,79,Yes,4,9,58
7,46,No,9,8,41
9,56,Yes,5,9,55
5,94,No,5,9,80
2,41,No,6,5,18
5,74,Yes,4,2,59
7,67,No,5,8,60
9,58,Yes,7,2,54
7,77,No,7,6,68
1,94,Yes,8,4,70
5,74,Yes,7,1,60
9,57,No,7,1,54
4,50,Yes,9,3,35
2,49,Yes,6,0,26
1,56,Yes,8,9,32
1,65,No,8,9,41
1,70,Yes,4,0,43
4,71,Yes,5,1,55
6,60,Yes,9,1,49
1,99,Yes,4,3,73
7,57,No,8,9,50
6,54,No,9,7,45
8,40,No,7,7,34
5,90,No,5,5,76
6,81,No,4,7,67
7,84,No,7,0,75
7,85,No,9,5,76
1,50,Yes,4,2,22
3,63,No,4,2,40
6,91,Yes,9,1,81
1,73,Yes,9,1,49
7,43,Yes,4,3,32
5,49,Yes,5,0,33
6,41,Yes,7,8,30
4,77,Yes,6,5,59
6,67,No,6,7,56
4,40,No,9,4,25
4,48,No,7,7,31
3,44,No,6,9,24
8,81,Yes,5,1,74
3,97,Yes,7,1,76
2,60,No,6,6,38
8,47,No,6,7,40
3,56,No,4,5,34
1,88,Yes,7,4,64
5,79,No,9,8,66
1,46,No,8,5,20
7,46,No,7,8,37
6,54,No,7,2,41
7,46,No,5,0,36
4,86,No,8,4,68
6,61,No,6,0,49
3,89,No,9,3,69
6,55,Yes,7,0,44
8,77,Yes,7,9,71
9,77,No,4,4,72
7,80,No,8,0,72
2,98,Yes,6,7,75
2,43,Yes,7,8,21
2,61,No,8,7,40
2,97,Yes,7,9,75
6,76,No,9,9,68
4,61,Yes,8,0,44
3,52,No,6,7,33
5,76,Yes,8,5,63
6,76,Yes,4,0,63
4,84,No,8,6,67
4,79,No,5,2,63
5,84,No,9,2,72
8,92,No,5,7,86
9,79,Yes,6,9,77
4,94,No,5,9,77
4,48,No,4,6,30
1,71,Yes,6,7,45
3,90,Yes,9,9,70
1,91,Yes,5,6,64
9,88,Yes,6,2,84
4,69,Yes,8,6,55
2,97,No,7,0,74
4,42,Yes,9,2,24
6,90,Yes,5,0,80
7,97,No,9,9,91
9,65,No,8,8,64
5,69,No,5,4,55
8,96,No,7,0,92
3,57,Yes,5,7,36
8,95,No,9,2,93
5,42,Yes,7,3,29
3,79,Yes,5,5,59
9,68,No,5,2,64
9,90,No,8,2,87
7,64,Yes,7,0,56
6,53,Yes,6,9,42
2,77,Yes,6,7,55
9,47,Yes,8,7,46
1,75,No,5,3,48
4,55,Yes,6,3,37
1,53,Yes,6,1,26
2,64,No,7,1,41
7,43,No,4,4,33
1,96,No,8,3,70
2,60,Yes,5,4,36
2,83,Yes,9,7,64
5,64,No,8,8,51
7,49,Yes,4,5,38
8,91,No,8,4,86
1,68,No,4,4,41
7,49,Yes,8,9,43
2,88,Yes,5,6,64
3,61,Yes,6,3,41
7,65,Yes,6,7,59
9,48,No,5,3,42
4,70,No,5,4,52
2,63,Yes,5,8,41
6,48,No,7,4,36
6,62,Yes,4,8,48
5,75,Yes,9,6,64
6,93,Yes,5,5,80
8,67,No,7,9,64
8,96,No,8,3,92
5,81,No,7,9,67
7,81,Yes,9,6,74
6,56,Yes,7,0,44
6,63,No,9,9,50
5,54,Yes,6,2,38
9,83,No,7,3,81
6,59,Yes,6,5,47
9,43,No,7,7,41
9,44,Yes,4,4,39
9,92,Yes,9,4,91
3,47,No,7,3,25
1,61,Yes,7,6,37
8,81,Yes,9,4,74
5,61,No,4,7,47
7,49,No,9,0,40
6,54,No,4,7,41
6,47,Yes,8,4,35
5,70,No,7,8,56
7,61,No,8,5,54
4,47,No,4,8,26
7,43,No,8,2,34
8,69,No,6,0,63
1,57,No,6,3,32
1,92,Yes,4,6,65
1,68,No,8,1,41
6,83,No,5,0,70
8,46,Yes,8,8,42
3,90,No,5,9,70
8,95,No,9,4,92
4,63,No,4,8,47
2,58,No,9,7,37
9,98,Yes,7,4,98
2,89,No,6,9,68
7,95,Yes,6,5,87
7,67,Yes,7,6,59
1,80,Yes,5,4,53
5,93,No,4,2,77
8,73,No,5,4,68
1,49,No,7,9,24
5,80,No,8,9,68
6,65,No,7,7,54
8,69,Yes,9,4,63
5,59,Yes,9,0,43
4,47,Yes,9,8,31
4,99,Yes,6,1,82
5,54,Yes,6,6,40
7,44,No,6,6,36
6,74,No,6,9,64
5,96,No,4,1,80
9,78,No,9,3,76
3,73,Yes,4,6,52
4,99,No,9,5,85
7,54,Yes,8,6,47
1,95,Yes,6,6,70
9,40,No,9,3,36
1,67,No,9,4,40
9,40,Yes,5,3,36
9,90,No,7,3,86
9,80,No,7,8,79
7,51,No,4,0,41
6,44,Yes,8,0,29
2,53,No,6,5,28
9,87,Yes,8,5,84
8,75,Yes,6,1,69
2,54,Yes,8,1,31
6,58,Yes,9,8,49
1,44,No,5,5,16
2,82,No,9,2,60
3,78,No,9,3,60
9,44,No,9,9,42
9,91,No,7,0,89
3,75,No,7,4,56
3,57,Yes,5,6,36
9,68,No,8,2,65
5,44,Yes,5,3,30
7,64,Yes,6,8,56
9,49,Yes,8,9,47
7,63,No,9,6,56
2,89,Yes,4,3,67
5,60,No,9,0,47
6,64,No,5,5,51
2,86,No,6,5,63
9,83,Yes,6,5,81
8,89,Yes,8,2,84
8,62,Yes,6,1,57
3,52,No,7,4,33
7,70,Yes,4,4,60
1,80,No,9,0,54
5,95,No,8,8,82
5,89,No,6,0,75
1,77,Yes,7,4,53
7,61,No,8,0,53
1,54,No,9,6,31
1,42,Yes,8,9,17
6,93,Yes,8,1,83
6,45,No,8,2,34
6,65,Yes,5,4,52
3,40,No,8,8,20
6,58,No,7,4,47
3,46,No,7,7,26
8,59,No,8,7,56
5,69,Yes,6,3,55
7,70,No,9,4,62
9,57,No,4,1,54
4,80,Yes,5,1,62
3,40,Yes,7,9,20
3,98,No,6,5,79
3,61,Yes,8,6,44
7,55,No,4,3,43
9,41,No,6,9,40
1,94,Yes,9,9,70
2,65,Yes,9,5,41
8,44,No,7,8,38
3,73,No,8,1,53
8,89,Yes,6,0,84
6,64,Yes,8,8,53
9,87,Yes,7,2,86
5,93,Yes,4,9,79
5,69,Yes,8,5,56
8,90,Yes,4,1,85
7,90,Yes,6,8,81
2,69,Yes,5,2,46
5,50,No,7,3,34
5,53,No,7,9,39
2,55,No,9,1,32
8,89,Yes,4,6,84
3,43,Yes,6,5,24
9,93,No,8,9,93
8,53,Yes,8,0,47
2,44,No,5,0,19
5,70,No,5,6,56
2,94,No,9,5,74
1,49,No,6,8,25
1,66,Yes,5,9,43
3,55,No,9,0,35
5,69,No,9,9,57
9,60,No,8,8,59
3,84,No,9,0,66
5,98,Yes,6,5,83
5,93,No,7,5,79
8,93,No,4,6,87
8,69,No,7,0,62
8,65,No,8,7,61
2,68,No,6,4,45
7,64,Yes,8,6,57
9,65,No,7,8,63
2,76,No,6,1,53
2,73,No,7,8,51
9,42,No,5,9,39
4,97,Yes,9,3,81
3,93,Yes,9,1,74
5,44,Yes,7,5,31
2,88,Yes,8,5,65
9,47,Yes,4,2,45
3,80,No,8,8,60
2,52,Yes,8,2,30
9,95,No,5,6,91
4,58,No,6,0,40
3,67,Yes,5,1,46
1,71,Yes,6,0,45
2,93,No,8,4,69
4,42,Yes,7,2,23
9,71,Yes,8,9,69
8,47,No,6,2,40
4,53,No,6,8,35
9,95,No,6,0,92
3,68,No,9,0,49
7,81,No,6,8,71
5,97,No,6,4,82
6,57,Yes,8,6,46
2,42,No,8,8,21
2,77,No,5,7,53
4,48,No,6,8,31
6,79,Yes,4,2,68
5,82,Yes,4,7,70
4,47,Yes,7,0,30
6,88,Yes,7,6,77
7,68,No,6,9,60
2,40,No,5,1,16
5,60,No,8,4,45
2,48,Yes,6,7,25
7,95,No,7,2,87
9,81,No,6,8,76
5,61,Yes,6,1,45
7,48,Yes,6,3,38
9,47,Yes,4,0,43
9,81,Yes,7,9,78
2,75,Yes,8,2,53
8,83,Yes,4,0,74
3,76,Yes,7,4,56
1,69,No,8,5,45
6,64,No,6,3,53
2,80,No,9,2,58
7,48,No,8,9,42
1,41,No,7,3,13
6,43,No,5,5,30
6,53,Yes,4,4,40
8,52,No,4,1,43
8,63,No,9,0,58
6,71,No,9,8,62
1,96,No,8,0,71
8,92,No,5,5,85
5,70,No,5,3,56
3,51,No,5,7,31
2,64,Yes,6,9,41
6,86,Yes,4,2,74
4,90,Yes,8,3,73
1,47,Yes,9,3,24
8,82,Yes,9,6,78
2,45,Yes,6,3,20
7,82,Yes,9,7,75
4,92,No,4,8,75
9,77,No,7,0,73
6,76,No,6,4,66
3,41,Yes,6,1,21
3,74,No,9,5,54
7,85,Yes,7,5,77
7,92,Yes,8,0,84
3,87,No,9,5,68
9,46,Yes,4,4,41
8,61,No,4,6,54
4,71,Yes,8,9,55
3,98,Yes,8,3,80
5,66,No,5,3,51
6,99,Yes,8,5,90
3,83,No,5,5,61
5,90,Yes,5,9,76
2,81,Yes,5,9,60
2,48,No,9,9,26
9,73,No,7,0,68
1,48,Yes,6,9,22
2,54,No,5,7,31
5,47,No,8,4,34
6,97,No,7,0,86
8,58,No,9,6,54
1,81,No,5,2,55
8,47,No,7,7,40
8,57,Yes,6,0,51
9,74,No,9,9,73
7,67,No,9,9,61
5,85,Yes,6,1,70
4,86,No,6,9,69
8,93,No,5,8,87
1,90,No,7,5,64
1,64,No,8,5,38
5,96,Yes,5,7,81
5,42,Yes,6,3,27
9,89,Yes,5,3,86
4,99,No,4,9,82
3,74,Yes,9,6,55
4,58,Yes,4,5,39
7,90,Yes,7,5,80
8,82,No,8,3,77
1,85,No,9,6,62
7,47,No,5,3,38
9,46,Yes,8,3,42
7,40,Yes,6,4,32
9,64,No,9,7,63
1,72,Yes,4,1,44
1,44,No,9,1,17
4,44,No,5,6,26
9,56,Yes,7,4,53
7,92,No,9,9,87
7,97,No,8,4,88
5,47,No,8,1,35
6,73,Yes,7,9,62
5,79,No,8,0,63
9,40,Yes,5,0,37
3,68,No,6,7,48
3,75,No,4,2,55
7,76,Yes,6,8,69
6,68,No,4,5,55
3,44,No,6,3,22
5,71,Yes,4,6,57
2,91,Yes,7,1,68
6,63,No,9,8,51
8,58,No,8,1,50
1,51,No,8,7,25
7,73,Yes,6,8,65
2,46,No,4,0,21
3,42,Yes,5,6,21
8,77,No,7,6,71
9,89,No,6,3,85
4,89,Yes,6,2,72
7,93,Yes,5,4,86
9,44,No,4,0,40
7,69,No,7,1,60
4,65,No,4,7,46
3,93,Yes,6,5,75
2,86,No,6,2,64
6,60,Yes,7,6,48
9,43,No,4,6,38
8,40,No,8,3,34
4,56,No,6,6,40
6,90,Yes,5,2,80
9,98,No,8,5,97
5,73,No,8,6,62
9,84,Yes,6,2,82
6,45,No,4,2,32
7,46,No,7,4,36
2,52,Yes,4,1,28
2,90,Yes,7,0,67
6,56,Yes,7,1,44
6,76,Yes,9,6,67
2,95,No,6,8,72
1,93,Yes,5,3,67
4,63,Yes,8,5,47
9,92,No,7,0,90
4,84,Yes,6,4,66
1,62,Yes,5,0,35
8,42,No,8,8,38
3,54,Yes,6,6,34
6,88,Yes,6,4,76
7,97,Yes,5,9,89
7,45,No,4,6,33
8,62,No,5,1,56
9,83,Yes,6,8,83
3,84,No,8,3,66
4,93,Yes,6,9,76
9,84,No,8,5,81
7,42,Yes,6,8,34
1,42,Yes,5,8,16
9,99,Yes,8,1,94
1,54,Yes,5,1,27
7,47,No,7,6,39
8,92,No,5,0,87
9,92,No,8,6,91
6,57,No,4,0,44
7,69,Yes,8,8,61
6,42,No,7,8,29
9,45,Yes,4,9,42
7,77,Yes,7,4,70
1,82,Yes,4,4,54
1,57,Yes,6,6,32
5,95,No,6,4,81
3,66,Yes,6,9,46
2,79,Yes,4,5,56
5,68,Yes,6,2,54
2,94,No,4,5,71
6,85,Yes,4,0,69
5,66,Yes,5,4,50
6,72,Yes,5,1,59
4,72,No,6,4,56
5,83,No,6,5,70
7,40,Yes,7,9,30
5,89,Yes,7,1,75
8,73,No,9,7,69
9,64,Yes,6,3,58
3,54,Yes,6,6,34
1,82,Yes,9,6,60
8,89,No,8,7,85
1,94,Yes,6,4,69
9,98,Yes,9,3,96
6,89,No,7,7,78
9,91,Yes,5,3,88
5,49,Yes,4,5,33
6,60,Yes,9,3,48
9,54,No,8,1,51
9,95,Yes,5,0,93
6,44,No,9,0,30
6,64,Yes,4,3,51
6,95,Yes,8,4,86
2,61,Yes,9,0,41
7,64,Yes,7,0,56
1,48,No,4,0,19
9,66,Yes,5,3,63
3,58,No,5,8,38
3,77,No,8,6,59
4,54,Yes,6,8,37
2,84,Yes,4,8,62
7,44,No,6,7,35
2,63,Yes,5,0,39
2,94,Yes,8,0,72
5,98,No,6,1,81
8,67,Yes,4,3,61
8,51,Yes,4,6,46
6,77,Yes,8,9,67
1,83,Yes,9,0,59
7,99,No,8,7,93
3,84,No,9,3,66
2,75,No,9,9,53
1,45,No,9,6,20
8,77,No,8,5,74
2,98,No,8,7,77
1,46,No,4,7,20
4,95,No,5,6,76
4,62,No,7,4,44
8,91,Yes,4,6,87
9,54,No,9,3,51
7,57,No,5,2,49
5,59,Yes,6,8,46
1,85,No,9,6,62
8,88,No,7,2,82
4,71,No,5,5,55
2,93,No,7,4,69
2,60,Yes,8,7,39
1,96,No,9,5,71
3,88,No,9,0,68
9,69,Yes,4,4,65
9,93,Yes,8,3,91
5,98,No,8,5,85
6,64,No,9,9,53
7,77,No,8,3,68
8,91,No,9,5,87
9,96,No,7,0,92
9,96,No,7,8,94
6,54,Yes,8,1,43
7,91,No,9,3,84
2,83,Yes,6,2,60
9,74,Yes,8,2,71
4,91,No,4,9,73
4,40,Yes,6,7,24
5,73,No,6,0,58
3,52,Yes,5,7,35
8,97,Yes,5,2,91
5,48,No,8,8,35
2,89,Yes,9,4,68
1,49,No,7,3,24
4,95,Yes,6,4,76
2,87,No,6,9,65
1,48,No,8,2,23
7,92,Yes,4,0,83
1,42,No,4,7,14
2,69,No,8,8,48
1,83,No,7,4,58
1,49,Yes,9,9,25
4,57,No,4,3,38
9,85,Yes,4,0,80
9,57,Yes,7,2,54
2,73,Yes,5,6,51
2,62,No,5,1,38
2,92,No,8,5,70
5,40,No,6,5,26
8,77,No,8,9,71
5,78,Yes,4,1,63
5,46,Yes,7,8,33
2,57,No,6,1,32
9,43,No,4,7,38
4,91,No,6,7,75
6,48,Yes,6,6,36
7,47,Yes,9,6,41
8,57,No,6,1,48
8,81,No,4,5,74
6,85,Yes,7,0,72
3,65,No,5,8,45
9,79,No,9,2,78
2,61,No,5,6,38
3,83,Yes,4,8,64
5,86,Yes,7,6,73
2,60,No,4,3,35
8,87,Yes,9,1,84
5,65,Yes,6,5,52
1,75,Yes,8,2,51
3,54,No,7,6,34
8,99,Yes,6,3,92
6,70,Yes,7,3,59
1,86,Yes,7,3,64
4,73,No,4,8,57
1,41,No,4,3,15
3,81,No,6,3,60
5,69,No,8,1,54
5,47,No,4,7,30
4,91,Yes,4,3,74
3,46,No,7,4,24
5,51,No,7,7,38
4,97,No,6,3,78
8,58,Yes,7,4,54
8,67,Yes,9,5,62
5,53,No,9,2,39
4,53,Yes,9,8,38
3,45,Yes,7,4,23
2,53,No,4,4,28
9,52,Yes,5,4,48
1,66,Yes,6,3,40
1,74,Yes,8,0,49
2,41,No,9,5,19
3,87,No,6,3,66
9,40,No,4,0,35
6,77,No,7,0,66
4,90,No,5,9,71
8,84,No,9,5,80
9,63,No,9,7,62
7,49,No,6,0,39
3,74,Yes,8,7,56
6,46,No,5,3,34
2,74,No,6,2,50
7,56,Yes,7,8,48
5,54,No,9,4,41
8,51,No,7,8,47
3,62,Yes,6,6,42
7,65,Yes,4,8,58
9,44,Yes,5,6,41
7,70,No,4,8,62
7,93,No,6,8,85
5,45,Yes,7,4,32
6,84,Yes,9,2,75
4,47,Yes,9,9,31
7,87,Yes,4,7,78
9,96,Yes,7,4,94
5,54,No,5,3,39
9,43,Yes,8,6,41
9,76,Yes,4,0,73
3,49,No,6,0,26
9,45,Yes,7,4,43
3,43,Yes,8,4,23
9,93,Yes,5,2,90
6,95,No,5,6,85
2,79,Yes,7,9,56
8,65,No,8,3,58
1,81,No,6,6,55
8,52,No,5,0,44
1,61,Yes,7,9,37
2,88,No,5,1,62
6,44,Yes,5,1,30
9,77,Yes,7,5,75
2,50,No,4,1,27
4,77,Yes,8,6,61
8,83,Yes,4,2,74
7,64,Yes,8,0,56
8,91,No,8,4,86
6,54,Yes,6,6,42
3,56,No,9,7,38
1,42,No,9,2,15
7,91,Yes,4,9,84
2,77,Yes,5,0,53
8,40,No,7,0,32
6,46,Yes,4,1,35
7,65,Yes,6,3,57
6,78,Yes,6,3,68
3,94,No,9,0,75
9,66,No,4,2,61
5,87,Yes,7,0,72
4,49,Yes,6,1,30
6,58,Yes,9,9,49
2,55,No,8,1,31
6,67,No,5,5,55
2,60,Yes,6,5,38
7,47,No,6,7,39
9,49,No,9,4,47
8,49,No,4,0,42
5,72,No,5,7,57
8,95,Yes,6,2,90
3,92,No,4,4,72
6,63,Yes,9,6,51
7,75,Yes,5,1,66
5,70,Yes,4,6,57
8,56,No,9,4,51
9,98,Yes,8,9,97
7,87,Yes,8,2,80
9,47,Yes,9,8,46
6,71,Yes,4,7,60
9,86,Yes,6,9,85
5,77,Yes,5,8,64
9,93,Yes,8,6,93
1,51,Yes,5,2,24
7,67,No,5,2,57
9,94,No,9,5,92
9,95,No,5,1,91
6,96,No,6,3,82
8,42,No,8,4,38
4,58,Yes,4,7,40
5,49,No,6,6,33
8,69,No,5,7,63
4,99,No,5,3,82
4,63,Yes,9,1,46
8,65,No,4,8,60
6,75,Yes,4,0,61
6,99,Yes,8,7,92
6,87,Yes,6,6,75
1,63,Yes,8,3,37
5,54,Yes,5,1,37
9,90,Yes,9,8,90
9,40,No,5,7,34
1,61,Yes,9,3,36
8,90,Yes,7,5,86
1,79,Yes,4,3,52
8,94,No,7,4,86
3,88,No,9,8,70
3,94,Yes,7,5,75
8,60,No,4,6,52
4,77,Yes,7,5,60
2,61,Yes,5,3,37
4,93,Yes,8,8,77
6,82,Yes,9,3,72
6,41,No,4,1,25
5,96,No,7,0,82
7,57,No,7,7,50
4,87,No,8,5,69
6,64,Yes,7,4,53
5,98,Yes,6,3,83
4,61,Yes,7,1,44
9,54,No,5,3,48
4,84,Yes,9,2,67
8,95,Yes,8,9,91
9,80,No,9,2,79
8,45,Yes,6,1,39
7,50,No,6,9,41
3,77,No,8,4,59
9,47,Yes,9,1,47
3,83,No,8,4,64
6,97,Yes,5,9,88
6,42,No,8,1,28
2,52,No,6,0,27
2,88,No,5,4,65
1,55,No,6,2,27
6,52,No,4,1,38
9,98,Yes,8,1,95
7,56,No,9,5,48
6,70,Yes,4,4,58
6,54,Yes,4,1,41
4,59,Yes,4,7,40
1,76,Yes,9,7,54
4,43,Yes,6,3,24
8,87,No,5,8,82
4,87,No,5,0,68
3,84,Yes,9,4,67
8,41,No,8,5,34
2,57,No,9,6,35
1,88,No,9,8,64
3,47,Yes,4,5,26
3,41,No,9,6,23
1,68,No,5,9,41
4,66,Yes,5,4,48
2,73,No,4,0,49
7,56,Yes,9,4,48
1,62,No,6,6,38
3,72,Yes,5,2,51
1,51,No,7,3,24
6,78,Yes,7,3,68
9,54,Yes,8,6,53
3,40,No,6,1,18
4,83,Yes,4,6,66
2,96,No,7,5,74
1,73,No,5,6,48
7,56,Yes,6,5,46
8,99,Yes,6,1,92
8,85,No,5,1,78
8,40,No,7,3,33
1,96,Yes,4,2,70
1,80,Yes,7,0,54
9,90,No,6,9,89
6,86,Yes,6,1,74
2,52,No,6,0,27
1,98,Yes,9,6,73
5,92,No,5,9,78
7,49,No,5,4,37
2,41,Yes,7,4,17
3,49,Yes,4,0,26
3,79,No,9,3,61
8,64,Yes,6,1,56
2,47,Yes,6,3,26
2,60,Yes,8,0,34
8,61,Yes,8,7,57
7,84,No,7,9,76
5,66,Yes,5,4,50
5,81,No,8,0,65
9,96,Yes,8,9,95
3,47,No,4,2,25
4,95,Yes,5,6,77
1,57,No,4,6,32
4,81,Yes,9,8,64
3,92,No,5,0,71
3,71,No,5,3,50
8,67,No,9,4,61
3,94,Yes,5,4,75
7,71,Yes,8,8,64
8,79,Yes,6,0,72
9,47,No,8,8,46
6,74,No,7,6,62
8,60,Yes,7,1,52
1,86,Yes,6,1,60
3,73,No,9,9,53
6,55,No,4,6,42
9,43,No,7,9,41
9,73,Yes,6,5,69
9,85,No,8,7,82
8,50,Yes,5,6,46
2,52,No,8,4,31
2,64,No,5,4,39
6,57,No,7,5,45
2,89,Yes,4,0,66
9,69,No,9,9,67
7,85,Yes,9,7,80
9,93,Yes,4,4,91
6,48,Yes,8,1,37
9,89,No,7,6,85
8,80,No,5,1,74
8,92,Yes,5,5,86
3,64,No,9,9,45
8,79,No,8,5,76
2,42,No,6,1,17
3,43,Yes,6,7,24
5,71,No,4,4,56
7,73,Yes,5,9,64
6,66,No,5,8,56
9,93,Yes,4,4,91
2,78,Yes,5,3,57
5,77,Yes,4,5,62
6,57,No,8,4,47
1,75,No,7,6,49
9,60,Yes,9,7,60
2,69,No,9,0,46
6,73,Yes,9,6,64
8,47,No,5,8,41
5,67,No,8,9,53
7,55,No,5,3,43
1,87,No,8,2,60
8,75,No,7,6,69
5,52,Yes,5,1,36
7,75,No,6,7,67
8,64,No,6,8,60
7,92,No,8,3,85
3,56,Yes,4,8,35
3,97,Yes,7,2,76
1,69,Yes,8,6,46
5,97,No,7,2,82
5,82,No,8,3,68
8,76,No,6,0,69
4,42,Yes,7,2,23
5,76,No,9,3,64
5,57,Yes,4,5,41
7,72,Yes,8,6,64
6,54,Yes,5,6,42
3,94,No,9,4,75
8,71,Yes,5,9,67
8,58,Yes,9,1,51
1,95,Yes,8,1,69
3,59,No,7,7,41
9,92,No,7,6,91
5,50,No,9,7,37
8,95,Yes,4,6,89
2,50,No,6,2,26
9,83,Yes,6,3,81
9,55,Yes,6,1,52
2,94,Yes,5,0,72
1,66,Yes,8,0,43
9,55,Yes,7,4,52
6,98,Yes,6,4,87
6,98,No,7,7,90
2,99,No,4,9,78
7,91,No,7,0,80
2,85,No,8,6,65
6,73,No,9,3,64
9,53,Yes,6,9,50
1,59,Yes,5,4,33
3,80,No,4,1,58
2,77,No,7,8,55
8,42,Yes,6,8,37
3,80,No,4,2,58
5,93,Yes,8,6,79
1,74,Yes,7,0,49
6,68,No,5,5,56
5,56,Yes,4,2,40
5,54,No,6,3,39
9,60,No,5,4,56
2,90,No,9,0,68
2,67,Yes,6,9,44
3,60,Yes,5,1,38
9,99,No,8,0,94
4,91,No,9,9,76
4,78,Yes,7,3,61
6,81,Yes,4,7,69
5,75,No,7,6,61
3,65,No,5,0,43
9,65,No,5,1,61
3,63,Yes,4,9,42
3,51,Yes,4,1,29
2,47,No,9,1,26
7,93,Yes,6,1,85
4,48,No,7,4,32
3,87,Yes,8,3,69
2,63,No,4,3,38
9,55,Yes,6,3,52
7,49,Yes,6,5,39
2,44,No,9,5,21
7,54,Yes,5,3,41
8,59,Yes,5,7,53
2,41,Yes,8,3,17
6,55,Yes,9,2,44
9,73,No,6,1,68
6,63,Yes,4,8,49
1,67,Yes,4,7,43
6,76,Yes,4,6,66
2,88,Yes,4,8,66
3,75,Yes,6,1,56
6,68,Yes,6,4,57
9,87,No,4,1,84
3,70,Yes,5,2,49
3,46,Yes,4,6,26
8,81,No,7,9,75
7,49,Yes,6,4,39
6,73,No,7,4,59
7,48,Yes,9,8,42
1,76,Yes,7,1,51
9,92,Yes,5,3,89
7,42,Yes,5,3,32
6,53,Yes,5,7,40
7,89,Yes,9,2,82
1,97,No,5,4,69
2,67,No,8,7,45
1,48,No,7,2,22
4,90,Yes,4,8,73
6,73,Yes,8,1,64
1,58,Yes,6,3,33
3,57,No,7,6,36
1,63,No,9,1,38
7,47,No,7,1,39
7,67,No,9,1,56
8,45,Yes,7,5,40
4,88,No,9,0,71
7,44,No,5,4,34
7,54,No,5,9,45
3,54,No,8,3,36
3,67,No,7,9,47
3,62,No,4,4,41
4,48,No,7,0,31
8,69,No,4,6,63
9,55,Yes,4,2,51
3,40,No,7,6,20
9,98,Yes,9,1,95
9,57,No,5,0,53
9,97,Yes,9,1,94
7,88,No,8,2,80
2,84,Yes,8,6,64
4,60,Yes,4,8,41
8,85,No,5,8,80
2,85,No,7,7,63
7,64,Yes,4,7,55
3,85,No,8,0,64
4,56,Yes,5,0,40
3,85,No,8,0,64
5,84,Yes,5,9,70
4,93,Yes,7,1,75
8,43,No,5,5,34
6,86,Yes,4,4,76
9,63,Yes,8,7,61
2,62,No,8,9,40
8,70,No,8,5,64
7,52,No,8,1,43
3,46,Yes,9,9,29
1,83,Yes,6,9,61
9,67,Yes,6,7,65
9,57,No,8,3,54
5,40,Yes,4,5,25
6,89,Yes,7,8,79
5,90,No,5,1,76
7,72,No,4,3,62
1,92,No,8,0,68
6,44,No,6,7,32
9,79,No,6,5,77
9,52,No,9,5,51
7,81,Yes,8,7,74
4,82,Yes,8,8,66
3,56,Yes,7,9,36
7,74,No,9,1,66
3,74,Yes,4,1,52
2,57,Yes,7,1,34
6,89,Yes,7,0,79
1,85,Yes,5,2,59
6,66,Yes,4,4,54
9,40,No,5,8,35
2,60,No,4,5,35
5,88,No,6,9,75
4,64,No,9,1,46
9,96,No,8,3,94
4,41,Yes,8,7,24
2,87,No,9,5,64
5,99,Yes,9,3,88
6,93,Yes,8,2,82
5,53,Yes,6,3,38
4,89,No,7,8,74
9,41,Yes,6,2,38
6,73,Yes,6,2,61
3,74,No,7,3,54
6,93,No,6,7,84
8,54,Yes,5,9,50
9,51,No,9,0,47
3,92,No,7,9,74
2,77,Yes,8,6,56
4,81,Yes,7,0,61
2,42,No,9,2,19
1,69,Yes,5,1,42
6,55,No,5,1,42
3,97,Yes,9,0,78
1,67,Yes,7,7,42
3,84,Yes,5,3,63
7,57,Yes,5,1,48
6,69,Yes,6,5,59
3,41,No,8,7,20
5,99,Yes,7,4,86
7,93,Yes,7,8,86
6,94,Yes,9,2,84
2,62,No,4,9,40
6,80,No,8,4,69
8,85,No,6,0,78
3,81,No,9,9,63
5,66,No,7,5,50
8,74,Yes,8,1,67
5,46,No,5,9,30
3,97,Yes,6,0,76
6,90,Yes,6,8,81
5,50,No,5,5,32
5,49,No,7,5,34
6,60,No,6,1,48
3,98,No,8,1,79
5,75,No,8,7,62
3,68,Yes,5,3,46
4,49,No,4,6,31
4,94,No,5,1,75
4,79,No,5,6,63
8,52,Yes,6,9,48
3,61,No,8,6,42
4,77,No,7,1,59
7,84,No,7,0,75
1,97,Yes,9,8,72
2,61,Yes,5,1,38
2,70,Yes,4,1,50
5,47,No,4,9,31
4,44,Yes,6,7,27
2,81,No,4,7,59
2,59,No,8,3,35
9,68,Yes,4,8,65
5,66,No,6,5,51
1,64,Yes,6,3,39
3,73,Yes,5,9,51
3,72,No,7,9,52
2,50,Yes,7,5,27
3,97,No,4,5,76
7,57,No,8,2,49
3,86,Yes,4,8,68
7,80,Yes,9,9,75
7,98,No,4,4,86
9,68,Yes,7,7,66
5,68,No,9,6,55
5,99,Yes,6,4,84
3,65,Yes,4,0,44
8,58,Yes,5,3,53
6,41,Yes,9,1,31
5,40,Yes,8,5,27
2,66,No,9,5,44
4,93,No,4,9,77
8,84,No,9,2,79
1,91,Yes,9,5,67
9,80,Yes,5,4,77
6,56,Yes,8,9,46
4,70,No,8,7,55
1,61,Yes,7,7,36
9,92,Yes,4,5,89
4,67,No,9,3,49
9,77,Yes,9,8,76
3,82,Yes,5,1,61
7,64,Yes,4,7,55
8,75,No,4,1,69
7,98,Yes,7,5,89
3,50,No,7,8,30
8,69,No,9,5,62
4,53,Yes,9,1,36
5,88,No,5,8,73
5,92,Yes,7,8,79
6,72,Yes,4,2,59
1,80,No,5,4,54
4,58,Yes,9,9,41
9,95,No,5,7,91
4,64,Yes,8,9,48
8,65,No,4,8,60
5,72,Yes,8,7,58
9,43,No,6,5,41
8,90,Yes,6,8,84
5,44,Yes,9,1,30
1,61,Yes,4,1,33
8,57,Yes,7,6,52
3,90,Yes,8,2,70
8,86,Yes,5,8,81
8,53,Yes,4,5,47
8,63,No,5,6,57
1,60,No,6,1,33
6,64,Yes,6,8,54
1,58,Yes,8,8,34
2,46,Yes,7,9,24
4,86,Yes,7,2,69
8,47,No,5,0,39
1,40,No,9,6,16
5,54,No,8,7,41
8,65,No,7,3,58
2,97,No,5,8,74
1,79,No,4,1,52
9,97,No,6,9,93
3,72,Yes,8,6,56
6,62,Yes,8,0,49
1,52,Yes,6,3,25
5,96,No,7,5,82
3,84,No,9,7,65
2,86,Yes,7,7,64
7,77,No,5,9,69
5,80,Yes,6,7,66
9,81,Yes,5,1,76
2,48,No,7,7,25
3,62,No,6,2,41
5,65,No,4,9,50
6,69,No,9,5,58
8,85,No,9,7,81
5,58,No,9,5,44
5,65,No,9,6,53
3,81,Yes,9,3,61
1,62,Yes,8,6,39
5,88,No,4,4,72
5,67,Yes,5,0,51
4,40,Yes,7,5,24
6,77,Yes,6,6,67
4,48,No,8,2,32
7,99,Yes,6,2,90
1,44,No,8,7,18
5,98,No,6,6,82
9,64,No,5,5,60
5,81,No,5,7,67
8,97,No,6,0,91
4,64,Yes,7,2,47
4,48,Yes,5,8,31
5,54,Yes,5,9,39
9,84,No,4,3,80
4,59,Yes,4,4,40
6,47,Yes,6,4,34
5,96,Yes,6,8,80
9,84,No,9,9,85
4,72,No,6,7,55
2,72,No,8,2,50
4,85,Yes,6,8,69
2,95,Yes,5,7,73
5,93,No,8,5,79
4,91,Yes,4,3,74
8,46,No,9,2,41
8,93,No,8,3,88
6,79,No,9,6,70
9,60,No,7,4,58
5,56,No,8,5,42
1,86,No,6,6,61
9,57,No,6,3,52
2,63,Yes,6,9,41
9,63,Yes,4,9,58
7,86,Yes,8,6,80
8,58,Yes,6,7,52
6,81,No,7,3,68
6,99,Yes,5,2,87
9,44,Yes,4,4,39
8,56,No,5,4,50
5,89,No,7,0,76
7,78,No,6,5,69
2,85,Yes,8,5,65
7,47,No,7,9,38
2,40,No,9,8,18
6,41,No,9,3,30
8,43,No,5,9,37
6,87,Yes,5,3,73
7,42,Yes,9,8,36
3,45,Yes,9,2,24
3,60,Yes,8,1,39
5,99,Yes,9,3,88
4,67,No,6,8,49
3,93,No,5,6,75
4,77,No,4,5,59
6,82,No,5,9,70
6,75,No,4,6,63
6,79,No,5,1,66
9,78,Yes,4,1,73
1,65,No,8,1,37
6,64,Yes,4,4,50
5,56,No,8,0,43
8,76,Yes,5,1,70
2,61,Yes,7,7,41
3,61,No,6,1,42
7,53,Yes,5,1,42
4,65,Yes,8,7,48
5,61,Yes,9,4,48
1,69,No,8,8,43
3,55,No,5,7,36
9,77,No,4,0,71
8,45,Yes,4,0,37
8,43,Yes,7,0,35
8,45,Yes,7,5,40
9,65,No,7,4,62
8,50,No,7,9,45
3,80,No,6,1,60
1,48,No,8,3,23
5,90,Yes,4,8,74
1,57,Yes,6,1,33
5,56,Yes,7,6,45
6,40,No,5,2,25
5,76,No,5,2,63
9,87,Yes,5,9,86
8,95,No,9,6,92
4,95,Yes,5,8,76
1,65,No,9,0,37
3,96,No,8,7,76
8,96,Yes,4,1,90
4,69,Yes,4,1,52
6,49,No,5,5,37
9,78,No,7,1,75
8,46,Yes,7,7,41
7,74,Yes,5,7,66
5,59,Yes,8,9,47
6,65,Yes,4,1,51
6,65,Yes,6,5,53
8,82,Yes,6,5,77
7,74,No,9,2,67
6,74,No,6,6,62
8,72,Yes,7,2,66
3,72,Yes,4,1,50
5,51,Yes,5,1,36
4,65,Yes,7,7,47
2,53,Yes,5,9,30
9,89,No,9,3,87
4,98,Yes,9,7,83
2,85,No,6,3,63
5,82,No,9,5,71
3,85,No,7,6,65
2,98,No,7,1,74
2,94,Yes,8,9,71
5,74,No,9,4,62
1,98,Yes,9,3,73
9,78,No,8,9,77
9,88,No,8,2,86
4,80,Yes,9,1,62
4,77,No,9,2,61
9,70,No,9,9,68
2,98,No,7,9,76
8,87,Yes,4,9,83
1,48,Yes,8,5,24
3,46,No,5,8,25
9,52,No,9,7,52
1,49,Yes,4,2,21
